Datetime,Month,Day,Weekday,Hour,Distance_km
2025-01-01 00:00:00,1,1,수요일,0,0.8628337166283367
2025-01-01 01:00:00,1,1,수요일,1,0.5599240075992399
2025-01-01 02:00:00,1,1,수요일,2,0.48649135086491335
2025-01-01 03:00:00,1,1,수요일,3,0.40387961203879597
2025-01-01 04:00:00,1,1,수요일,4,0.5323867613238674
2025-01-01 05:00:00,1,1,수요일,5,0.9362663733626634
2025-01-01 06:00:00,1,1,수요일,6,1.560443955604439
2025-01-01 07:00:00,1,1,수요일,7,2.202979702029796
2025-01-01 08:00:00,1,1,수요일,8,2.4416358364163577
2025-01-01 09:00:00,1,1,수요일,9,2.0928307169283062
2025-01-01 10:00:00,1,1,수요일,10,1.7440255974402552
2025-01-01 11:00:00,1,1,수요일,11,1.8266373362663726
2025-01-01 12:00:00,1,1,수요일,12,1.927607239276072
2025-01-01 13:00:00,1,1,수요일,13,1.854174582541745
2025-01-01 14:00:00,1,1,수요일,14,1.90924907509249
2025-01-01 15:00:00,1,1,수요일,15,2.0928307169283062
2025-01-01 16:00:00,1,1,수요일,16,2.276412358764123
2025-01-01 17:00:00,1,1,수요일,17,2.4967103289671027
2025-01-01 18:00:00,1,1,수요일,18,2.331486851314868
2025-01-01 19:00:00,1,1,수요일,19,1.9826817318268168
2025-01-01 20:00:00,1,1,수요일,20,1.661413858614138
2025-01-01 21:00:00,1,1,수요일,21,1.367683231676832
2025-01-01 22:00:00,1,1,수요일,22,1.156564343565643
2025-01-01 23:00:00,1,1,수요일,23,1.0188781121887809
2025-01-02 00:00:00,1,2,목요일,0,0.8712928707129284
2025-01-02 01:00:00,1,2,목요일,1,0.5654134586541344
2025-01-02 02:00:00,1,2,목요일,2,0.49126087391260864
2025-01-02 03:00:00,1,2,목요일,3,0.4078392160783921
2025-01-02 04:00:00,1,2,목요일,4,0.5376062393760622
2025-01-02 05:00:00,1,2,목요일,5,0.9454454554544544
2025-01-02 06:00:00,1,2,목요일,6,1.5757424257574237
2025-01-02 07:00:00,1,2,목요일,7,2.2245775422457745
2025-01-02 08:00:00,1,2,목요일,8,2.465573442655734
2025-01-02 09:00:00,1,2,목요일,9,2.113348665133486
2025-01-02 10:00:00,1,2,목요일,10,1.7611238876112383
2025-01-02 11:00:00,1,2,목요일,11,1.844545545445455
2025-01-02 12:00:00,1,2,목요일,12,1.946505349465053
2025-01-02 13:00:00,1,2,목요일,13,1.872352764723527
2025-01-02 14:00:00,1,2,목요일,14,1.9279672032796715
2025-01-02 15:00:00,1,2,목요일,15,2.113348665133486
2025-01-02 16:00:00,1,2,목요일,16,2.2987301269873006
2025-01-02 17:00:00,1,2,목요일,17,2.5211878812118784
2025-01-02 18:00:00,1,2,목요일,18,2.354344565543445
2025-01-02 19:00:00,1,2,목요일,19,2.0021197880211976
2025-01-02 20:00:00,1,2,목요일,20,1.6777022297770219
2025-01-02 21:00:00,1,2,목요일,21,1.3810918908109187
2025-01-02 22:00:00,1,2,목요일,22,1.1679032096790318
2025-01-02 23:00:00,1,2,목요일,23,1.0288671132886709
2025-01-03 00:00:00,1,3,금요일,0,0.9135886411358862
2025-01-03 01:00:00,1,3,금요일,1,0.5928607139286071
2025-01-03 02:00:00,1,3,금요일,2,0.5151084891510849
2025-01-03 03:00:00,1,3,금요일,3,0.4276372362763723
2025-01-03 04:00:00,1,3,금요일,4,0.5637036296370361
2025-01-03 05:00:00,1,3,금요일,5,0.9913408659134085
2025-01-03 06:00:00,1,3,금요일,6,1.6522347765223475
2025-01-03 07:00:00,1,3,금요일,7,2.3325667433256667
2025-01-03 08:00:00,1,3,금요일,8,2.5852614738526145
2025-01-03 09:00:00,1,3,금요일,9,2.2159384061593834
2025-01-03 10:00:00,1,3,금요일,10,1.8466153384661528
2025-01-03 11:00:00,1,3,금요일,11,1.9340865913408654
2025-01-03 12:00:00,1,3,금요일,12,2.0409959004099587
2025-01-03 13:00:00,1,3,금요일,13,1.9632436756324363
2025-01-03 14:00:00,1,3,금요일,14,2.021557844215578
2025-01-03 15:00:00,1,3,금요일,15,2.2159384061593834
2025-01-03 16:00:00,1,3,금요일,16,2.4103189681031894
2025-01-03 17:00:00,1,3,금요일,17,2.6435756424357564
2025-01-03 18:00:00,1,3,금요일,18,2.468633136686331
2025-01-03 19:00:00,1,3,금요일,19,2.0993100689931006
2025-01-03 20:00:00,1,3,금요일,20,1.7591440855914406
2025-01-03 21:00:00,1,3,금요일,21,1.4481351864813516
2025-01-03 22:00:00,1,3,금요일,22,1.2245975402459752
2025-01-03 23:00:00,1,3,금요일,23,1.0788121187881212
2025-01-04 00:00:00,1,4,토요일,0,0.7190280971902806
2025-01-04 01:00:00,1,4,토요일,1,0.46660333966603323
2025-01-04 02:00:00,1,4,토요일,2,0.4054094590540945
2025-01-04 03:00:00,1,4,토요일,3,0.3365663433656633
2025-01-04 04:00:00,1,4,토요일,4,0.44365563443655615
2025-01-04 05:00:00,1,4,토요일,5,0.7802219778022195
2025-01-04 06:00:00,1,4,토요일,6,1.3003699630036991
2025-01-04 07:00:00,1,4,토요일,7,1.8358164183581633
2025-01-04 08:00:00,1,4,토요일,8,2.034696530346965
2025-01-04 09:00:00,1,4,토요일,9,1.7440255974402552
2025-01-04 10:00:00,1,4,토요일,10,1.453354664533546
2025-01-04 11:00:00,1,4,토요일,11,1.522197780221977
2025-01-04 12:00:00,1,4,토요일,12,1.6063393660633931
2025-01-04 13:00:00,1,4,토요일,13,1.5451454854514541
2025-01-04 14:00:00,1,4,토요일,14,1.5910408959104083
2025-01-04 15:00:00,1,4,토요일,15,1.7440255974402552
2025-01-04 16:00:00,1,4,토요일,16,1.8970102989701023
2025-01-04 17:00:00,1,4,토요일,17,2.080591940805919
2025-01-04 18:00:00,1,4,토요일,18,1.9429057094290565
2025-01-04 19:00:00,1,4,토요일,19,1.6522347765223473
2025-01-04 20:00:00,1,4,토요일,20,1.384511548845115
2025-01-04 21:00:00,1,4,토요일,21,1.13973602639736
2025-01-04 22:00:00,1,4,토요일,22,0.9638036196380358
2025-01-04 23:00:00,1,4,토요일,23,0.8490650934906507
2025-01-05 00:00:00,1,5,일요일,0,0.6344365563443654
2025-01-05 01:00:00,1,5,일요일,1,0.4117088291170882
2025-01-05 02:00:00,1,5,일요일,2,0.35771422857714225
2025-01-05 03:00:00,1,5,일요일,3,0.296970302969703
2025-01-05 04:00:00,1,5,일요일,4,0.39146085391460844
2025-01-05 05:00:00,1,5,일요일,5,0.6884311568843114
2025-01-05 06:00:00,1,5,일요일,6,1.1473852614738524
2025-01-05 07:00:00,1,5,일요일,7,1.6198380161983796
2025-01-05 08:00:00,1,5,일요일,8,1.7953204679532044
2025-01-05 09:00:00,1,5,일요일,9,1.5388461153884607
2025-01-05 10:00:00,1,5,일요일,10,1.2823717628237172
2025-01-05 11:00:00,1,5,일요일,11,1.3431156884311566
2025-01-05 12:00:00,1,5,일요일,12,1.4173582641735825
2025-01-05 13:00:00,1,5,일요일,13,1.3633636636336364
2025-01-05 14:00:00,1,5,일요일,14,1.4038596140385957
2025-01-05 15:00:00,1,5,일요일,15,1.5388461153884607
2025-01-05 16:00:00,1,5,일요일,16,1.673832616738326
2025-01-05 17:00:00,1,5,일요일,17,1.835816418358164
2025-01-05 18:00:00,1,5,일요일,18,1.7143285671432855
2025-01-05 19:00:00,1,5,일요일,19,1.457854214578542
2025-01-05 20:00:00,1,5,일요일,20,1.221627837216278
2025-01-05 21:00:00,1,5,일요일,21,1.0056494350564942
2025-01-05 22:00:00,1,5,일요일,22,0.8504149585041494
2025-01-05 23:00:00,1,5,일요일,23,0.7491750824917508
2025-01-06 00:00:00,1,6,월요일,0,0.8882111788821114
2025-01-06 01:00:00,1,6,월요일,1,0.5763923607639234
2025-01-06 02:00:00,1,6,월요일,2,0.5007999200079991
2025-01-06 03:00:00,1,6,월요일,3,0.4157584241575841
2025-01-06 04:00:00,1,6,월요일,4,0.5480451954804518
2025-01-06 05:00:00,1,6,월요일,5,0.963803619638036
2025-01-06 06:00:00,1,6,월요일,6,1.6063393660633931
2025-01-06 07:00:00,1,6,월요일,7,2.2677732226777314
2025-01-06 08:00:00,1,6,월요일,8,2.513448655134486
2025-01-06 09:00:00,1,6,월요일,9,2.1543845615438446
2025-01-06 10:00:00,1,6,월요일,10,1.795320467953204
2025-01-06 11:00:00,1,6,월요일,11,1.880361963803619
2025-01-06 12:00:00,1,6,월요일,12,1.9843015698430153
2025-01-06 13:00:00,1,6,월요일,13,1.9087091290870908
2025-01-06 14:00:00,1,6,월요일,14,1.965403459654034
2025-01-06 15:00:00,1,6,월요일,15,2.1543845615438446
2025-01-06 16:00:00,1,6,월요일,16,2.343365663433656
2025-01-06 17:00:00,1,6,월요일,17,2.5701429857014295
2025-01-06 18:00:00,1,6,월요일,18,2.4000599940005993
2025-01-06 19:00:00,1,6,월요일,19,2.0409959004099587
2025-01-06 20:00:00,1,6,월요일,20,1.7102789721027893
2025-01-06 21:00:00,1,6,월요일,21,1.407909209079092
2025-01-06 22:00:00,1,6,월요일,22,1.190580941905809
2025-01-06 23:00:00,1,6,월요일,23,1.048845115488451
2025-01-07 00:00:00,1,7,화요일,0,0.8459154084591538
2025-01-07 01:00:00,1,7,화요일,1,0.548945105489451
2025-01-07 02:00:00,1,7,화요일,2,0.476952304769523
2025-01-07 03:00:00,1,7,화요일,3,0.39596040395960397
2025-01-07 04:00:00,1,7,화요일,4,0.5219478052194779
2025-01-07 05:00:00,1,7,화요일,5,0.917908209179082
2025-01-07 06:00:00,1,7,화요일,6,1.5298470152984698
2025-01-07 07:00:00,1,7,화요일,7,2.1597840215978397
2025-01-07 08:00:00,1,7,화요일,8,2.393760623937606
2025-01-07 09:00:00,1,7,화요일,9,2.0517948205179475
2025-01-07 10:00:00,1,7,화요일,10,1.7098290170982897
2025-01-07 11:00:00,1,7,화요일,11,1.7908209179082086
2025-01-07 12:00:00,1,7,화요일,12,1.8898110188981099
2025-01-07 13:00:00,1,7,화요일,13,1.8178182181781817
2025-01-07 14:00:00,1,7,화요일,14,1.8718128187181278
2025-01-07 15:00:00,1,7,화요일,15,2.0517948205179475
2025-01-07 16:00:00,1,7,화요일,16,2.231776822317768
2025-01-07 17:00:00,1,7,화요일,17,2.447755224477552
2025-01-07 18:00:00,1,7,화요일,18,2.2857714228577137
2025-01-07 19:00:00,1,7,화요일,19,1.943805619438056
2025-01-07 20:00:00,1,7,화요일,20,1.6288371162883708
2025-01-07 21:00:00,1,7,화요일,21,1.340865913408659
2025-01-07 22:00:00,1,7,화요일,22,1.133886611338866
2025-01-07 23:00:00,1,7,화요일,23,0.998900109989001
2025-01-08 00:00:00,1,8,수요일,0,0.8628337166283367
2025-01-08 01:00:00,1,8,수요일,1,0.5599240075992399
2025-01-08 02:00:00,1,8,수요일,2,0.48649135086491335
2025-01-08 03:00:00,1,8,수요일,3,0.40387961203879597
2025-01-08 04:00:00,1,8,수요일,4,0.5323867613238674
2025-01-08 05:00:00,1,8,수요일,5,0.9362663733626634
2025-01-08 06:00:00,1,8,수요일,6,1.560443955604439
2025-01-08 07:00:00,1,8,수요일,7,2.202979702029796
2025-01-08 08:00:00,1,8,수요일,8,2.4416358364163577
2025-01-08 09:00:00,1,8,수요일,9,2.0928307169283062
2025-01-08 10:00:00,1,8,수요일,10,1.7440255974402552
2025-01-08 11:00:00,1,8,수요일,11,1.8266373362663726
2025-01-08 12:00:00,1,8,수요일,12,1.927607239276072
2025-01-08 13:00:00,1,8,수요일,13,1.854174582541745
2025-01-08 14:00:00,1,8,수요일,14,1.90924907509249
2025-01-08 15:00:00,1,8,수요일,15,2.0928307169283062
2025-01-08 16:00:00,1,8,수요일,16,2.276412358764123
2025-01-08 17:00:00,1,8,수요일,17,2.4967103289671027
2025-01-08 18:00:00,1,8,수요일,18,2.331486851314868
2025-01-08 19:00:00,1,8,수요일,19,1.9826817318268168
2025-01-08 20:00:00,1,8,수요일,20,1.661413858614138
2025-01-08 21:00:00,1,8,수요일,21,1.367683231676832
2025-01-08 22:00:00,1,8,수요일,22,1.156564343565643
2025-01-08 23:00:00,1,8,수요일,23,1.0188781121887809
2025-01-09 00:00:00,1,9,목요일,0,0.8712928707129284
2025-01-09 01:00:00,1,9,목요일,1,0.5654134586541344
2025-01-09 02:00:00,1,9,목요일,2,0.49126087391260864
2025-01-09 03:00:00,1,9,목요일,3,0.4078392160783921
2025-01-09 04:00:00,1,9,목요일,4,0.5376062393760622
2025-01-09 05:00:00,1,9,목요일,5,0.9454454554544544
2025-01-09 06:00:00,1,9,목요일,6,1.5757424257574237
2025-01-09 07:00:00,1,9,목요일,7,2.2245775422457745
2025-01-09 08:00:00,1,9,목요일,8,2.465573442655734
2025-01-09 09:00:00,1,9,목요일,9,2.113348665133486
2025-01-09 10:00:00,1,9,목요일,10,1.7611238876112383
2025-01-09 11:00:00,1,9,목요일,11,1.844545545445455
2025-01-09 12:00:00,1,9,목요일,12,1.946505349465053
2025-01-09 13:00:00,1,9,목요일,13,1.872352764723527
2025-01-09 14:00:00,1,9,목요일,14,1.9279672032796715
2025-01-09 15:00:00,1,9,목요일,15,2.113348665133486
2025-01-09 16:00:00,1,9,목요일,16,2.2987301269873006
2025-01-09 17:00:00,1,9,목요일,17,2.5211878812118784
2025-01-09 18:00:00,1,9,목요일,18,2.354344565543445
2025-01-09 19:00:00,1,9,목요일,19,2.0021197880211976
2025-01-09 20:00:00,1,9,목요일,20,1.6777022297770219
2025-01-09 21:00:00,1,9,목요일,21,1.3810918908109187
2025-01-09 22:00:00,1,9,목요일,22,1.1679032096790318
2025-01-09 23:00:00,1,9,목요일,23,1.0288671132886709
2025-01-10 00:00:00,1,10,금요일,0,0.9135886411358862
2025-01-10 01:00:00,1,10,금요일,1,0.5928607139286071
2025-01-10 02:00:00,1,10,금요일,2,0.5151084891510849
2025-01-10 03:00:00,1,10,금요일,3,0.4276372362763723
2025-01-10 04:00:00,1,10,금요일,4,0.5637036296370361
2025-01-10 05:00:00,1,10,금요일,5,0.9913408659134085
2025-01-10 06:00:00,1,10,금요일,6,1.6522347765223475
2025-01-10 07:00:00,1,10,금요일,7,2.3325667433256667
2025-01-10 08:00:00,1,10,금요일,8,2.5852614738526145
2025-01-10 09:00:00,1,10,금요일,9,2.2159384061593834
2025-01-10 10:00:00,1,10,금요일,10,1.8466153384661528
2025-01-10 11:00:00,1,10,금요일,11,1.9340865913408654
2025-01-10 12:00:00,1,10,금요일,12,2.0409959004099587
2025-01-10 13:00:00,1,10,금요일,13,1.9632436756324363
2025-01-10 14:00:00,1,10,금요일,14,2.021557844215578
2025-01-10 15:00:00,1,10,금요일,15,2.2159384061593834
2025-01-10 16:00:00,1,10,금요일,16,2.4103189681031894
2025-01-10 17:00:00,1,10,금요일,17,2.6435756424357564
2025-01-10 18:00:00,1,10,금요일,18,2.468633136686331
2025-01-10 19:00:00,1,10,금요일,19,2.0993100689931006
2025-01-10 20:00:00,1,10,금요일,20,1.7591440855914406
2025-01-10 21:00:00,1,10,금요일,21,1.4481351864813516
2025-01-10 22:00:00,1,10,금요일,22,1.2245975402459752
2025-01-10 23:00:00,1,10,금요일,23,1.0788121187881212
2025-01-11 00:00:00,1,11,토요일,0,0.7190280971902806
2025-01-11 01:00:00,1,11,토요일,1,0.46660333966603323
2025-01-11 02:00:00,1,11,토요일,2,0.4054094590540945
2025-01-11 03:00:00,1,11,토요일,3,0.3365663433656633
2025-01-11 04:00:00,1,11,토요일,4,0.44365563443655615
2025-01-11 05:00:00,1,11,토요일,5,0.7802219778022195
2025-01-11 06:00:00,1,11,토요일,6,1.3003699630036991
2025-01-11 07:00:00,1,11,토요일,7,1.8358164183581633
2025-01-11 08:00:00,1,11,토요일,8,2.034696530346965
2025-01-11 09:00:00,1,11,토요일,9,1.7440255974402552
2025-01-11 10:00:00,1,11,토요일,10,1.453354664533546
2025-01-11 11:00:00,1,11,토요일,11,1.522197780221977
2025-01-11 12:00:00,1,11,토요일,12,1.6063393660633931
2025-01-11 13:00:00,1,11,토요일,13,1.5451454854514541
2025-01-11 14:00:00,1,11,토요일,14,1.5910408959104083
2025-01-11 15:00:00,1,11,토요일,15,1.7440255974402552
2025-01-11 16:00:00,1,11,토요일,16,1.8970102989701023
2025-01-11 17:00:00,1,11,토요일,17,2.080591940805919
2025-01-11 18:00:00,1,11,토요일,18,1.9429057094290565
2025-01-11 19:00:00,1,11,토요일,19,1.6522347765223473
2025-01-11 20:00:00,1,11,토요일,20,1.384511548845115
2025-01-11 21:00:00,1,11,토요일,21,1.13973602639736
2025-01-11 22:00:00,1,11,토요일,22,0.9638036196380358
2025-01-11 23:00:00,1,11,토요일,23,0.8490650934906507
2025-01-12 00:00:00,1,12,일요일,0,0.6344365563443654
2025-01-12 01:00:00,1,12,일요일,1,0.4117088291170882
2025-01-12 02:00:00,1,12,일요일,2,0.35771422857714225
2025-01-12 03:00:00,1,12,일요일,3,0.296970302969703
2025-01-12 04:00:00,1,12,일요일,4,0.39146085391460844
2025-01-12 05:00:00,1,12,일요일,5,0.6884311568843114
2025-01-12 06:00:00,1,12,일요일,6,1.1473852614738524
2025-01-12 07:00:00,1,12,일요일,7,1.6198380161983796
2025-01-12 08:00:00,1,12,일요일,8,1.7953204679532044
2025-01-12 09:00:00,1,12,일요일,9,1.5388461153884607
2025-01-12 10:00:00,1,12,일요일,10,1.2823717628237172
2025-01-12 11:00:00,1,12,일요일,11,1.3431156884311566
2025-01-12 12:00:00,1,12,일요일,12,1.4173582641735825
2025-01-12 13:00:00,1,12,일요일,13,1.3633636636336364
2025-01-12 14:00:00,1,12,일요일,14,1.4038596140385957
2025-01-12 15:00:00,1,12,일요일,15,1.5388461153884607
2025-01-12 16:00:00,1,12,일요일,16,1.673832616738326
2025-01-12 17:00:00,1,12,일요일,17,1.835816418358164
2025-01-12 18:00:00,1,12,일요일,18,1.7143285671432855
2025-01-12 19:00:00,1,12,일요일,19,1.457854214578542
2025-01-12 20:00:00,1,12,일요일,20,1.221627837216278
2025-01-12 21:00:00,1,12,일요일,21,1.0056494350564942
2025-01-12 22:00:00,1,12,일요일,22,0.8504149585041494
2025-01-12 23:00:00,1,12,일요일,23,0.7491750824917508
2025-01-13 00:00:00,1,13,월요일,0,0.8882111788821114
2025-01-13 01:00:00,1,13,월요일,1,0.5763923607639234
2025-01-13 02:00:00,1,13,월요일,2,0.5007999200079991
2025-01-13 03:00:00,1,13,월요일,3,0.4157584241575841
2025-01-13 04:00:00,1,13,월요일,4,0.5480451954804518
2025-01-13 05:00:00,1,13,월요일,5,0.963803619638036
2025-01-13 06:00:00,1,13,월요일,6,1.6063393660633931
2025-01-13 07:00:00,1,13,월요일,7,2.2677732226777314
2025-01-13 08:00:00,1,13,월요일,8,2.513448655134486
2025-01-13 09:00:00,1,13,월요일,9,2.1543845615438446
2025-01-13 10:00:00,1,13,월요일,10,1.795320467953204
2025-01-13 11:00:00,1,13,월요일,11,1.880361963803619
2025-01-13 12:00:00,1,13,월요일,12,1.9843015698430153
2025-01-13 13:00:00,1,13,월요일,13,1.9087091290870908
2025-01-13 14:00:00,1,13,월요일,14,1.965403459654034
2025-01-13 15:00:00,1,13,월요일,15,2.1543845615438446
2025-01-13 16:00:00,1,13,월요일,16,2.343365663433656
2025-01-13 17:00:00,1,13,월요일,17,2.5701429857014295
2025-01-13 18:00:00,1,13,월요일,18,2.4000599940005993
2025-01-13 19:00:00,1,13,월요일,19,2.0409959004099587
2025-01-13 20:00:00,1,13,월요일,20,1.7102789721027893
2025-01-13 21:00:00,1,13,월요일,21,1.407909209079092
2025-01-13 22:00:00,1,13,월요일,22,1.190580941905809
2025-01-13 23:00:00,1,13,월요일,23,1.048845115488451
2025-01-14 00:00:00,1,14,화요일,0,0.8459154084591538
2025-01-14 01:00:00,1,14,화요일,1,0.548945105489451
2025-01-14 02:00:00,1,14,화요일,2,0.476952304769523
2025-01-14 03:00:00,1,14,화요일,3,0.39596040395960397
2025-01-14 04:00:00,1,14,화요일,4,0.5219478052194779
2025-01-14 05:00:00,1,14,화요일,5,0.917908209179082
2025-01-14 06:00:00,1,14,화요일,6,1.5298470152984698
2025-01-14 07:00:00,1,14,화요일,7,2.1597840215978397
2025-01-14 08:00:00,1,14,화요일,8,2.393760623937606
2025-01-14 09:00:00,1,14,화요일,9,2.0517948205179475
2025-01-14 10:00:00,1,14,화요일,10,1.7098290170982897
2025-01-14 11:00:00,1,14,화요일,11,1.7908209179082086
2025-01-14 12:00:00,1,14,화요일,12,1.8898110188981099
2025-01-14 13:00:00,1,14,화요일,13,1.8178182181781817
2025-01-14 14:00:00,1,14,화요일,14,1.8718128187181278
2025-01-14 15:00:00,1,14,화요일,15,2.0517948205179475
2025-01-14 16:00:00,1,14,화요일,16,2.231776822317768
2025-01-14 17:00:00,1,14,화요일,17,2.447755224477552
2025-01-14 18:00:00,1,14,화요일,18,2.2857714228577137
2025-01-14 19:00:00,1,14,화요일,19,1.943805619438056
2025-01-14 20:00:00,1,14,화요일,20,1.6288371162883708
2025-01-14 21:00:00,1,14,화요일,21,1.340865913408659
2025-01-14 22:00:00,1,14,화요일,22,1.133886611338866
2025-01-14 23:00:00,1,14,화요일,23,0.998900109989001
2025-01-15 00:00:00,1,15,수요일,0,0.8628337166283367
2025-01-15 01:00:00,1,15,수요일,1,0.5599240075992399
2025-01-15 02:00:00,1,15,수요일,2,0.48649135086491335
2025-01-15 03:00:00,1,15,수요일,3,0.40387961203879597
2025-01-15 04:00:00,1,15,수요일,4,0.5323867613238674
2025-01-15 05:00:00,1,15,수요일,5,0.9362663733626634
2025-01-15 06:00:00,1,15,수요일,6,1.560443955604439
2025-01-15 07:00:00,1,15,수요일,7,2.202979702029796
2025-01-15 08:00:00,1,15,수요일,8,2.4416358364163577
2025-01-15 09:00:00,1,15,수요일,9,2.0928307169283062
2025-01-15 10:00:00,1,15,수요일,10,1.7440255974402552
2025-01-15 11:00:00,1,15,수요일,11,1.8266373362663726
2025-01-15 12:00:00,1,15,수요일,12,1.927607239276072
2025-01-15 13:00:00,1,15,수요일,13,1.854174582541745
2025-01-15 14:00:00,1,15,수요일,14,1.90924907509249
2025-01-15 15:00:00,1,15,수요일,15,2.0928307169283062
2025-01-15 16:00:00,1,15,수요일,16,2.276412358764123
2025-01-15 17:00:00,1,15,수요일,17,2.4967103289671027
2025-01-15 18:00:00,1,15,수요일,18,2.331486851314868
2025-01-15 19:00:00,1,15,수요일,19,1.9826817318268168
2025-01-15 20:00:00,1,15,수요일,20,1.661413858614138
2025-01-15 21:00:00,1,15,수요일,21,1.367683231676832
2025-01-15 22:00:00,1,15,수요일,22,1.156564343565643
2025-01-15 23:00:00,1,15,수요일,23,1.0188781121887809
2025-01-16 00:00:00,1,16,목요일,0,0.8712928707129284
2025-01-16 01:00:00,1,16,목요일,1,0.5654134586541344
2025-01-16 02:00:00,1,16,목요일,2,0.49126087391260864
2025-01-16 03:00:00,1,16,목요일,3,0.4078392160783921
2025-01-16 04:00:00,1,16,목요일,4,0.5376062393760622
2025-01-16 05:00:00,1,16,목요일,5,0.9454454554544544
2025-01-16 06:00:00,1,16,목요일,6,1.5757424257574237
2025-01-16 07:00:00,1,16,목요일,7,2.2245775422457745
2025-01-16 08:00:00,1,16,목요일,8,2.465573442655734
2025-01-16 09:00:00,1,16,목요일,9,2.113348665133486
2025-01-16 10:00:00,1,16,목요일,10,1.7611238876112383
2025-01-16 11:00:00,1,16,목요일,11,1.844545545445455
2025-01-16 12:00:00,1,16,목요일,12,1.946505349465053
2025-01-16 13:00:00,1,16,목요일,13,1.872352764723527
2025-01-16 14:00:00,1,16,목요일,14,1.9279672032796715
2025-01-16 15:00:00,1,16,목요일,15,2.113348665133486
2025-01-16 16:00:00,1,16,목요일,16,2.2987301269873006
2025-01-16 17:00:00,1,16,목요일,17,2.5211878812118784
2025-01-16 18:00:00,1,16,목요일,18,2.354344565543445
2025-01-16 19:00:00,1,16,목요일,19,2.0021197880211976
2025-01-16 20:00:00,1,16,목요일,20,1.6777022297770219
2025-01-16 21:00:00,1,16,목요일,21,1.3810918908109187
2025-01-16 22:00:00,1,16,목요일,22,1.1679032096790318
2025-01-16 23:00:00,1,16,목요일,23,1.0288671132886709
2025-01-17 00:00:00,1,17,금요일,0,0.9135886411358862
2025-01-17 01:00:00,1,17,금요일,1,0.5928607139286071
2025-01-17 02:00:00,1,17,금요일,2,0.5151084891510849
2025-01-17 03:00:00,1,17,금요일,3,0.4276372362763723
2025-01-17 04:00:00,1,17,금요일,4,0.5637036296370361
2025-01-17 05:00:00,1,17,금요일,5,0.9913408659134085
2025-01-17 06:00:00,1,17,금요일,6,1.6522347765223475
2025-01-17 07:00:00,1,17,금요일,7,2.3325667433256667
2025-01-17 08:00:00,1,17,금요일,8,2.5852614738526145
2025-01-17 09:00:00,1,17,금요일,9,2.2159384061593834
2025-01-17 10:00:00,1,17,금요일,10,1.8466153384661528
2025-01-17 11:00:00,1,17,금요일,11,1.9340865913408654
2025-01-17 12:00:00,1,17,금요일,12,2.0409959004099587
2025-01-17 13:00:00,1,17,금요일,13,1.9632436756324363
2025-01-17 14:00:00,1,17,금요일,14,2.021557844215578
2025-01-17 15:00:00,1,17,금요일,15,2.2159384061593834
2025-01-17 16:00:00,1,17,금요일,16,2.4103189681031894
2025-01-17 17:00:00,1,17,금요일,17,2.6435756424357564
2025-01-17 18:00:00,1,17,금요일,18,2.468633136686331
2025-01-17 19:00:00,1,17,금요일,19,2.0993100689931006
2025-01-17 20:00:00,1,17,금요일,20,1.7591440855914406
2025-01-17 21:00:00,1,17,금요일,21,1.4481351864813516
2025-01-17 22:00:00,1,17,금요일,22,1.2245975402459752
2025-01-17 23:00:00,1,17,금요일,23,1.0788121187881212
2025-01-18 00:00:00,1,18,토요일,0,0.7190280971902806
2025-01-18 01:00:00,1,18,토요일,1,0.46660333966603323
2025-01-18 02:00:00,1,18,토요일,2,0.4054094590540945
2025-01-18 03:00:00,1,18,토요일,3,0.3365663433656633
2025-01-18 04:00:00,1,18,토요일,4,0.44365563443655615
2025-01-18 05:00:00,1,18,토요일,5,0.7802219778022195
2025-01-18 06:00:00,1,18,토요일,6,1.3003699630036991
2025-01-18 07:00:00,1,18,토요일,7,1.8358164183581633
2025-01-18 08:00:00,1,18,토요일,8,2.034696530346965
2025-01-18 09:00:00,1,18,토요일,9,1.7440255974402552
2025-01-18 10:00:00,1,18,토요일,10,1.453354664533546
2025-01-18 11:00:00,1,18,토요일,11,1.522197780221977
2025-01-18 12:00:00,1,18,토요일,12,1.6063393660633931
2025-01-18 13:00:00,1,18,토요일,13,1.5451454854514541
2025-01-18 14:00:00,1,18,토요일,14,1.5910408959104083
2025-01-18 15:00:00,1,18,토요일,15,1.7440255974402552
2025-01-18 16:00:00,1,18,토요일,16,1.8970102989701023
2025-01-18 17:00:00,1,18,토요일,17,2.080591940805919
2025-01-18 18:00:00,1,18,토요일,18,1.9429057094290565
2025-01-18 19:00:00,1,18,토요일,19,1.6522347765223473
2025-01-18 20:00:00,1,18,토요일,20,1.384511548845115
2025-01-18 21:00:00,1,18,토요일,21,1.13973602639736
2025-01-18 22:00:00,1,18,토요일,22,0.9638036196380358
2025-01-18 23:00:00,1,18,토요일,23,0.8490650934906507
2025-01-19 00:00:00,1,19,일요일,0,0.6344365563443654
2025-01-19 01:00:00,1,19,일요일,1,0.4117088291170882
2025-01-19 02:00:00,1,19,일요일,2,0.35771422857714225
2025-01-19 03:00:00,1,19,일요일,3,0.296970302969703
2025-01-19 04:00:00,1,19,일요일,4,0.39146085391460844
2025-01-19 05:00:00,1,19,일요일,5,0.6884311568843114
2025-01-19 06:00:00,1,19,일요일,6,1.1473852614738524
2025-01-19 07:00:00,1,19,일요일,7,1.6198380161983796
2025-01-19 08:00:00,1,19,일요일,8,1.7953204679532044
2025-01-19 09:00:00,1,19,일요일,9,1.5388461153884607
2025-01-19 10:00:00,1,19,일요일,10,1.2823717628237172
2025-01-19 11:00:00,1,19,일요일,11,1.3431156884311566
2025-01-19 12:00:00,1,19,일요일,12,1.4173582641735825
2025-01-19 13:00:00,1,19,일요일,13,1.3633636636336364
2025-01-19 14:00:00,1,19,일요일,14,1.4038596140385957
2025-01-19 15:00:00,1,19,일요일,15,1.5388461153884607
2025-01-19 16:00:00,1,19,일요일,16,1.673832616738326
2025-01-19 17:00:00,1,19,일요일,17,1.835816418358164
2025-01-19 18:00:00,1,19,일요일,18,1.7143285671432855
2025-01-19 19:00:00,1,19,일요일,19,1.457854214578542
2025-01-19 20:00:00,1,19,일요일,20,1.221627837216278
2025-01-19 21:00:00,1,19,일요일,21,1.0056494350564942
2025-01-19 22:00:00,1,19,일요일,22,0.8504149585041494
2025-01-19 23:00:00,1,19,일요일,23,0.7491750824917508
2025-01-20 00:00:00,1,20,월요일,0,0.8882111788821114
2025-01-20 01:00:00,1,20,월요일,1,0.5763923607639234
2025-01-20 02:00:00,1,20,월요일,2,0.5007999200079991
2025-01-20 03:00:00,1,20,월요일,3,0.4157584241575841
2025-01-20 04:00:00,1,20,월요일,4,0.5480451954804518
2025-01-20 05:00:00,1,20,월요일,5,0.963803619638036
2025-01-20 06:00:00,1,20,월요일,6,1.6063393660633931
2025-01-20 07:00:00,1,20,월요일,7,2.2677732226777314
2025-01-20 08:00:00,1,20,월요일,8,2.513448655134486
2025-01-20 09:00:00,1,20,월요일,9,2.1543845615438446
2025-01-20 10:00:00,1,20,월요일,10,1.795320467953204
2025-01-20 11:00:00,1,20,월요일,11,1.880361963803619
2025-01-20 12:00:00,1,20,월요일,12,1.9843015698430153
2025-01-20 13:00:00,1,20,월요일,13,1.9087091290870908
2025-01-20 14:00:00,1,20,월요일,14,1.965403459654034
2025-01-20 15:00:00,1,20,월요일,15,2.1543845615438446
2025-01-20 16:00:00,1,20,월요일,16,2.343365663433656
2025-01-20 17:00:00,1,20,월요일,17,2.5701429857014295
2025-01-20 18:00:00,1,20,월요일,18,2.4000599940005993
2025-01-20 19:00:00,1,20,월요일,19,2.0409959004099587
2025-01-20 20:00:00,1,20,월요일,20,1.7102789721027893
2025-01-20 21:00:00,1,20,월요일,21,1.407909209079092
2025-01-20 22:00:00,1,20,월요일,22,1.190580941905809
2025-01-20 23:00:00,1,20,월요일,23,1.048845115488451
2025-01-21 00:00:00,1,21,화요일,0,0.8459154084591538
2025-01-21 01:00:00,1,21,화요일,1,0.548945105489451
2025-01-21 02:00:00,1,21,화요일,2,0.476952304769523
2025-01-21 03:00:00,1,21,화요일,3,0.39596040395960397
2025-01-21 04:00:00,1,21,화요일,4,0.5219478052194779
2025-01-21 05:00:00,1,21,화요일,5,0.917908209179082
2025-01-21 06:00:00,1,21,화요일,6,1.5298470152984698
2025-01-21 07:00:00,1,21,화요일,7,2.1597840215978397
2025-01-21 08:00:00,1,21,화요일,8,2.393760623937606
2025-01-21 09:00:00,1,21,화요일,9,2.0517948205179475
2025-01-21 10:00:00,1,21,화요일,10,1.7098290170982897
2025-01-21 11:00:00,1,21,화요일,11,1.7908209179082086
2025-01-21 12:00:00,1,21,화요일,12,1.8898110188981099
2025-01-21 13:00:00,1,21,화요일,13,1.8178182181781817
2025-01-21 14:00:00,1,21,화요일,14,1.8718128187181278
2025-01-21 15:00:00,1,21,화요일,15,2.0517948205179475
2025-01-21 16:00:00,1,21,화요일,16,2.231776822317768
2025-01-21 17:00:00,1,21,화요일,17,2.447755224477552
2025-01-21 18:00:00,1,21,화요일,18,2.2857714228577137
2025-01-21 19:00:00,1,21,화요일,19,1.943805619438056
2025-01-21 20:00:00,1,21,화요일,20,1.6288371162883708
2025-01-21 21:00:00,1,21,화요일,21,1.340865913408659
2025-01-21 22:00:00,1,21,화요일,22,1.133886611338866
2025-01-21 23:00:00,1,21,화요일,23,0.998900109989001
2025-01-22 00:00:00,1,22,수요일,0,0.8628337166283367
2025-01-22 01:00:00,1,22,수요일,1,0.5599240075992399
2025-01-22 02:00:00,1,22,수요일,2,0.48649135086491335
2025-01-22 03:00:00,1,22,수요일,3,0.40387961203879597
2025-01-22 04:00:00,1,22,수요일,4,0.5323867613238674
2025-01-22 05:00:00,1,22,수요일,5,0.9362663733626634
2025-01-22 06:00:00,1,22,수요일,6,1.560443955604439
2025-01-22 07:00:00,1,22,수요일,7,2.202979702029796
2025-01-22 08:00:00,1,22,수요일,8,2.4416358364163577
2025-01-22 09:00:00,1,22,수요일,9,2.0928307169283062
2025-01-22 10:00:00,1,22,수요일,10,1.7440255974402552
2025-01-22 11:00:00,1,22,수요일,11,1.8266373362663726
2025-01-22 12:00:00,1,22,수요일,12,1.927607239276072
2025-01-22 13:00:00,1,22,수요일,13,1.854174582541745
2025-01-22 14:00:00,1,22,수요일,14,1.90924907509249
2025-01-22 15:00:00,1,22,수요일,15,2.0928307169283062
2025-01-22 16:00:00,1,22,수요일,16,2.276412358764123
2025-01-22 17:00:00,1,22,수요일,17,2.4967103289671027
2025-01-22 18:00:00,1,22,수요일,18,2.331486851314868
2025-01-22 19:00:00,1,22,수요일,19,1.9826817318268168
2025-01-22 20:00:00,1,22,수요일,20,1.661413858614138
2025-01-22 21:00:00,1,22,수요일,21,1.367683231676832
2025-01-22 22:00:00,1,22,수요일,22,1.156564343565643
2025-01-22 23:00:00,1,22,수요일,23,1.0188781121887809
2025-01-23 00:00:00,1,23,목요일,0,0.8712928707129284
2025-01-23 01:00:00,1,23,목요일,1,0.5654134586541344
2025-01-23 02:00:00,1,23,목요일,2,0.49126087391260864
2025-01-23 03:00:00,1,23,목요일,3,0.4078392160783921
2025-01-23 04:00:00,1,23,목요일,4,0.5376062393760622
2025-01-23 05:00:00,1,23,목요일,5,0.9454454554544544
2025-01-23 06:00:00,1,23,목요일,6,1.5757424257574237
2025-01-23 07:00:00,1,23,목요일,7,2.2245775422457745
2025-01-23 08:00:00,1,23,목요일,8,2.465573442655734
2025-01-23 09:00:00,1,23,목요일,9,2.113348665133486
2025-01-23 10:00:00,1,23,목요일,10,1.7611238876112383
2025-01-23 11:00:00,1,23,목요일,11,1.844545545445455
2025-01-23 12:00:00,1,23,목요일,12,1.946505349465053
2025-01-23 13:00:00,1,23,목요일,13,1.872352764723527
2025-01-23 14:00:00,1,23,목요일,14,1.9279672032796715
2025-01-23 15:00:00,1,23,목요일,15,2.113348665133486
2025-01-23 16:00:00,1,23,목요일,16,2.2987301269873006
2025-01-23 17:00:00,1,23,목요일,17,2.5211878812118784
2025-01-23 18:00:00,1,23,목요일,18,2.354344565543445
2025-01-23 19:00:00,1,23,목요일,19,2.0021197880211976
2025-01-23 20:00:00,1,23,목요일,20,1.6777022297770219
2025-01-23 21:00:00,1,23,목요일,21,1.3810918908109187
2025-01-23 22:00:00,1,23,목요일,22,1.1679032096790318
2025-01-23 23:00:00,1,23,목요일,23,1.0288671132886709
2025-01-24 00:00:00,1,24,금요일,0,0.9135886411358862
2025-01-24 01:00:00,1,24,금요일,1,0.5928607139286071
2025-01-24 02:00:00,1,24,금요일,2,0.5151084891510849
2025-01-24 03:00:00,1,24,금요일,3,0.4276372362763723
2025-01-24 04:00:00,1,24,금요일,4,0.5637036296370361
2025-01-24 05:00:00,1,24,금요일,5,0.9913408659134085
2025-01-24 06:00:00,1,24,금요일,6,1.6522347765223475
2025-01-24 07:00:00,1,24,금요일,7,2.3325667433256667
2025-01-24 08:00:00,1,24,금요일,8,2.5852614738526145
2025-01-24 09:00:00,1,24,금요일,9,2.2159384061593834
2025-01-24 10:00:00,1,24,금요일,10,1.8466153384661528
2025-01-24 11:00:00,1,24,금요일,11,1.9340865913408654
2025-01-24 12:00:00,1,24,금요일,12,2.0409959004099587
2025-01-24 13:00:00,1,24,금요일,13,1.9632436756324363
2025-01-24 14:00:00,1,24,금요일,14,2.021557844215578
2025-01-24 15:00:00,1,24,금요일,15,2.2159384061593834
2025-01-24 16:00:00,1,24,금요일,16,2.4103189681031894
2025-01-24 17:00:00,1,24,금요일,17,2.6435756424357564
2025-01-24 18:00:00,1,24,금요일,18,2.468633136686331
2025-01-24 19:00:00,1,24,금요일,19,2.0993100689931006
2025-01-24 20:00:00,1,24,금요일,20,1.7591440855914406
2025-01-24 21:00:00,1,24,금요일,21,1.4481351864813516
2025-01-24 22:00:00,1,24,금요일,22,1.2245975402459752
2025-01-24 23:00:00,1,24,금요일,23,1.0788121187881212
2025-01-25 00:00:00,1,25,토요일,0,0.7190280971902806
2025-01-25 01:00:00,1,25,토요일,1,0.46660333966603323
2025-01-25 02:00:00,1,25,토요일,2,0.4054094590540945
2025-01-25 03:00:00,1,25,토요일,3,0.3365663433656633
2025-01-25 04:00:00,1,25,토요일,4,0.44365563443655615
2025-01-25 05:00:00,1,25,토요일,5,0.7802219778022195
2025-01-25 06:00:00,1,25,토요일,6,1.3003699630036991
2025-01-25 07:00:00,1,25,토요일,7,1.8358164183581633
2025-01-25 08:00:00,1,25,토요일,8,2.034696530346965
2025-01-25 09:00:00,1,25,토요일,9,1.7440255974402552
2025-01-25 10:00:00,1,25,토요일,10,1.453354664533546
2025-01-25 11:00:00,1,25,토요일,11,1.522197780221977
2025-01-25 12:00:00,1,25,토요일,12,1.6063393660633931
2025-01-25 13:00:00,1,25,토요일,13,1.5451454854514541
2025-01-25 14:00:00,1,25,토요일,14,1.5910408959104083
2025-01-25 15:00:00,1,25,토요일,15,1.7440255974402552
2025-01-25 16:00:00,1,25,토요일,16,1.8970102989701023
2025-01-25 17:00:00,1,25,토요일,17,2.080591940805919
2025-01-25 18:00:00,1,25,토요일,18,1.9429057094290565
2025-01-25 19:00:00,1,25,토요일,19,1.6522347765223473
2025-01-25 20:00:00,1,25,토요일,20,1.384511548845115
2025-01-25 21:00:00,1,25,토요일,21,1.13973602639736
2025-01-25 22:00:00,1,25,토요일,22,0.9638036196380358
2025-01-25 23:00:00,1,25,토요일,23,0.8490650934906507
2025-01-26 00:00:00,1,26,일요일,0,0.6344365563443654
2025-01-26 01:00:00,1,26,일요일,1,0.4117088291170882
2025-01-26 02:00:00,1,26,일요일,2,0.35771422857714225
2025-01-26 03:00:00,1,26,일요일,3,0.296970302969703
2025-01-26 04:00:00,1,26,일요일,4,0.39146085391460844
2025-01-26 05:00:00,1,26,일요일,5,0.6884311568843114
2025-01-26 06:00:00,1,26,일요일,6,1.1473852614738524
2025-01-26 07:00:00,1,26,일요일,7,1.6198380161983796
2025-01-26 08:00:00,1,26,일요일,8,1.7953204679532044
2025-01-26 09:00:00,1,26,일요일,9,1.5388461153884607
2025-01-26 10:00:00,1,26,일요일,10,1.2823717628237172
2025-01-26 11:00:00,1,26,일요일,11,1.3431156884311566
2025-01-26 12:00:00,1,26,일요일,12,1.4173582641735825
2025-01-26 13:00:00,1,26,일요일,13,1.3633636636336364
2025-01-26 14:00:00,1,26,일요일,14,1.4038596140385957
2025-01-26 15:00:00,1,26,일요일,15,1.5388461153884607
2025-01-26 16:00:00,1,26,일요일,16,1.673832616738326
2025-01-26 17:00:00,1,26,일요일,17,1.835816418358164
2025-01-26 18:00:00,1,26,일요일,18,1.7143285671432855
2025-01-26 19:00:00,1,26,일요일,19,1.457854214578542
2025-01-26 20:00:00,1,26,일요일,20,1.221627837216278
2025-01-26 21:00:00,1,26,일요일,21,1.0056494350564942
2025-01-26 22:00:00,1,26,일요일,22,0.8504149585041494
2025-01-26 23:00:00,1,26,일요일,23,0.7491750824917508
2025-01-27 00:00:00,1,27,월요일,0,0.8882111788821114
2025-01-27 01:00:00,1,27,월요일,1,0.5763923607639234
2025-01-27 02:00:00,1,27,월요일,2,0.5007999200079991
2025-01-27 03:00:00,1,27,월요일,3,0.4157584241575841
2025-01-27 04:00:00,1,27,월요일,4,0.5480451954804518
2025-01-27 05:00:00,1,27,월요일,5,0.963803619638036
2025-01-27 06:00:00,1,27,월요일,6,1.6063393660633931
2025-01-27 07:00:00,1,27,월요일,7,2.2677732226777314
2025-01-27 08:00:00,1,27,월요일,8,2.513448655134486
2025-01-27 09:00:00,1,27,월요일,9,2.1543845615438446
2025-01-27 10:00:00,1,27,월요일,10,1.795320467953204
2025-01-27 11:00:00,1,27,월요일,11,1.880361963803619
2025-01-27 12:00:00,1,27,월요일,12,1.9843015698430153
2025-01-27 13:00:00,1,27,월요일,13,1.9087091290870908
2025-01-27 14:00:00,1,27,월요일,14,1.965403459654034
2025-01-27 15:00:00,1,27,월요일,15,2.1543845615438446
2025-01-27 16:00:00,1,27,월요일,16,2.343365663433656
2025-01-27 17:00:00,1,27,월요일,17,2.5701429857014295
2025-01-27 18:00:00,1,27,월요일,18,2.4000599940005993
2025-01-27 19:00:00,1,27,월요일,19,2.0409959004099587
2025-01-27 20:00:00,1,27,월요일,20,1.7102789721027893
2025-01-27 21:00:00,1,27,월요일,21,1.407909209079092
2025-01-27 22:00:00,1,27,월요일,22,1.190580941905809
2025-01-27 23:00:00,1,27,월요일,23,1.048845115488451
2025-01-28 00:00:00,1,28,화요일,0,0.8459154084591538
2025-01-28 01:00:00,1,28,화요일,1,0.548945105489451
2025-01-28 02:00:00,1,28,화요일,2,0.476952304769523
2025-01-28 03:00:00,1,28,화요일,3,0.39596040395960397
2025-01-28 04:00:00,1,28,화요일,4,0.5219478052194779
2025-01-28 05:00:00,1,28,화요일,5,0.917908209179082
2025-01-28 06:00:00,1,28,화요일,6,1.5298470152984698
2025-01-28 07:00:00,1,28,화요일,7,2.1597840215978397
2025-01-28 08:00:00,1,28,화요일,8,2.393760623937606
2025-01-28 09:00:00,1,28,화요일,9,2.0517948205179475
2025-01-28 10:00:00,1,28,화요일,10,1.7098290170982897
2025-01-28 11:00:00,1,28,화요일,11,1.7908209179082086
2025-01-28 12:00:00,1,28,화요일,12,1.8898110188981099
2025-01-28 13:00:00,1,28,화요일,13,1.8178182181781817
2025-01-28 14:00:00,1,28,화요일,14,1.8718128187181278
2025-01-28 15:00:00,1,28,화요일,15,2.0517948205179475
2025-01-28 16:00:00,1,28,화요일,16,2.231776822317768
2025-01-28 17:00:00,1,28,화요일,17,2.447755224477552
2025-01-28 18:00:00,1,28,화요일,18,2.2857714228577137
2025-01-28 19:00:00,1,28,화요일,19,1.943805619438056
2025-01-28 20:00:00,1,28,화요일,20,1.6288371162883708
2025-01-28 21:00:00,1,28,화요일,21,1.340865913408659
2025-01-28 22:00:00,1,28,화요일,22,1.133886611338866
2025-01-28 23:00:00,1,28,화요일,23,0.998900109989001
2025-01-29 00:00:00,1,29,수요일,0,0.8628337166283367
2025-01-29 01:00:00,1,29,수요일,1,0.5599240075992399
2025-01-29 02:00:00,1,29,수요일,2,0.48649135086491335
2025-01-29 03:00:00,1,29,수요일,3,0.40387961203879597
2025-01-29 04:00:00,1,29,수요일,4,0.5323867613238674
2025-01-29 05:00:00,1,29,수요일,5,0.9362663733626634
2025-01-29 06:00:00,1,29,수요일,6,1.560443955604439
2025-01-29 07:00:00,1,29,수요일,7,2.202979702029796
2025-01-29 08:00:00,1,29,수요일,8,2.4416358364163577
2025-01-29 09:00:00,1,29,수요일,9,2.0928307169283062
2025-01-29 10:00:00,1,29,수요일,10,1.7440255974402552
2025-01-29 11:00:00,1,29,수요일,11,1.8266373362663726
2025-01-29 12:00:00,1,29,수요일,12,1.927607239276072
2025-01-29 13:00:00,1,29,수요일,13,1.854174582541745
2025-01-29 14:00:00,1,29,수요일,14,1.90924907509249
2025-01-29 15:00:00,1,29,수요일,15,2.0928307169283062
2025-01-29 16:00:00,1,29,수요일,16,2.276412358764123
2025-01-29 17:00:00,1,29,수요일,17,2.4967103289671027
2025-01-29 18:00:00,1,29,수요일,18,2.331486851314868
2025-01-29 19:00:00,1,29,수요일,19,1.9826817318268168
2025-01-29 20:00:00,1,29,수요일,20,1.661413858614138
2025-01-29 21:00:00,1,29,수요일,21,1.367683231676832
2025-01-29 22:00:00,1,29,수요일,22,1.156564343565643
2025-01-29 23:00:00,1,29,수요일,23,1.0188781121887809
2025-01-30 00:00:00,1,30,목요일,0,0.8712928707129284
2025-01-30 01:00:00,1,30,목요일,1,0.5654134586541344
2025-01-30 02:00:00,1,30,목요일,2,0.49126087391260864
2025-01-30 03:00:00,1,30,목요일,3,0.4078392160783921
2025-01-30 04:00:00,1,30,목요일,4,0.5376062393760622
2025-01-30 05:00:00,1,30,목요일,5,0.9454454554544544
2025-01-30 06:00:00,1,30,목요일,6,1.5757424257574237
2025-01-30 07:00:00,1,30,목요일,7,2.2245775422457745
2025-01-30 08:00:00,1,30,목요일,8,2.465573442655734
2025-01-30 09:00:00,1,30,목요일,9,2.113348665133486
2025-01-30 10:00:00,1,30,목요일,10,1.7611238876112383
2025-01-30 11:00:00,1,30,목요일,11,1.844545545445455
2025-01-30 12:00:00,1,30,목요일,12,1.946505349465053
2025-01-30 13:00:00,1,30,목요일,13,1.872352764723527
2025-01-30 14:00:00,1,30,목요일,14,1.9279672032796715
2025-01-30 15:00:00,1,30,목요일,15,2.113348665133486
2025-01-30 16:00:00,1,30,목요일,16,2.2987301269873006
2025-01-30 17:00:00,1,30,목요일,17,2.5211878812118784
2025-01-30 18:00:00,1,30,목요일,18,2.354344565543445
2025-01-30 19:00:00,1,30,목요일,19,2.0021197880211976
2025-01-30 20:00:00,1,30,목요일,20,1.6777022297770219
2025-01-30 21:00:00,1,30,목요일,21,1.3810918908109187
2025-01-30 22:00:00,1,30,목요일,22,1.1679032096790318
2025-01-30 23:00:00,1,30,목요일,23,1.0288671132886709
2025-01-31 00:00:00,1,31,금요일,0,0.9135886411358862
2025-01-31 01:00:00,1,31,금요일,1,0.5928607139286071
2025-01-31 02:00:00,1,31,금요일,2,0.5151084891510849
2025-01-31 03:00:00,1,31,금요일,3,0.4276372362763723
2025-01-31 04:00:00,1,31,금요일,4,0.5637036296370361
2025-01-31 05:00:00,1,31,금요일,5,0.9913408659134085
2025-01-31 06:00:00,1,31,금요일,6,1.6522347765223475
2025-01-31 07:00:00,1,31,금요일,7,2.3325667433256667
2025-01-31 08:00:00,1,31,금요일,8,2.5852614738526145
2025-01-31 09:00:00,1,31,금요일,9,2.2159384061593834
2025-01-31 10:00:00,1,31,금요일,10,1.8466153384661528
2025-01-31 11:00:00,1,31,금요일,11,1.9340865913408654
2025-01-31 12:00:00,1,31,금요일,12,2.0409959004099587
2025-01-31 13:00:00,1,31,금요일,13,1.9632436756324363
2025-01-31 14:00:00,1,31,금요일,14,2.021557844215578
2025-01-31 15:00:00,1,31,금요일,15,2.2159384061593834
2025-01-31 16:00:00,1,31,금요일,16,2.4103189681031894
2025-01-31 17:00:00,1,31,금요일,17,2.6435756424357564
2025-01-31 18:00:00,1,31,금요일,18,2.468633136686331
2025-01-31 19:00:00,1,31,금요일,19,2.0993100689931006
2025-01-31 20:00:00,1,31,금요일,20,1.7591440855914406
2025-01-31 21:00:00,1,31,금요일,21,1.4481351864813516
2025-01-31 22:00:00,1,31,금요일,22,1.2245975402459752
2025-01-31 23:00:00,1,31,금요일,23,1.0788121187881212
2025-02-01 00:00:00,2,1,토요일,0,0.7030496950304966
2025-02-01 01:00:00,2,1,토요일,1,0.4562343765623436
2025-02-01 02:00:00,2,1,토요일,2,0.39640035996400347
2025-02-01 03:00:00,2,1,토요일,3,0.3290870912908708
2025-02-01 04:00:00,2,1,토요일,4,0.43379662033796607
2025-02-01 05:00:00,2,1,토요일,5,0.762883711628837
2025-02-01 06:00:00,2,1,토요일,6,1.271472852714728
2025-02-01 07:00:00,2,1,토요일,7,1.7950204979502042
2025-02-01 08:00:00,2,1,토요일,8,1.98948105189481
2025-02-01 09:00:00,2,1,토요일,9,1.705269473052694
2025-02-01 10:00:00,2,1,토요일,10,1.4210578942105783
2025-02-01 11:00:00,2,1,토요일,11,1.488371162883711
2025-02-01 12:00:00,2,1,토요일,12,1.5706429357064289
2025-02-01 13:00:00,2,1,토요일,13,1.5108089191080887
2025-02-01 14:00:00,2,1,토요일,14,1.5556844315568439
2025-02-01 15:00:00,2,1,토요일,15,1.705269473052694
2025-02-01 16:00:00,2,1,토요일,16,1.8548545145485447
2025-02-01 17:00:00,2,1,토요일,17,2.034356564343565
2025-02-01 18:00:00,2,1,토요일,18,1.8997300269972999
2025-02-01 19:00:00,2,1,토요일,19,1.615518448155184
2025-02-01 20:00:00,2,1,토요일,20,1.353744625537446
2025-02-01 21:00:00,2,1,토요일,21,1.1144085591440853
2025-02-01 22:00:00,2,1,토요일,22,0.9423857614238573
2025-02-01 23:00:00,2,1,토요일,23,0.8301969803019696
2025-02-02 00:00:00,2,2,일요일,0,0.6203379662033794
2025-02-02 01:00:00,2,2,일요일,1,0.40255974402559735
2025-02-02 02:00:00,2,2,일요일,2,0.34976502349765015
2025-02-02 03:00:00,2,2,일요일,3,0.29037096290370956
2025-02-02 04:00:00,2,2,일요일,4,0.38276172382761714
2025-02-02 05:00:00,2,2,일요일,5,0.6731326867313268
2025-02-02 06:00:00,2,2,일요일,6,1.121887811218878
2025-02-02 07:00:00,2,2,일요일,7,1.5838416158384157
2025-02-02 08:00:00,2,2,일요일,8,1.7554244575542444
2025-02-02 09:00:00,2,2,일요일,9,1.5046495350464948
2025-02-02 10:00:00,2,2,일요일,10,1.2538746125387457
2025-02-02 11:00:00,2,2,일요일,11,1.3132686731326864
2025-02-02 12:00:00,2,2,일요일,12,1.385861413858614
2025-02-02 13:00:00,2,2,일요일,13,1.3330666933306665
2025-02-02 14:00:00,2,2,일요일,14,1.372662733726627
2025-02-02 15:00:00,2,2,일요일,15,1.5046495350464948
2025-02-02 16:00:00,2,2,일요일,16,1.6366363363663632
2025-02-02 17:00:00,2,2,일요일,17,1.795020497950205
2025-02-02 18:00:00,2,2,일요일,18,1.6762323767623235
2025-02-02 19:00:00,2,2,일요일,19,1.4254574542545744
2025-02-02 20:00:00,2,2,일요일,20,1.1944805519448052
2025-02-02 21:00:00,2,2,일요일,21,0.9833016698330166
2025-02-02 22:00:00,2,2,일요일,22,0.8315168483151683
2025-02-02 23:00:00,2,2,일요일,23,0.7325267473252675
2025-02-03 00:00:00,2,3,월요일,0,0.8684731526847311
2025-02-03 01:00:00,2,3,월요일,1,0.5635836416358362
2025-02-03 02:00:00,2,3,월요일,2,0.48967103289671016
2025-02-03 03:00:00,2,3,월요일,3,0.40651934806519335
2025-02-03 04:00:00,2,3,월요일,4,0.5358664133586639
2025-02-03 05:00:00,2,3,월요일,5,0.9423857614238573
2025-02-03 06:00:00,2,3,월요일,6,1.5706429357064287
2025-02-03 07:00:00,2,3,월요일,7,2.217378262173782
2025-02-03 08:00:00,2,3,월요일,8,2.4575942405759417
2025-02-03 09:00:00,2,3,월요일,9,2.1065093490650924
2025-02-03 10:00:00,2,3,월요일,10,1.7554244575542437
2025-02-03 11:00:00,2,3,월요일,11,1.8385761423857605
2025-02-03 12:00:00,2,3,월요일,12,1.9402059794020592
2025-02-03 13:00:00,2,3,월요일,13,1.866293370662933
2025-02-03 14:00:00,2,3,월요일,14,1.9217278272172775
2025-02-03 15:00:00,2,3,월요일,15,2.1065093490650924
2025-02-03 16:00:00,2,3,월요일,16,2.291290870912908
2025-02-03 17:00:00,2,3,월요일,17,2.513028697130286
2025-02-03 18:00:00,2,3,월요일,18,2.3467253274672526
2025-02-03 19:00:00,2,3,월요일,19,1.9956404359564037
2025-02-03 20:00:00,2,3,월요일,20,1.6722727727227271
2025-02-03 21:00:00,2,3,월요일,21,1.376622337766223
2025-02-03 22:00:00,2,3,월요일,22,1.1641235876412355
2025-02-03 23:00:00,2,3,월요일,23,1.0255374462553741
2025-02-04 00:00:00,2,4,화요일,0,0.8271172882711726
2025-02-04 01:00:00,2,4,화요일,1,0.536746325367463
2025-02-04 02:00:00,2,4,화요일,2,0.4663533646635335
2025-02-04 03:00:00,2,4,화요일,3,0.3871612838716127
2025-02-04 04:00:00,2,4,화요일,4,0.5103489651034895
2025-02-04 05:00:00,2,4,화요일,5,0.8975102489751022
2025-02-04 06:00:00,2,4,화요일,6,1.4958504149585037
2025-02-04 07:00:00,2,4,화요일,7,2.1117888211178872
2025-02-04 08:00:00,2,4,화요일,8,2.3405659434056587
2025-02-04 09:00:00,2,4,화요일,9,2.006199380061993
2025-02-04 10:00:00,2,4,화요일,10,1.6718328167183274
2025-02-04 11:00:00,2,4,화요일,11,1.7510248975102483
2025-02-04 12:00:00,2,4,화요일,12,1.8478152184781518
2025-02-04 13:00:00,2,4,화요일,13,1.7774222577742218
2025-02-04 14:00:00,2,4,화요일,14,1.8302169783021691
2025-02-04 15:00:00,2,4,화요일,15,2.006199380061993
2025-02-04 16:00:00,2,4,화요일,16,2.182181781821817
2025-02-04 17:00:00,2,4,화요일,17,2.3933606639336062
2025-02-04 18:00:00,2,4,화요일,18,2.2349765023497645
2025-02-04 19:00:00,2,4,화요일,19,1.9006099390060989
2025-02-04 20:00:00,2,4,화요일,20,1.5926407359264068
2025-02-04 21:00:00,2,4,화요일,21,1.3110688931106886
2025-02-04 22:00:00,2,4,화요일,22,1.108689131086891
2025-02-04 23:00:00,2,4,화요일,23,0.9767023297670231
2025-02-05 00:00:00,2,5,수요일,0,0.8436596340365959
2025-02-05 01:00:00,2,5,수요일,1,0.5474812518748123
2025-02-05 02:00:00,2,5,수요일,2,0.47568043195680415
2025-02-05 03:00:00,2,5,수요일,3,0.39490450954904494
2025-02-05 04:00:00,2,5,수요일,4,0.5205559444055592
2025-02-05 05:00:00,2,5,수요일,5,0.9154604539546042
2025-02-05 06:00:00,2,5,수요일,6,1.5257674232576737
2025-02-05 07:00:00,2,5,수요일,7,2.154024597540245
2025-02-05 08:00:00,2,5,수요일,8,2.387377262273772
2025-02-05 09:00:00,2,5,수요일,9,2.046323367663233
2025-02-05 10:00:00,2,5,수요일,10,1.7052694730526938
2025-02-05 11:00:00,2,5,수요일,11,1.7860453954604532
2025-02-05 12:00:00,2,5,수요일,12,1.8847715228477147
2025-02-05 13:00:00,2,5,수요일,13,1.8129707029297062
2025-02-05 14:00:00,2,5,수요일,14,1.8668213178682125
2025-02-05 15:00:00,2,5,수요일,15,2.046323367663233
2025-02-05 16:00:00,2,5,수요일,16,2.2258254174582532
2025-02-05 17:00:00,2,5,수요일,17,2.441227877212278
2025-02-05 18:00:00,2,5,수요일,18,2.2796760323967598
2025-02-05 19:00:00,2,5,수요일,19,1.9386221377862207
2025-02-05 20:00:00,2,5,수요일,20,1.624493550644935
2025-02-05 21:00:00,2,5,수요일,21,1.3372902709729022
2025-02-05 22:00:00,2,5,수요일,22,1.1308629137086286
2025-02-05 23:00:00,2,5,수요일,23,0.9962363763623635
2025-02-06 00:00:00,2,6,목요일,0,0.8519308069193078
2025-02-06 01:00:00,2,6,목요일,1,0.552848715128487
2025-02-06 02:00:00,2,6,목요일,2,0.4803439656034395
2025-02-06 03:00:00,2,6,목요일,3,0.3987761223877611
2025-02-06 04:00:00,2,6,목요일,4,0.5256594340565941
2025-02-06 05:00:00,2,6,목요일,5,0.9244355564443553
2025-02-06 06:00:00,2,6,목요일,6,1.5407259274072587
2025-02-06 07:00:00,2,6,목요일,7,2.175142485751424
2025-02-06 08:00:00,2,6,목요일,8,2.4107829217078285
2025-02-06 09:00:00,2,6,목요일,9,2.0663853614638525
2025-02-06 10:00:00,2,6,목요일,10,1.7219878012198773
2025-02-06 11:00:00,2,6,목요일,11,1.8035556444355558
2025-02-06 12:00:00,2,6,목요일,12,1.9032496750324963
2025-02-06 13:00:00,2,6,목요일,13,1.8307449255074486
2025-02-06 14:00:00,2,6,목요일,14,1.8851234876512342
2025-02-06 15:00:00,2,6,목요일,15,2.0663853614638525
2025-02-06 16:00:00,2,6,목요일,16,2.247647235276472
2025-02-06 17:00:00,2,6,목요일,17,2.4651614838516145
2025-02-06 18:00:00,2,6,목요일,18,2.3020257974202574
2025-02-06 19:00:00,2,6,목요일,19,1.9576282371762819
2025-02-06 20:00:00,2,6,목요일,20,1.6404199580041992
2025-02-06 21:00:00,2,6,목요일,21,1.3504009599040092
2025-02-06 22:00:00,2,6,목요일,22,1.1419498050194976
2025-02-06 23:00:00,2,6,목요일,23,1.0060033996600337
2025-02-07 00:00:00,2,7,금요일,0,0.8932866713328665
2025-02-07 01:00:00,2,7,금요일,1,0.5796860313968603
2025-02-07 02:00:00,2,7,금요일,2,0.5036616338366162
2025-02-07 03:00:00,2,7,금요일,3,0.4181341865813418
2025-02-07 04:00:00,2,7,금요일,4,0.5511768823117686
2025-02-07 05:00:00,2,7,금요일,5,0.9693110688931106
2025-02-07 06:00:00,2,7,금요일,6,1.615518448155184
2025-02-07 07:00:00,2,7,금요일,7,2.2807319268073187
2025-02-07 08:00:00,2,7,금요일,8,2.527811218878112
2025-02-07 09:00:00,2,7,금요일,9,2.1666953304669527
2025-02-07 10:00:00,2,7,금요일,10,1.8055794420557938
2025-02-07 11:00:00,2,7,금요일,11,1.8911068893110685
2025-02-07 12:00:00,2,7,금요일,12,1.9956404359564042
2025-02-07 13:00:00,2,7,금요일,13,1.91961603839616
2025-02-07 14:00:00,2,7,금요일,14,1.976634336566343
2025-02-07 15:00:00,2,7,금요일,15,2.1666953304669527
2025-02-07 16:00:00,2,7,금요일,16,2.356756324367563
2025-02-07 17:00:00,2,7,금요일,17,2.584829517048295
2025-02-07 18:00:00,2,7,금요일,18,2.413774622537746
2025-02-07 19:00:00,2,7,금요일,19,2.052658734126587
2025-02-07 20:00:00,2,7,금요일,20,1.7200519948005197
2025-02-07 21:00:00,2,7,금요일,21,1.4159544045595438
2025-02-07 22:00:00,2,7,금요일,22,1.1973842615738424
2025-02-07 23:00:00,2,7,금요일,23,1.054838516148385
2025-02-08 00:00:00,2,8,토요일,0,0.7030496950304966
2025-02-08 01:00:00,2,8,토요일,1,0.4562343765623436
2025-02-08 02:00:00,2,8,토요일,2,0.39640035996400347
2025-02-08 03:00:00,2,8,토요일,3,0.3290870912908708
2025-02-08 04:00:00,2,8,토요일,4,0.43379662033796607
2025-02-08 05:00:00,2,8,토요일,5,0.762883711628837
2025-02-08 06:00:00,2,8,토요일,6,1.271472852714728
2025-02-08 07:00:00,2,8,토요일,7,1.7950204979502042
2025-02-08 08:00:00,2,8,토요일,8,1.98948105189481
2025-02-08 09:00:00,2,8,토요일,9,1.705269473052694
2025-02-08 10:00:00,2,8,토요일,10,1.4210578942105783
2025-02-08 11:00:00,2,8,토요일,11,1.488371162883711
2025-02-08 12:00:00,2,8,토요일,12,1.5706429357064289
2025-02-08 13:00:00,2,8,토요일,13,1.5108089191080887
2025-02-08 14:00:00,2,8,토요일,14,1.5556844315568439
2025-02-08 15:00:00,2,8,토요일,15,1.705269473052694
2025-02-08 16:00:00,2,8,토요일,16,1.8548545145485447
2025-02-08 17:00:00,2,8,토요일,17,2.034356564343565
2025-02-08 18:00:00,2,8,토요일,18,1.8997300269972999
2025-02-08 19:00:00,2,8,토요일,19,1.615518448155184
2025-02-08 20:00:00,2,8,토요일,20,1.353744625537446
2025-02-08 21:00:00,2,8,토요일,21,1.1144085591440853
2025-02-08 22:00:00,2,8,토요일,22,0.9423857614238573
2025-02-08 23:00:00,2,8,토요일,23,0.8301969803019696
2025-02-09 00:00:00,2,9,일요일,0,0.6203379662033794
2025-02-09 01:00:00,2,9,일요일,1,0.40255974402559735
2025-02-09 02:00:00,2,9,일요일,2,0.34976502349765015
2025-02-09 03:00:00,2,9,일요일,3,0.29037096290370956
2025-02-09 04:00:00,2,9,일요일,4,0.38276172382761714
2025-02-09 05:00:00,2,9,일요일,5,0.6731326867313268
2025-02-09 06:00:00,2,9,일요일,6,1.121887811218878
2025-02-09 07:00:00,2,9,일요일,7,1.5838416158384157
2025-02-09 08:00:00,2,9,일요일,8,1.7554244575542444
2025-02-09 09:00:00,2,9,일요일,9,1.5046495350464948
2025-02-09 10:00:00,2,9,일요일,10,1.2538746125387457
2025-02-09 11:00:00,2,9,일요일,11,1.3132686731326864
2025-02-09 12:00:00,2,9,일요일,12,1.385861413858614
2025-02-09 13:00:00,2,9,일요일,13,1.3330666933306665
2025-02-09 14:00:00,2,9,일요일,14,1.372662733726627
2025-02-09 15:00:00,2,9,일요일,15,1.5046495350464948
2025-02-09 16:00:00,2,9,일요일,16,1.6366363363663632
2025-02-09 17:00:00,2,9,일요일,17,1.795020497950205
2025-02-09 18:00:00,2,9,일요일,18,1.6762323767623235
2025-02-09 19:00:00,2,9,일요일,19,1.4254574542545744
2025-02-09 20:00:00,2,9,일요일,20,1.1944805519448052
2025-02-09 21:00:00,2,9,일요일,21,0.9833016698330166
2025-02-09 22:00:00,2,9,일요일,22,0.8315168483151683
2025-02-09 23:00:00,2,9,일요일,23,0.7325267473252675
2025-02-10 00:00:00,2,10,월요일,0,0.8684731526847311
2025-02-10 01:00:00,2,10,월요일,1,0.5635836416358362
2025-02-10 02:00:00,2,10,월요일,2,0.48967103289671016
2025-02-10 03:00:00,2,10,월요일,3,0.40651934806519335
2025-02-10 04:00:00,2,10,월요일,4,0.5358664133586639
2025-02-10 05:00:00,2,10,월요일,5,0.9423857614238573
2025-02-10 06:00:00,2,10,월요일,6,1.5706429357064287
2025-02-10 07:00:00,2,10,월요일,7,2.217378262173782
2025-02-10 08:00:00,2,10,월요일,8,2.4575942405759417
2025-02-10 09:00:00,2,10,월요일,9,2.1065093490650924
2025-02-10 10:00:00,2,10,월요일,10,1.7554244575542437
2025-02-10 11:00:00,2,10,월요일,11,1.8385761423857605
2025-02-10 12:00:00,2,10,월요일,12,1.9402059794020592
2025-02-10 13:00:00,2,10,월요일,13,1.866293370662933
2025-02-10 14:00:00,2,10,월요일,14,1.9217278272172775
2025-02-10 15:00:00,2,10,월요일,15,2.1065093490650924
2025-02-10 16:00:00,2,10,월요일,16,2.291290870912908
2025-02-10 17:00:00,2,10,월요일,17,2.513028697130286
2025-02-10 18:00:00,2,10,월요일,18,2.3467253274672526
2025-02-10 19:00:00,2,10,월요일,19,1.9956404359564037
2025-02-10 20:00:00,2,10,월요일,20,1.6722727727227271
2025-02-10 21:00:00,2,10,월요일,21,1.376622337766223
2025-02-10 22:00:00,2,10,월요일,22,1.1641235876412355
2025-02-10 23:00:00,2,10,월요일,23,1.0255374462553741
2025-02-11 00:00:00,2,11,화요일,0,0.8271172882711726
2025-02-11 01:00:00,2,11,화요일,1,0.536746325367463
2025-02-11 02:00:00,2,11,화요일,2,0.4663533646635335
2025-02-11 03:00:00,2,11,화요일,3,0.3871612838716127
2025-02-11 04:00:00,2,11,화요일,4,0.5103489651034895
2025-02-11 05:00:00,2,11,화요일,5,0.8975102489751022
2025-02-11 06:00:00,2,11,화요일,6,1.4958504149585037
2025-02-11 07:00:00,2,11,화요일,7,2.1117888211178872
2025-02-11 08:00:00,2,11,화요일,8,2.3405659434056587
2025-02-11 09:00:00,2,11,화요일,9,2.006199380061993
2025-02-11 10:00:00,2,11,화요일,10,1.6718328167183274
2025-02-11 11:00:00,2,11,화요일,11,1.7510248975102483
2025-02-11 12:00:00,2,11,화요일,12,1.8478152184781518
2025-02-11 13:00:00,2,11,화요일,13,1.7774222577742218
2025-02-11 14:00:00,2,11,화요일,14,1.8302169783021691
2025-02-11 15:00:00,2,11,화요일,15,2.006199380061993
2025-02-11 16:00:00,2,11,화요일,16,2.182181781821817
2025-02-11 17:00:00,2,11,화요일,17,2.3933606639336062
2025-02-11 18:00:00,2,11,화요일,18,2.2349765023497645
2025-02-11 19:00:00,2,11,화요일,19,1.9006099390060989
2025-02-11 20:00:00,2,11,화요일,20,1.5926407359264068
2025-02-11 21:00:00,2,11,화요일,21,1.3110688931106886
2025-02-11 22:00:00,2,11,화요일,22,1.108689131086891
2025-02-11 23:00:00,2,11,화요일,23,0.9767023297670231
2025-02-12 00:00:00,2,12,수요일,0,0.8436596340365959
2025-02-12 01:00:00,2,12,수요일,1,0.5474812518748123
2025-02-12 02:00:00,2,12,수요일,2,0.47568043195680415
2025-02-12 03:00:00,2,12,수요일,3,0.39490450954904494
2025-02-12 04:00:00,2,12,수요일,4,0.5205559444055592
2025-02-12 05:00:00,2,12,수요일,5,0.9154604539546042
2025-02-12 06:00:00,2,12,수요일,6,1.5257674232576737
2025-02-12 07:00:00,2,12,수요일,7,2.154024597540245
2025-02-12 08:00:00,2,12,수요일,8,2.387377262273772
2025-02-12 09:00:00,2,12,수요일,9,2.046323367663233
2025-02-12 10:00:00,2,12,수요일,10,1.7052694730526938
2025-02-12 11:00:00,2,12,수요일,11,1.7860453954604532
2025-02-12 12:00:00,2,12,수요일,12,1.8847715228477147
2025-02-12 13:00:00,2,12,수요일,13,1.8129707029297062
2025-02-12 14:00:00,2,12,수요일,14,1.8668213178682125
2025-02-12 15:00:00,2,12,수요일,15,2.046323367663233
2025-02-12 16:00:00,2,12,수요일,16,2.2258254174582532
2025-02-12 17:00:00,2,12,수요일,17,2.441227877212278
2025-02-12 18:00:00,2,12,수요일,18,2.2796760323967598
2025-02-12 19:00:00,2,12,수요일,19,1.9386221377862207
2025-02-12 20:00:00,2,12,수요일,20,1.624493550644935
2025-02-12 21:00:00,2,12,수요일,21,1.3372902709729022
2025-02-12 22:00:00,2,12,수요일,22,1.1308629137086286
2025-02-12 23:00:00,2,12,수요일,23,0.9962363763623635
2025-02-13 00:00:00,2,13,목요일,0,0.8519308069193078
2025-02-13 01:00:00,2,13,목요일,1,0.552848715128487
2025-02-13 02:00:00,2,13,목요일,2,0.4803439656034395
2025-02-13 03:00:00,2,13,목요일,3,0.3987761223877611
2025-02-13 04:00:00,2,13,목요일,4,0.5256594340565941
2025-02-13 05:00:00,2,13,목요일,5,0.9244355564443553
2025-02-13 06:00:00,2,13,목요일,6,1.5407259274072587
2025-02-13 07:00:00,2,13,목요일,7,2.175142485751424
2025-02-13 08:00:00,2,13,목요일,8,2.4107829217078285
2025-02-13 09:00:00,2,13,목요일,9,2.0663853614638525
2025-02-13 10:00:00,2,13,목요일,10,1.7219878012198773
2025-02-13 11:00:00,2,13,목요일,11,1.8035556444355558
2025-02-13 12:00:00,2,13,목요일,12,1.9032496750324963
2025-02-13 13:00:00,2,13,목요일,13,1.8307449255074486
2025-02-13 14:00:00,2,13,목요일,14,1.8851234876512342
2025-02-13 15:00:00,2,13,목요일,15,2.0663853614638525
2025-02-13 16:00:00,2,13,목요일,16,2.247647235276472
2025-02-13 17:00:00,2,13,목요일,17,2.4651614838516145
2025-02-13 18:00:00,2,13,목요일,18,2.3020257974202574
2025-02-13 19:00:00,2,13,목요일,19,1.9576282371762819
2025-02-13 20:00:00,2,13,목요일,20,1.6404199580041992
2025-02-13 21:00:00,2,13,목요일,21,1.3504009599040092
2025-02-13 22:00:00,2,13,목요일,22,1.1419498050194976
2025-02-13 23:00:00,2,13,목요일,23,1.0060033996600337
2025-02-14 00:00:00,2,14,금요일,0,0.8932866713328665
2025-02-14 01:00:00,2,14,금요일,1,0.5796860313968603
2025-02-14 02:00:00,2,14,금요일,2,0.5036616338366162
2025-02-14 03:00:00,2,14,금요일,3,0.4181341865813418
2025-02-14 04:00:00,2,14,금요일,4,0.5511768823117686
2025-02-14 05:00:00,2,14,금요일,5,0.9693110688931106
2025-02-14 06:00:00,2,14,금요일,6,1.615518448155184
2025-02-14 07:00:00,2,14,금요일,7,2.2807319268073187
2025-02-14 08:00:00,2,14,금요일,8,2.527811218878112
2025-02-14 09:00:00,2,14,금요일,9,2.1666953304669527
2025-02-14 10:00:00,2,14,금요일,10,1.8055794420557938
2025-02-14 11:00:00,2,14,금요일,11,1.8911068893110685
2025-02-14 12:00:00,2,14,금요일,12,1.9956404359564042
2025-02-14 13:00:00,2,14,금요일,13,1.91961603839616
2025-02-14 14:00:00,2,14,금요일,14,1.976634336566343
2025-02-14 15:00:00,2,14,금요일,15,2.1666953304669527
2025-02-14 16:00:00,2,14,금요일,16,2.356756324367563
2025-02-14 17:00:00,2,14,금요일,17,2.584829517048295
2025-02-14 18:00:00,2,14,금요일,18,2.413774622537746
2025-02-14 19:00:00,2,14,금요일,19,2.052658734126587
2025-02-14 20:00:00,2,14,금요일,20,1.7200519948005197
2025-02-14 21:00:00,2,14,금요일,21,1.4159544045595438
2025-02-14 22:00:00,2,14,금요일,22,1.1973842615738424
2025-02-14 23:00:00,2,14,금요일,23,1.054838516148385
2025-02-15 00:00:00,2,15,토요일,0,0.7030496950304966
2025-02-15 01:00:00,2,15,토요일,1,0.4562343765623436
2025-02-15 02:00:00,2,15,토요일,2,0.39640035996400347
2025-02-15 03:00:00,2,15,토요일,3,0.3290870912908708
2025-02-15 04:00:00,2,15,토요일,4,0.43379662033796607
2025-02-15 05:00:00,2,15,토요일,5,0.762883711628837
2025-02-15 06:00:00,2,15,토요일,6,1.271472852714728
2025-02-15 07:00:00,2,15,토요일,7,1.7950204979502042
2025-02-15 08:00:00,2,15,토요일,8,1.98948105189481
2025-02-15 09:00:00,2,15,토요일,9,1.705269473052694
2025-02-15 10:00:00,2,15,토요일,10,1.4210578942105783
2025-02-15 11:00:00,2,15,토요일,11,1.488371162883711
2025-02-15 12:00:00,2,15,토요일,12,1.5706429357064289
2025-02-15 13:00:00,2,15,토요일,13,1.5108089191080887
2025-02-15 14:00:00,2,15,토요일,14,1.5556844315568439
2025-02-15 15:00:00,2,15,토요일,15,1.705269473052694
2025-02-15 16:00:00,2,15,토요일,16,1.8548545145485447
2025-02-15 17:00:00,2,15,토요일,17,2.034356564343565
2025-02-15 18:00:00,2,15,토요일,18,1.8997300269972999
2025-02-15 19:00:00,2,15,토요일,19,1.615518448155184
2025-02-15 20:00:00,2,15,토요일,20,1.353744625537446
2025-02-15 21:00:00,2,15,토요일,21,1.1144085591440853
2025-02-15 22:00:00,2,15,토요일,22,0.9423857614238573
2025-02-15 23:00:00,2,15,토요일,23,0.8301969803019696
2025-02-16 00:00:00,2,16,일요일,0,0.6203379662033794
2025-02-16 01:00:00,2,16,일요일,1,0.40255974402559735
2025-02-16 02:00:00,2,16,일요일,2,0.34976502349765015
2025-02-16 03:00:00,2,16,일요일,3,0.29037096290370956
2025-02-16 04:00:00,2,16,일요일,4,0.38276172382761714
2025-02-16 05:00:00,2,16,일요일,5,0.6731326867313268
2025-02-16 06:00:00,2,16,일요일,6,1.121887811218878
2025-02-16 07:00:00,2,16,일요일,7,1.5838416158384157
2025-02-16 08:00:00,2,16,일요일,8,1.7554244575542444
2025-02-16 09:00:00,2,16,일요일,9,1.5046495350464948
2025-02-16 10:00:00,2,16,일요일,10,1.2538746125387457
2025-02-16 11:00:00,2,16,일요일,11,1.3132686731326864
2025-02-16 12:00:00,2,16,일요일,12,1.385861413858614
2025-02-16 13:00:00,2,16,일요일,13,1.3330666933306665
2025-02-16 14:00:00,2,16,일요일,14,1.372662733726627
2025-02-16 15:00:00,2,16,일요일,15,1.5046495350464948
2025-02-16 16:00:00,2,16,일요일,16,1.6366363363663632
2025-02-16 17:00:00,2,16,일요일,17,1.795020497950205
2025-02-16 18:00:00,2,16,일요일,18,1.6762323767623235
2025-02-16 19:00:00,2,16,일요일,19,1.4254574542545744
2025-02-16 20:00:00,2,16,일요일,20,1.1944805519448052
2025-02-16 21:00:00,2,16,일요일,21,0.9833016698330166
2025-02-16 22:00:00,2,16,일요일,22,0.8315168483151683
2025-02-16 23:00:00,2,16,일요일,23,0.7325267473252675
2025-02-17 00:00:00,2,17,월요일,0,0.8684731526847311
2025-02-17 01:00:00,2,17,월요일,1,0.5635836416358362
2025-02-17 02:00:00,2,17,월요일,2,0.48967103289671016
2025-02-17 03:00:00,2,17,월요일,3,0.40651934806519335
2025-02-17 04:00:00,2,17,월요일,4,0.5358664133586639
2025-02-17 05:00:00,2,17,월요일,5,0.9423857614238573
2025-02-17 06:00:00,2,17,월요일,6,1.5706429357064287
2025-02-17 07:00:00,2,17,월요일,7,2.217378262173782
2025-02-17 08:00:00,2,17,월요일,8,2.4575942405759417
2025-02-17 09:00:00,2,17,월요일,9,2.1065093490650924
2025-02-17 10:00:00,2,17,월요일,10,1.7554244575542437
2025-02-17 11:00:00,2,17,월요일,11,1.8385761423857605
2025-02-17 12:00:00,2,17,월요일,12,1.9402059794020592
2025-02-17 13:00:00,2,17,월요일,13,1.866293370662933
2025-02-17 14:00:00,2,17,월요일,14,1.9217278272172775
2025-02-17 15:00:00,2,17,월요일,15,2.1065093490650924
2025-02-17 16:00:00,2,17,월요일,16,2.291290870912908
2025-02-17 17:00:00,2,17,월요일,17,2.513028697130286
2025-02-17 18:00:00,2,17,월요일,18,2.3467253274672526
2025-02-17 19:00:00,2,17,월요일,19,1.9956404359564037
2025-02-17 20:00:00,2,17,월요일,20,1.6722727727227271
2025-02-17 21:00:00,2,17,월요일,21,1.376622337766223
2025-02-17 22:00:00,2,17,월요일,22,1.1641235876412355
2025-02-17 23:00:00,2,17,월요일,23,1.0255374462553741
2025-02-18 00:00:00,2,18,화요일,0,0.8271172882711726
2025-02-18 01:00:00,2,18,화요일,1,0.536746325367463
2025-02-18 02:00:00,2,18,화요일,2,0.4663533646635335
2025-02-18 03:00:00,2,18,화요일,3,0.3871612838716127
2025-02-18 04:00:00,2,18,화요일,4,0.5103489651034895
2025-02-18 05:00:00,2,18,화요일,5,0.8975102489751022
2025-02-18 06:00:00,2,18,화요일,6,1.4958504149585037
2025-02-18 07:00:00,2,18,화요일,7,2.1117888211178872
2025-02-18 08:00:00,2,18,화요일,8,2.3405659434056587
2025-02-18 09:00:00,2,18,화요일,9,2.006199380061993
2025-02-18 10:00:00,2,18,화요일,10,1.6718328167183274
2025-02-18 11:00:00,2,18,화요일,11,1.7510248975102483
2025-02-18 12:00:00,2,18,화요일,12,1.8478152184781518
2025-02-18 13:00:00,2,18,화요일,13,1.7774222577742218
2025-02-18 14:00:00,2,18,화요일,14,1.8302169783021691
2025-02-18 15:00:00,2,18,화요일,15,2.006199380061993
2025-02-18 16:00:00,2,18,화요일,16,2.182181781821817
2025-02-18 17:00:00,2,18,화요일,17,2.3933606639336062
2025-02-18 18:00:00,2,18,화요일,18,2.2349765023497645
2025-02-18 19:00:00,2,18,화요일,19,1.9006099390060989
2025-02-18 20:00:00,2,18,화요일,20,1.5926407359264068
2025-02-18 21:00:00,2,18,화요일,21,1.3110688931106886
2025-02-18 22:00:00,2,18,화요일,22,1.108689131086891
2025-02-18 23:00:00,2,18,화요일,23,0.9767023297670231
2025-02-19 00:00:00,2,19,수요일,0,0.8436596340365959
2025-02-19 01:00:00,2,19,수요일,1,0.5474812518748123
2025-02-19 02:00:00,2,19,수요일,2,0.47568043195680415
2025-02-19 03:00:00,2,19,수요일,3,0.39490450954904494
2025-02-19 04:00:00,2,19,수요일,4,0.5205559444055592
2025-02-19 05:00:00,2,19,수요일,5,0.9154604539546042
2025-02-19 06:00:00,2,19,수요일,6,1.5257674232576737
2025-02-19 07:00:00,2,19,수요일,7,2.154024597540245
2025-02-19 08:00:00,2,19,수요일,8,2.387377262273772
2025-02-19 09:00:00,2,19,수요일,9,2.046323367663233
2025-02-19 10:00:00,2,19,수요일,10,1.7052694730526938
2025-02-19 11:00:00,2,19,수요일,11,1.7860453954604532
2025-02-19 12:00:00,2,19,수요일,12,1.8847715228477147
2025-02-19 13:00:00,2,19,수요일,13,1.8129707029297062
2025-02-19 14:00:00,2,19,수요일,14,1.8668213178682125
2025-02-19 15:00:00,2,19,수요일,15,2.046323367663233
2025-02-19 16:00:00,2,19,수요일,16,2.2258254174582532
2025-02-19 17:00:00,2,19,수요일,17,2.441227877212278
2025-02-19 18:00:00,2,19,수요일,18,2.2796760323967598
2025-02-19 19:00:00,2,19,수요일,19,1.9386221377862207
2025-02-19 20:00:00,2,19,수요일,20,1.624493550644935
2025-02-19 21:00:00,2,19,수요일,21,1.3372902709729022
2025-02-19 22:00:00,2,19,수요일,22,1.1308629137086286
2025-02-19 23:00:00,2,19,수요일,23,0.9962363763623635
2025-02-20 00:00:00,2,20,목요일,0,0.8519308069193078
2025-02-20 01:00:00,2,20,목요일,1,0.552848715128487
2025-02-20 02:00:00,2,20,목요일,2,0.4803439656034395
2025-02-20 03:00:00,2,20,목요일,3,0.3987761223877611
2025-02-20 04:00:00,2,20,목요일,4,0.5256594340565941
2025-02-20 05:00:00,2,20,목요일,5,0.9244355564443553
2025-02-20 06:00:00,2,20,목요일,6,1.5407259274072587
2025-02-20 07:00:00,2,20,목요일,7,2.175142485751424
2025-02-20 08:00:00,2,20,목요일,8,2.4107829217078285
2025-02-20 09:00:00,2,20,목요일,9,2.0663853614638525
2025-02-20 10:00:00,2,20,목요일,10,1.7219878012198773
2025-02-20 11:00:00,2,20,목요일,11,1.8035556444355558
2025-02-20 12:00:00,2,20,목요일,12,1.9032496750324963
2025-02-20 13:00:00,2,20,목요일,13,1.8307449255074486
2025-02-20 14:00:00,2,20,목요일,14,1.8851234876512342
2025-02-20 15:00:00,2,20,목요일,15,2.0663853614638525
2025-02-20 16:00:00,2,20,목요일,16,2.247647235276472
2025-02-20 17:00:00,2,20,목요일,17,2.4651614838516145
2025-02-20 18:00:00,2,20,목요일,18,2.3020257974202574
2025-02-20 19:00:00,2,20,목요일,19,1.9576282371762819
2025-02-20 20:00:00,2,20,목요일,20,1.6404199580041992
2025-02-20 21:00:00,2,20,목요일,21,1.3504009599040092
2025-02-20 22:00:00,2,20,목요일,22,1.1419498050194976
2025-02-20 23:00:00,2,20,목요일,23,1.0060033996600337
2025-02-21 00:00:00,2,21,금요일,0,0.8932866713328665
2025-02-21 01:00:00,2,21,금요일,1,0.5796860313968603
2025-02-21 02:00:00,2,21,금요일,2,0.5036616338366162
2025-02-21 03:00:00,2,21,금요일,3,0.4181341865813418
2025-02-21 04:00:00,2,21,금요일,4,0.5511768823117686
2025-02-21 05:00:00,2,21,금요일,5,0.9693110688931106
2025-02-21 06:00:00,2,21,금요일,6,1.615518448155184
2025-02-21 07:00:00,2,21,금요일,7,2.2807319268073187
2025-02-21 08:00:00,2,21,금요일,8,2.527811218878112
2025-02-21 09:00:00,2,21,금요일,9,2.1666953304669527
2025-02-21 10:00:00,2,21,금요일,10,1.8055794420557938
2025-02-21 11:00:00,2,21,금요일,11,1.8911068893110685
2025-02-21 12:00:00,2,21,금요일,12,1.9956404359564042
2025-02-21 13:00:00,2,21,금요일,13,1.91961603839616
2025-02-21 14:00:00,2,21,금요일,14,1.976634336566343
2025-02-21 15:00:00,2,21,금요일,15,2.1666953304669527
2025-02-21 16:00:00,2,21,금요일,16,2.356756324367563
2025-02-21 17:00:00,2,21,금요일,17,2.584829517048295
2025-02-21 18:00:00,2,21,금요일,18,2.413774622537746
2025-02-21 19:00:00,2,21,금요일,19,2.052658734126587
2025-02-21 20:00:00,2,21,금요일,20,1.7200519948005197
2025-02-21 21:00:00,2,21,금요일,21,1.4159544045595438
2025-02-21 22:00:00,2,21,금요일,22,1.1973842615738424
2025-02-21 23:00:00,2,21,금요일,23,1.054838516148385
2025-02-22 00:00:00,2,22,토요일,0,0.7030496950304966
2025-02-22 01:00:00,2,22,토요일,1,0.4562343765623436
2025-02-22 02:00:00,2,22,토요일,2,0.39640035996400347
2025-02-22 03:00:00,2,22,토요일,3,0.3290870912908708
2025-02-22 04:00:00,2,22,토요일,4,0.43379662033796607
2025-02-22 05:00:00,2,22,토요일,5,0.762883711628837
2025-02-22 06:00:00,2,22,토요일,6,1.271472852714728
2025-02-22 07:00:00,2,22,토요일,7,1.7950204979502042
2025-02-22 08:00:00,2,22,토요일,8,1.98948105189481
2025-02-22 09:00:00,2,22,토요일,9,1.705269473052694
2025-02-22 10:00:00,2,22,토요일,10,1.4210578942105783
2025-02-22 11:00:00,2,22,토요일,11,1.488371162883711
2025-02-22 12:00:00,2,22,토요일,12,1.5706429357064289
2025-02-22 13:00:00,2,22,토요일,13,1.5108089191080887
2025-02-22 14:00:00,2,22,토요일,14,1.5556844315568439
2025-02-22 15:00:00,2,22,토요일,15,1.705269473052694
2025-02-22 16:00:00,2,22,토요일,16,1.8548545145485447
2025-02-22 17:00:00,2,22,토요일,17,2.034356564343565
2025-02-22 18:00:00,2,22,토요일,18,1.8997300269972999
2025-02-22 19:00:00,2,22,토요일,19,1.615518448155184
2025-02-22 20:00:00,2,22,토요일,20,1.353744625537446
2025-02-22 21:00:00,2,22,토요일,21,1.1144085591440853
2025-02-22 22:00:00,2,22,토요일,22,0.9423857614238573
2025-02-22 23:00:00,2,22,토요일,23,0.8301969803019696
2025-02-23 00:00:00,2,23,일요일,0,0.6203379662033794
2025-02-23 01:00:00,2,23,일요일,1,0.40255974402559735
2025-02-23 02:00:00,2,23,일요일,2,0.34976502349765015
2025-02-23 03:00:00,2,23,일요일,3,0.29037096290370956
2025-02-23 04:00:00,2,23,일요일,4,0.38276172382761714
2025-02-23 05:00:00,2,23,일요일,5,0.6731326867313268
2025-02-23 06:00:00,2,23,일요일,6,1.121887811218878
2025-02-23 07:00:00,2,23,일요일,7,1.5838416158384157
2025-02-23 08:00:00,2,23,일요일,8,1.7554244575542444
2025-02-23 09:00:00,2,23,일요일,9,1.5046495350464948
2025-02-23 10:00:00,2,23,일요일,10,1.2538746125387457
2025-02-23 11:00:00,2,23,일요일,11,1.3132686731326864
2025-02-23 12:00:00,2,23,일요일,12,1.385861413858614
2025-02-23 13:00:00,2,23,일요일,13,1.3330666933306665
2025-02-23 14:00:00,2,23,일요일,14,1.372662733726627
2025-02-23 15:00:00,2,23,일요일,15,1.5046495350464948
2025-02-23 16:00:00,2,23,일요일,16,1.6366363363663632
2025-02-23 17:00:00,2,23,일요일,17,1.795020497950205
2025-02-23 18:00:00,2,23,일요일,18,1.6762323767623235
2025-02-23 19:00:00,2,23,일요일,19,1.4254574542545744
2025-02-23 20:00:00,2,23,일요일,20,1.1944805519448052
2025-02-23 21:00:00,2,23,일요일,21,0.9833016698330166
2025-02-23 22:00:00,2,23,일요일,22,0.8315168483151683
2025-02-23 23:00:00,2,23,일요일,23,0.7325267473252675
2025-02-24 00:00:00,2,24,월요일,0,0.8684731526847311
2025-02-24 01:00:00,2,24,월요일,1,0.5635836416358362
2025-02-24 02:00:00,2,24,월요일,2,0.48967103289671016
2025-02-24 03:00:00,2,24,월요일,3,0.40651934806519335
2025-02-24 04:00:00,2,24,월요일,4,0.5358664133586639
2025-02-24 05:00:00,2,24,월요일,5,0.9423857614238573
2025-02-24 06:00:00,2,24,월요일,6,1.5706429357064287
2025-02-24 07:00:00,2,24,월요일,7,2.217378262173782
2025-02-24 08:00:00,2,24,월요일,8,2.4575942405759417
2025-02-24 09:00:00,2,24,월요일,9,2.1065093490650924
2025-02-24 10:00:00,2,24,월요일,10,1.7554244575542437
2025-02-24 11:00:00,2,24,월요일,11,1.8385761423857605
2025-02-24 12:00:00,2,24,월요일,12,1.9402059794020592
2025-02-24 13:00:00,2,24,월요일,13,1.866293370662933
2025-02-24 14:00:00,2,24,월요일,14,1.9217278272172775
2025-02-24 15:00:00,2,24,월요일,15,2.1065093490650924
2025-02-24 16:00:00,2,24,월요일,16,2.291290870912908
2025-02-24 17:00:00,2,24,월요일,17,2.513028697130286
2025-02-24 18:00:00,2,24,월요일,18,2.3467253274672526
2025-02-24 19:00:00,2,24,월요일,19,1.9956404359564037
2025-02-24 20:00:00,2,24,월요일,20,1.6722727727227271
2025-02-24 21:00:00,2,24,월요일,21,1.376622337766223
2025-02-24 22:00:00,2,24,월요일,22,1.1641235876412355
2025-02-24 23:00:00,2,24,월요일,23,1.0255374462553741
2025-02-25 00:00:00,2,25,화요일,0,0.8271172882711726
2025-02-25 01:00:00,2,25,화요일,1,0.536746325367463
2025-02-25 02:00:00,2,25,화요일,2,0.4663533646635335
2025-02-25 03:00:00,2,25,화요일,3,0.3871612838716127
2025-02-25 04:00:00,2,25,화요일,4,0.5103489651034895
2025-02-25 05:00:00,2,25,화요일,5,0.8975102489751022
2025-02-25 06:00:00,2,25,화요일,6,1.4958504149585037
2025-02-25 07:00:00,2,25,화요일,7,2.1117888211178872
2025-02-25 08:00:00,2,25,화요일,8,2.3405659434056587
2025-02-25 09:00:00,2,25,화요일,9,2.006199380061993
2025-02-25 10:00:00,2,25,화요일,10,1.6718328167183274
2025-02-25 11:00:00,2,25,화요일,11,1.7510248975102483
2025-02-25 12:00:00,2,25,화요일,12,1.8478152184781518
2025-02-25 13:00:00,2,25,화요일,13,1.7774222577742218
2025-02-25 14:00:00,2,25,화요일,14,1.8302169783021691
2025-02-25 15:00:00,2,25,화요일,15,2.006199380061993
2025-02-25 16:00:00,2,25,화요일,16,2.182181781821817
2025-02-25 17:00:00,2,25,화요일,17,2.3933606639336062
2025-02-25 18:00:00,2,25,화요일,18,2.2349765023497645
2025-02-25 19:00:00,2,25,화요일,19,1.9006099390060989
2025-02-25 20:00:00,2,25,화요일,20,1.5926407359264068
2025-02-25 21:00:00,2,25,화요일,21,1.3110688931106886
2025-02-25 22:00:00,2,25,화요일,22,1.108689131086891
2025-02-25 23:00:00,2,25,화요일,23,0.9767023297670231
2025-02-26 00:00:00,2,26,수요일,0,0.8436596340365959
2025-02-26 01:00:00,2,26,수요일,1,0.5474812518748123
2025-02-26 02:00:00,2,26,수요일,2,0.47568043195680415
2025-02-26 03:00:00,2,26,수요일,3,0.39490450954904494
2025-02-26 04:00:00,2,26,수요일,4,0.5205559444055592
2025-02-26 05:00:00,2,26,수요일,5,0.9154604539546042
2025-02-26 06:00:00,2,26,수요일,6,1.5257674232576737
2025-02-26 07:00:00,2,26,수요일,7,2.154024597540245
2025-02-26 08:00:00,2,26,수요일,8,2.387377262273772
2025-02-26 09:00:00,2,26,수요일,9,2.046323367663233
2025-02-26 10:00:00,2,26,수요일,10,1.7052694730526938
2025-02-26 11:00:00,2,26,수요일,11,1.7860453954604532
2025-02-26 12:00:00,2,26,수요일,12,1.8847715228477147
2025-02-26 13:00:00,2,26,수요일,13,1.8129707029297062
2025-02-26 14:00:00,2,26,수요일,14,1.8668213178682125
2025-02-26 15:00:00,2,26,수요일,15,2.046323367663233
2025-02-26 16:00:00,2,26,수요일,16,2.2258254174582532
2025-02-26 17:00:00,2,26,수요일,17,2.441227877212278
2025-02-26 18:00:00,2,26,수요일,18,2.2796760323967598
2025-02-26 19:00:00,2,26,수요일,19,1.9386221377862207
2025-02-26 20:00:00,2,26,수요일,20,1.624493550644935
2025-02-26 21:00:00,2,26,수요일,21,1.3372902709729022
2025-02-26 22:00:00,2,26,수요일,22,1.1308629137086286
2025-02-26 23:00:00,2,26,수요일,23,0.9962363763623635
2025-02-27 00:00:00,2,27,목요일,0,0.8519308069193078
2025-02-27 01:00:00,2,27,목요일,1,0.552848715128487
2025-02-27 02:00:00,2,27,목요일,2,0.4803439656034395
2025-02-27 03:00:00,2,27,목요일,3,0.3987761223877611
2025-02-27 04:00:00,2,27,목요일,4,0.5256594340565941
2025-02-27 05:00:00,2,27,목요일,5,0.9244355564443553
2025-02-27 06:00:00,2,27,목요일,6,1.5407259274072587
2025-02-27 07:00:00,2,27,목요일,7,2.175142485751424
2025-02-27 08:00:00,2,27,목요일,8,2.4107829217078285
2025-02-27 09:00:00,2,27,목요일,9,2.0663853614638525
2025-02-27 10:00:00,2,27,목요일,10,1.7219878012198773
2025-02-27 11:00:00,2,27,목요일,11,1.8035556444355558
2025-02-27 12:00:00,2,27,목요일,12,1.9032496750324963
2025-02-27 13:00:00,2,27,목요일,13,1.8307449255074486
2025-02-27 14:00:00,2,27,목요일,14,1.8851234876512342
2025-02-27 15:00:00,2,27,목요일,15,2.0663853614638525
2025-02-27 16:00:00,2,27,목요일,16,2.247647235276472
2025-02-27 17:00:00,2,27,목요일,17,2.4651614838516145
2025-02-27 18:00:00,2,27,목요일,18,2.3020257974202574
2025-02-27 19:00:00,2,27,목요일,19,1.9576282371762819
2025-02-27 20:00:00,2,27,목요일,20,1.6404199580041992
2025-02-27 21:00:00,2,27,목요일,21,1.3504009599040092
2025-02-27 22:00:00,2,27,목요일,22,1.1419498050194976
2025-02-27 23:00:00,2,27,목요일,23,1.0060033996600337
2025-02-28 00:00:00,2,28,금요일,0,0.8932866713328665
2025-02-28 01:00:00,2,28,금요일,1,0.5796860313968603
2025-02-28 02:00:00,2,28,금요일,2,0.5036616338366162
2025-02-28 03:00:00,2,28,금요일,3,0.4181341865813418
2025-02-28 04:00:00,2,28,금요일,4,0.5511768823117686
2025-02-28 05:00:00,2,28,금요일,5,0.9693110688931106
2025-02-28 06:00:00,2,28,금요일,6,1.615518448155184
2025-02-28 07:00:00,2,28,금요일,7,2.2807319268073187
2025-02-28 08:00:00,2,28,금요일,8,2.527811218878112
2025-02-28 09:00:00,2,28,금요일,9,2.1666953304669527
2025-02-28 10:00:00,2,28,금요일,10,1.8055794420557938
2025-02-28 11:00:00,2,28,금요일,11,1.8911068893110685
2025-02-28 12:00:00,2,28,금요일,12,1.9956404359564042
2025-02-28 13:00:00,2,28,금요일,13,1.91961603839616
2025-02-28 14:00:00,2,28,금요일,14,1.976634336566343
2025-02-28 15:00:00,2,28,금요일,15,2.1666953304669527
2025-02-28 16:00:00,2,28,금요일,16,2.356756324367563
2025-02-28 17:00:00,2,28,금요일,17,2.584829517048295
2025-02-28 18:00:00,2,28,금요일,18,2.413774622537746
2025-02-28 19:00:00,2,28,금요일,19,2.052658734126587
2025-02-28 20:00:00,2,28,금요일,20,1.7200519948005197
2025-02-28 21:00:00,2,28,금요일,21,1.4159544045595438
2025-02-28 22:00:00,2,28,금요일,22,1.1973842615738424
2025-02-28 23:00:00,2,28,금요일,23,1.054838516148385
2025-03-01 00:00:00,3,1,토요일,0,0.7989201079892008
2025-03-01 01:00:00,3,1,토요일,1,0.5184481551844814
2025-03-01 02:00:00,3,1,토요일,2,0.4504549545045494
2025-03-01 03:00:00,3,1,토요일,3,0.3739626037396259
2025-03-01 04:00:00,3,1,토요일,4,0.4929507049295068
2025-03-01 05:00:00,3,1,토요일,5,0.8669133086691329
2025-03-01 06:00:00,3,1,토요일,6,1.4448555144485546
2025-03-01 07:00:00,3,1,토요일,7,2.0397960203979593
2025-03-01 08:00:00,3,1,토요일,8,2.2607739226077386
2025-03-01 09:00:00,3,1,토요일,9,1.9378062193780612
2025-03-01 10:00:00,3,1,토요일,10,1.6148385161483845
2025-03-01 11:00:00,3,1,토요일,11,1.691330866913308
2025-03-01 12:00:00,3,1,토요일,12,1.7848215178482147
2025-03-01 13:00:00,3,1,토요일,13,1.7168283171682825
2025-03-01 14:00:00,3,1,토요일,14,1.7678232176782316
2025-03-01 15:00:00,3,1,토요일,15,1.9378062193780612
2025-03-01 16:00:00,3,1,토요일,16,2.1077892210778915
2025-03-01 17:00:00,3,1,토요일,17,2.3117688231176876
2025-03-01 18:00:00,3,1,토요일,18,2.1587841215878405
2025-03-01 19:00:00,3,1,토요일,19,1.8358164183581638
2025-03-01 20:00:00,3,1,토요일,20,1.5383461653834611
2025-03-01 21:00:00,3,1,토요일,21,1.2663733626637332
2025-03-01 22:00:00,3,1,토요일,22,1.0708929107089287
2025-03-01 23:00:00,3,1,토요일,23,0.9434056594340564
2025-03-02 00:00:00,3,2,일요일,0,0.7049295070492948
2025-03-02 01:00:00,3,2,일요일,1,0.4574542545745424
2025-03-02 02:00:00,3,2,일요일,2,0.39746025397460244
2025-03-02 03:00:00,3,2,일요일,3,0.32996700329966994
2025-03-02 04:00:00,3,2,일요일,4,0.4349565043495649
2025-03-02 05:00:00,3,2,일요일,5,0.7649235076492349
2025-03-02 06:00:00,3,2,일요일,6,1.2748725127487248
2025-03-02 07:00:00,3,2,일요일,7,1.7998200179981996
2025-03-02 08:00:00,3,2,일요일,8,1.9948005199480048
2025-03-02 09:00:00,3,2,일요일,9,1.7098290170982895
2025-03-02 10:00:00,3,2,일요일,10,1.4248575142485747
2025-03-02 11:00:00,3,2,일요일,11,1.492350764923507
2025-03-02 12:00:00,3,2,일요일,12,1.574842515748425
2025-03-02 13:00:00,3,2,일요일,13,1.5148485151484847
2025-03-02 14:00:00,3,2,일요일,14,1.5598440155984397
2025-03-02 15:00:00,3,2,일요일,15,1.7098290170982895
2025-03-02 16:00:00,3,2,일요일,16,1.8598140185981398
2025-03-02 17:00:00,3,2,일요일,17,2.0397960203979597
2025-03-02 18:00:00,3,2,일요일,18,1.9048095190480947
2025-03-02 19:00:00,3,2,일요일,19,1.6198380161983799
2025-03-02 20:00:00,3,2,일요일,20,1.3573642635736423
2025-03-02 21:00:00,3,2,일요일,21,1.1173882611738823
2025-03-02 22:00:00,3,2,일요일,22,0.9449055094490548
2025-03-02 23:00:00,3,2,일요일,23,0.8324167583241675
2025-03-03 00:00:00,3,3,월요일,0,0.9869013098690127
2025-03-03 01:00:00,3,3,월요일,1,0.6404359564043594
2025-03-03 02:00:00,3,3,월요일,2,0.5564443555644434
2025-03-03 03:00:00,3,3,월요일,3,0.4619538046195379
2025-03-03 04:00:00,3,3,월요일,4,0.6089391060893908
2025-03-03 05:00:00,3,3,월요일,5,1.070892910708929
2025-03-03 06:00:00,3,3,월요일,6,1.7848215178482145
2025-03-03 07:00:00,3,3,월요일,7,2.5197480251974795
2025-03-03 08:00:00,3,3,월요일,8,2.7927207279272066
2025-03-03 09:00:00,3,3,월요일,9,2.393760623937605
2025-03-03 10:00:00,3,3,월요일,10,1.9948005199480043
2025-03-03 11:00:00,3,3,월요일,11,2.08929107089291
2025-03-03 12:00:00,3,3,월요일,12,2.2047795220477946
2025-03-03 13:00:00,3,3,월요일,13,2.1207879212078784
2025-03-03 14:00:00,3,3,월요일,14,2.1837816218378157
2025-03-03 15:00:00,3,3,월요일,15,2.393760623937605
2025-03-03 16:00:00,3,3,월요일,16,2.6037396260373957
2025-03-03 17:00:00,3,3,월요일,17,2.855714428557144
2025-03-03 18:00:00,3,3,월요일,18,2.6667333266673325
2025-03-03 19:00:00,3,3,월요일,19,2.267773222677732
2025-03-03 20:00:00,3,3,월요일,20,1.9003099690030991
2025-03-03 21:00:00,3,3,월요일,21,1.5643435656434352
2025-03-03 22:00:00,3,3,월요일,22,1.3228677132286768
2025-03-03 23:00:00,3,3,월요일,23,1.1653834616538343
2025-03-04 00:00:00,3,4,화요일,0,0.9399060093990598
2025-03-04 01:00:00,3,4,화요일,1,0.6099390060993899
2025-03-04 02:00:00,3,4,화요일,2,0.5299470052994699
2025-03-04 03:00:00,3,4,화요일,3,0.43995600439955995
2025-03-04 04:00:00,3,4,화요일,4,0.5799420057994199
2025-03-04 05:00:00,3,4,화요일,5,1.0198980101989799
2025-03-04 06:00:00,3,4,화요일,6,1.6998300169982996
2025-03-04 07:00:00,3,4,화요일,7,2.3997600239975996
2025-03-04 08:00:00,3,4,화요일,8,2.6597340265973397
2025-03-04 09:00:00,3,4,화요일,9,2.279772022797719
2025-03-04 10:00:00,3,4,화요일,10,1.8998100189980995
2025-03-04 11:00:00,3,4,화요일,11,1.9898010198980096
2025-03-04 12:00:00,3,4,화요일,12,2.0997900209979
2025-03-04 13:00:00,3,4,화요일,13,2.0197980201979795
2025-03-04 14:00:00,3,4,화요일,14,2.0797920207979197
2025-03-04 15:00:00,3,4,화요일,15,2.279772022797719
2025-03-04 16:00:00,3,4,화요일,16,2.4797520247975195
2025-03-04 17:00:00,3,4,화요일,17,2.71972802719728
2025-03-04 18:00:00,3,4,화요일,18,2.5397460253974597
2025-03-04 19:00:00,3,4,화요일,19,2.1597840215978397
2025-03-04 20:00:00,3,4,화요일,20,1.8098190180981897
2025-03-04 21:00:00,3,4,화요일,21,1.4898510148985098
2025-03-04 22:00:00,3,4,화요일,22,1.2598740125987398
2025-03-04 23:00:00,3,4,화요일,23,1.10988901109889
2025-03-05 00:00:00,3,5,수요일,0,0.9587041295870409
2025-03-05 01:00:00,3,5,수요일,1,0.6221377862213776
2025-03-05 02:00:00,3,5,수요일,2,0.5405459454054593
2025-03-05 03:00:00,3,5,수요일,3,0.4487551244875511
2025-03-05 04:00:00,3,5,수요일,4,0.5915408459154082
2025-03-05 05:00:00,3,5,수요일,5,1.0402959704029595
2025-03-05 06:00:00,3,5,수요일,6,1.7338266173382657
2025-03-05 07:00:00,3,5,수요일,7,2.447755224477551
2025-03-05 08:00:00,3,5,수요일,8,2.7129287071292865
2025-03-05 09:00:00,3,5,수요일,9,2.3253674632536736
2025-03-05 10:00:00,3,5,수요일,10,1.9378062193780614
2025-03-05 11:00:00,3,5,수요일,11,2.0295970402959695
2025-03-05 12:00:00,3,5,수요일,12,2.141785821417858
2025-03-05 13:00:00,3,5,수요일,13,2.060193980601939
2025-03-05 14:00:00,3,5,수요일,14,2.121387861213878
2025-03-05 15:00:00,3,5,수요일,15,2.3253674632536736
2025-03-05 16:00:00,3,5,수요일,16,2.5293470652934698
2025-03-05 17:00:00,3,5,수요일,17,2.774122587741225
2025-03-05 18:00:00,3,5,수요일,18,2.590540945905409
2025-03-05 19:00:00,3,5,수요일,19,2.2029797020297965
2025-03-05 20:00:00,3,5,수요일,20,1.8460153984601533
2025-03-05 21:00:00,3,5,수요일,21,1.51964803519648
2025-03-05 22:00:00,3,5,수요일,22,1.2850714928507145
2025-03-05 23:00:00,3,5,수요일,23,1.1320867913208676
2025-03-06 00:00:00,3,6,목요일,0,0.9681031896810316
2025-03-06 01:00:00,3,6,목요일,1,0.6282371762823716
2025-03-06 02:00:00,3,6,목요일,2,0.545845415458454
2025-03-06 03:00:00,3,6,목요일,3,0.4531546845315467
2025-03-06 04:00:00,3,6,목요일,4,0.5973402659734025
2025-03-06 05:00:00,3,6,목요일,5,1.0504949505049492
2025-03-06 06:00:00,3,6,목요일,6,1.7508249175082486
2025-03-06 07:00:00,3,6,목요일,7,2.4717528247175276
2025-03-06 08:00:00,3,6,목요일,8,2.73952604739526
2025-03-06 09:00:00,3,6,목요일,9,2.348165183481651
2025-03-06 10:00:00,3,6,목요일,10,1.9568043195680425
2025-03-06 11:00:00,3,6,목요일,11,2.04949505049495
2025-03-06 12:00:00,3,6,목요일,12,2.1627837216278367
2025-03-06 13:00:00,3,6,목요일,13,2.0803919608039187
2025-03-06 14:00:00,3,6,목요일,14,2.142185781421857
2025-03-06 15:00:00,3,6,목요일,15,2.348165183481651
2025-03-06 16:00:00,3,6,목요일,16,2.5541445855414455
2025-03-06 17:00:00,3,6,목요일,17,2.801319868013198
2025-03-06 18:00:00,3,6,목요일,18,2.6159384061593833
2025-03-06 19:00:00,3,6,목요일,19,2.224577542245775
2025-03-06 20:00:00,3,6,목요일,20,1.8641135886411353
2025-03-06 21:00:00,3,6,목요일,21,1.5345465453454652
2025-03-06 22:00:00,3,6,목요일,22,1.297670232976702
2025-03-06 23:00:00,3,6,목요일,23,1.1431856814318566
2025-03-07 00:00:00,3,7,금요일,0,1.0150984901509847
2025-03-07 01:00:00,3,7,금요일,1,0.6587341265873412
2025-03-07 02:00:00,3,7,금요일,2,0.5723427657234276
2025-03-07 03:00:00,3,7,금요일,3,0.4751524847515248
2025-03-07 04:00:00,3,7,금요일,4,0.6263373662633736
2025-03-07 05:00:00,3,7,금요일,5,1.1014898510148985
2025-03-07 06:00:00,3,7,금요일,6,1.835816418358164
2025-03-07 07:00:00,3,7,금요일,7,2.591740825917408
2025-03-07 08:00:00,3,7,금요일,8,2.872512748725127
2025-03-07 09:00:00,3,7,금요일,9,2.4621537846215373
2025-03-07 10:00:00,3,7,금요일,10,2.0517948205179475
2025-03-07 11:00:00,3,7,금요일,11,2.1489851014898504
2025-03-07 12:00:00,3,7,금요일,12,2.2677732226777323
2025-03-07 13:00:00,3,7,금요일,13,2.181381861813818
2025-03-07 14:00:00,3,7,금요일,14,2.2461753824617534
2025-03-07 15:00:00,3,7,금요일,15,2.4621537846215373
2025-03-07 16:00:00,3,7,금요일,16,2.6781321867813217
2025-03-07 17:00:00,3,7,금요일,17,2.9373062693730625
2025-03-07 18:00:00,3,7,금요일,18,2.742925707429257
2025-03-07 19:00:00,3,7,금요일,19,2.332566743325667
2025-03-07 20:00:00,3,7,금요일,20,1.9546045395460452
2025-03-07 21:00:00,3,7,금요일,21,1.6090390960903909
2025-03-07 22:00:00,3,7,금요일,22,1.360663933606639
2025-03-07 23:00:00,3,7,금요일,23,1.1986801319868012
2025-03-08 00:00:00,3,8,토요일,0,0.7989201079892008
2025-03-08 01:00:00,3,8,토요일,1,0.5184481551844814
2025-03-08 02:00:00,3,8,토요일,2,0.4504549545045494
2025-03-08 03:00:00,3,8,토요일,3,0.3739626037396259
2025-03-08 04:00:00,3,8,토요일,4,0.4929507049295068
2025-03-08 05:00:00,3,8,토요일,5,0.8669133086691329
2025-03-08 06:00:00,3,8,토요일,6,1.4448555144485546
2025-03-08 07:00:00,3,8,토요일,7,2.0397960203979593
2025-03-08 08:00:00,3,8,토요일,8,2.2607739226077386
2025-03-08 09:00:00,3,8,토요일,9,1.9378062193780612
2025-03-08 10:00:00,3,8,토요일,10,1.6148385161483845
2025-03-08 11:00:00,3,8,토요일,11,1.691330866913308
2025-03-08 12:00:00,3,8,토요일,12,1.7848215178482147
2025-03-08 13:00:00,3,8,토요일,13,1.7168283171682825
2025-03-08 14:00:00,3,8,토요일,14,1.7678232176782316
2025-03-08 15:00:00,3,8,토요일,15,1.9378062193780612
2025-03-08 16:00:00,3,8,토요일,16,2.1077892210778915
2025-03-08 17:00:00,3,8,토요일,17,2.3117688231176876
2025-03-08 18:00:00,3,8,토요일,18,2.1587841215878405
2025-03-08 19:00:00,3,8,토요일,19,1.8358164183581638
2025-03-08 20:00:00,3,8,토요일,20,1.5383461653834611
2025-03-08 21:00:00,3,8,토요일,21,1.2663733626637332
2025-03-08 22:00:00,3,8,토요일,22,1.0708929107089287
2025-03-08 23:00:00,3,8,토요일,23,0.9434056594340564
2025-03-09 00:00:00,3,9,일요일,0,0.7049295070492948
2025-03-09 01:00:00,3,9,일요일,1,0.4574542545745424
2025-03-09 02:00:00,3,9,일요일,2,0.39746025397460244
2025-03-09 03:00:00,3,9,일요일,3,0.32996700329966994
2025-03-09 04:00:00,3,9,일요일,4,0.4349565043495649
2025-03-09 05:00:00,3,9,일요일,5,0.7649235076492349
2025-03-09 06:00:00,3,9,일요일,6,1.2748725127487248
2025-03-09 07:00:00,3,9,일요일,7,1.7998200179981996
2025-03-09 08:00:00,3,9,일요일,8,1.9948005199480048
2025-03-09 09:00:00,3,9,일요일,9,1.7098290170982895
2025-03-09 10:00:00,3,9,일요일,10,1.4248575142485747
2025-03-09 11:00:00,3,9,일요일,11,1.492350764923507
2025-03-09 12:00:00,3,9,일요일,12,1.574842515748425
2025-03-09 13:00:00,3,9,일요일,13,1.5148485151484847
2025-03-09 14:00:00,3,9,일요일,14,1.5598440155984397
2025-03-09 15:00:00,3,9,일요일,15,1.7098290170982895
2025-03-09 16:00:00,3,9,일요일,16,1.8598140185981398
2025-03-09 17:00:00,3,9,일요일,17,2.0397960203979597
2025-03-09 18:00:00,3,9,일요일,18,1.9048095190480947
2025-03-09 19:00:00,3,9,일요일,19,1.6198380161983799
2025-03-09 20:00:00,3,9,일요일,20,1.3573642635736423
2025-03-09 21:00:00,3,9,일요일,21,1.1173882611738823
2025-03-09 22:00:00,3,9,일요일,22,0.9449055094490548
2025-03-09 23:00:00,3,9,일요일,23,0.8324167583241675
2025-03-10 00:00:00,3,10,월요일,0,0.9869013098690127
2025-03-10 01:00:00,3,10,월요일,1,0.6404359564043594
2025-03-10 02:00:00,3,10,월요일,2,0.5564443555644434
2025-03-10 03:00:00,3,10,월요일,3,0.4619538046195379
2025-03-10 04:00:00,3,10,월요일,4,0.6089391060893908
2025-03-10 05:00:00,3,10,월요일,5,1.070892910708929
2025-03-10 06:00:00,3,10,월요일,6,1.7848215178482145
2025-03-10 07:00:00,3,10,월요일,7,2.5197480251974795
2025-03-10 08:00:00,3,10,월요일,8,2.7927207279272066
2025-03-10 09:00:00,3,10,월요일,9,2.393760623937605
2025-03-10 10:00:00,3,10,월요일,10,1.9948005199480043
2025-03-10 11:00:00,3,10,월요일,11,2.08929107089291
2025-03-10 12:00:00,3,10,월요일,12,2.2047795220477946
2025-03-10 13:00:00,3,10,월요일,13,2.1207879212078784
2025-03-10 14:00:00,3,10,월요일,14,2.1837816218378157
2025-03-10 15:00:00,3,10,월요일,15,2.393760623937605
2025-03-10 16:00:00,3,10,월요일,16,2.6037396260373957
2025-03-10 17:00:00,3,10,월요일,17,2.855714428557144
2025-03-10 18:00:00,3,10,월요일,18,2.6667333266673325
2025-03-10 19:00:00,3,10,월요일,19,2.267773222677732
2025-03-10 20:00:00,3,10,월요일,20,1.9003099690030991
2025-03-10 21:00:00,3,10,월요일,21,1.5643435656434352
2025-03-10 22:00:00,3,10,월요일,22,1.3228677132286768
2025-03-10 23:00:00,3,10,월요일,23,1.1653834616538343
2025-03-11 00:00:00,3,11,화요일,0,0.9399060093990598
2025-03-11 01:00:00,3,11,화요일,1,0.6099390060993899
2025-03-11 02:00:00,3,11,화요일,2,0.5299470052994699
2025-03-11 03:00:00,3,11,화요일,3,0.43995600439955995
2025-03-11 04:00:00,3,11,화요일,4,0.5799420057994199
2025-03-11 05:00:00,3,11,화요일,5,1.0198980101989799
2025-03-11 06:00:00,3,11,화요일,6,1.6998300169982996
2025-03-11 07:00:00,3,11,화요일,7,2.3997600239975996
2025-03-11 08:00:00,3,11,화요일,8,2.6597340265973397
2025-03-11 09:00:00,3,11,화요일,9,2.279772022797719
2025-03-11 10:00:00,3,11,화요일,10,1.8998100189980995
2025-03-11 11:00:00,3,11,화요일,11,1.9898010198980096
2025-03-11 12:00:00,3,11,화요일,12,2.0997900209979
2025-03-11 13:00:00,3,11,화요일,13,2.0197980201979795
2025-03-11 14:00:00,3,11,화요일,14,2.0797920207979197
2025-03-11 15:00:00,3,11,화요일,15,2.279772022797719
2025-03-11 16:00:00,3,11,화요일,16,2.4797520247975195
2025-03-11 17:00:00,3,11,화요일,17,2.71972802719728
2025-03-11 18:00:00,3,11,화요일,18,2.5397460253974597
2025-03-11 19:00:00,3,11,화요일,19,2.1597840215978397
2025-03-11 20:00:00,3,11,화요일,20,1.8098190180981897
2025-03-11 21:00:00,3,11,화요일,21,1.4898510148985098
2025-03-11 22:00:00,3,11,화요일,22,1.2598740125987398
2025-03-11 23:00:00,3,11,화요일,23,1.10988901109889
2025-03-12 00:00:00,3,12,수요일,0,0.9587041295870409
2025-03-12 01:00:00,3,12,수요일,1,0.6221377862213776
2025-03-12 02:00:00,3,12,수요일,2,0.5405459454054593
2025-03-12 03:00:00,3,12,수요일,3,0.4487551244875511
2025-03-12 04:00:00,3,12,수요일,4,0.5915408459154082
2025-03-12 05:00:00,3,12,수요일,5,1.0402959704029595
2025-03-12 06:00:00,3,12,수요일,6,1.7338266173382657
2025-03-12 07:00:00,3,12,수요일,7,2.447755224477551
2025-03-12 08:00:00,3,12,수요일,8,2.7129287071292865
2025-03-12 09:00:00,3,12,수요일,9,2.3253674632536736
2025-03-12 10:00:00,3,12,수요일,10,1.9378062193780614
2025-03-12 11:00:00,3,12,수요일,11,2.0295970402959695
2025-03-12 12:00:00,3,12,수요일,12,2.141785821417858
2025-03-12 13:00:00,3,12,수요일,13,2.060193980601939
2025-03-12 14:00:00,3,12,수요일,14,2.121387861213878
2025-03-12 15:00:00,3,12,수요일,15,2.3253674632536736
2025-03-12 16:00:00,3,12,수요일,16,2.5293470652934698
2025-03-12 17:00:00,3,12,수요일,17,2.774122587741225
2025-03-12 18:00:00,3,12,수요일,18,2.590540945905409
2025-03-12 19:00:00,3,12,수요일,19,2.2029797020297965
2025-03-12 20:00:00,3,12,수요일,20,1.8460153984601533
2025-03-12 21:00:00,3,12,수요일,21,1.51964803519648
2025-03-12 22:00:00,3,12,수요일,22,1.2850714928507145
2025-03-12 23:00:00,3,12,수요일,23,1.1320867913208676
2025-03-13 00:00:00,3,13,목요일,0,0.9681031896810316
2025-03-13 01:00:00,3,13,목요일,1,0.6282371762823716
2025-03-13 02:00:00,3,13,목요일,2,0.545845415458454
2025-03-13 03:00:00,3,13,목요일,3,0.4531546845315467
2025-03-13 04:00:00,3,13,목요일,4,0.5973402659734025
2025-03-13 05:00:00,3,13,목요일,5,1.0504949505049492
2025-03-13 06:00:00,3,13,목요일,6,1.7508249175082486
2025-03-13 07:00:00,3,13,목요일,7,2.4717528247175276
2025-03-13 08:00:00,3,13,목요일,8,2.73952604739526
2025-03-13 09:00:00,3,13,목요일,9,2.348165183481651
2025-03-13 10:00:00,3,13,목요일,10,1.9568043195680425
2025-03-13 11:00:00,3,13,목요일,11,2.04949505049495
2025-03-13 12:00:00,3,13,목요일,12,2.1627837216278367
2025-03-13 13:00:00,3,13,목요일,13,2.0803919608039187
2025-03-13 14:00:00,3,13,목요일,14,2.142185781421857
2025-03-13 15:00:00,3,13,목요일,15,2.348165183481651
2025-03-13 16:00:00,3,13,목요일,16,2.5541445855414455
2025-03-13 17:00:00,3,13,목요일,17,2.801319868013198
2025-03-13 18:00:00,3,13,목요일,18,2.6159384061593833
2025-03-13 19:00:00,3,13,목요일,19,2.224577542245775
2025-03-13 20:00:00,3,13,목요일,20,1.8641135886411353
2025-03-13 21:00:00,3,13,목요일,21,1.5345465453454652
2025-03-13 22:00:00,3,13,목요일,22,1.297670232976702
2025-03-13 23:00:00,3,13,목요일,23,1.1431856814318566
2025-03-14 00:00:00,3,14,금요일,0,1.0150984901509847
2025-03-14 01:00:00,3,14,금요일,1,0.6587341265873412
2025-03-14 02:00:00,3,14,금요일,2,0.5723427657234276
2025-03-14 03:00:00,3,14,금요일,3,0.4751524847515248
2025-03-14 04:00:00,3,14,금요일,4,0.6263373662633736
2025-03-14 05:00:00,3,14,금요일,5,1.1014898510148985
2025-03-14 06:00:00,3,14,금요일,6,1.835816418358164
2025-03-14 07:00:00,3,14,금요일,7,2.591740825917408
2025-03-14 08:00:00,3,14,금요일,8,2.872512748725127
2025-03-14 09:00:00,3,14,금요일,9,2.4621537846215373
2025-03-14 10:00:00,3,14,금요일,10,2.0517948205179475
2025-03-14 11:00:00,3,14,금요일,11,2.1489851014898504
2025-03-14 12:00:00,3,14,금요일,12,2.2677732226777323
2025-03-14 13:00:00,3,14,금요일,13,2.181381861813818
2025-03-14 14:00:00,3,14,금요일,14,2.2461753824617534
2025-03-14 15:00:00,3,14,금요일,15,2.4621537846215373
2025-03-14 16:00:00,3,14,금요일,16,2.6781321867813217
2025-03-14 17:00:00,3,14,금요일,17,2.9373062693730625
2025-03-14 18:00:00,3,14,금요일,18,2.742925707429257
2025-03-14 19:00:00,3,14,금요일,19,2.332566743325667
2025-03-14 20:00:00,3,14,금요일,20,1.9546045395460452
2025-03-14 21:00:00,3,14,금요일,21,1.6090390960903909
2025-03-14 22:00:00,3,14,금요일,22,1.360663933606639
2025-03-14 23:00:00,3,14,금요일,23,1.1986801319868012
2025-03-15 00:00:00,3,15,토요일,0,0.7989201079892008
2025-03-15 01:00:00,3,15,토요일,1,0.5184481551844814
2025-03-15 02:00:00,3,15,토요일,2,0.4504549545045494
2025-03-15 03:00:00,3,15,토요일,3,0.3739626037396259
2025-03-15 04:00:00,3,15,토요일,4,0.4929507049295068
2025-03-15 05:00:00,3,15,토요일,5,0.8669133086691329
2025-03-15 06:00:00,3,15,토요일,6,1.4448555144485546
2025-03-15 07:00:00,3,15,토요일,7,2.0397960203979593
2025-03-15 08:00:00,3,15,토요일,8,2.2607739226077386
2025-03-15 09:00:00,3,15,토요일,9,1.9378062193780612
2025-03-15 10:00:00,3,15,토요일,10,1.6148385161483845
2025-03-15 11:00:00,3,15,토요일,11,1.691330866913308
2025-03-15 12:00:00,3,15,토요일,12,1.7848215178482147
2025-03-15 13:00:00,3,15,토요일,13,1.7168283171682825
2025-03-15 14:00:00,3,15,토요일,14,1.7678232176782316
2025-03-15 15:00:00,3,15,토요일,15,1.9378062193780612
2025-03-15 16:00:00,3,15,토요일,16,2.1077892210778915
2025-03-15 17:00:00,3,15,토요일,17,2.3117688231176876
2025-03-15 18:00:00,3,15,토요일,18,2.1587841215878405
2025-03-15 19:00:00,3,15,토요일,19,1.8358164183581638
2025-03-15 20:00:00,3,15,토요일,20,1.5383461653834611
2025-03-15 21:00:00,3,15,토요일,21,1.2663733626637332
2025-03-15 22:00:00,3,15,토요일,22,1.0708929107089287
2025-03-15 23:00:00,3,15,토요일,23,0.9434056594340564
2025-03-16 00:00:00,3,16,일요일,0,0.7049295070492948
2025-03-16 01:00:00,3,16,일요일,1,0.4574542545745424
2025-03-16 02:00:00,3,16,일요일,2,0.39746025397460244
2025-03-16 03:00:00,3,16,일요일,3,0.32996700329966994
2025-03-16 04:00:00,3,16,일요일,4,0.4349565043495649
2025-03-16 05:00:00,3,16,일요일,5,0.7649235076492349
2025-03-16 06:00:00,3,16,일요일,6,1.2748725127487248
2025-03-16 07:00:00,3,16,일요일,7,1.7998200179981996
2025-03-16 08:00:00,3,16,일요일,8,1.9948005199480048
2025-03-16 09:00:00,3,16,일요일,9,1.7098290170982895
2025-03-16 10:00:00,3,16,일요일,10,1.4248575142485747
2025-03-16 11:00:00,3,16,일요일,11,1.492350764923507
2025-03-16 12:00:00,3,16,일요일,12,1.574842515748425
2025-03-16 13:00:00,3,16,일요일,13,1.5148485151484847
2025-03-16 14:00:00,3,16,일요일,14,1.5598440155984397
2025-03-16 15:00:00,3,16,일요일,15,1.7098290170982895
2025-03-16 16:00:00,3,16,일요일,16,1.8598140185981398
2025-03-16 17:00:00,3,16,일요일,17,2.0397960203979597
2025-03-16 18:00:00,3,16,일요일,18,1.9048095190480947
2025-03-16 19:00:00,3,16,일요일,19,1.6198380161983799
2025-03-16 20:00:00,3,16,일요일,20,1.3573642635736423
2025-03-16 21:00:00,3,16,일요일,21,1.1173882611738823
2025-03-16 22:00:00,3,16,일요일,22,0.9449055094490548
2025-03-16 23:00:00,3,16,일요일,23,0.8324167583241675
2025-03-17 00:00:00,3,17,월요일,0,0.9869013098690127
2025-03-17 01:00:00,3,17,월요일,1,0.6404359564043594
2025-03-17 02:00:00,3,17,월요일,2,0.5564443555644434
2025-03-17 03:00:00,3,17,월요일,3,0.4619538046195379
2025-03-17 04:00:00,3,17,월요일,4,0.6089391060893908
2025-03-17 05:00:00,3,17,월요일,5,1.070892910708929
2025-03-17 06:00:00,3,17,월요일,6,1.7848215178482145
2025-03-17 07:00:00,3,17,월요일,7,2.5197480251974795
2025-03-17 08:00:00,3,17,월요일,8,2.7927207279272066
2025-03-17 09:00:00,3,17,월요일,9,2.393760623937605
2025-03-17 10:00:00,3,17,월요일,10,1.9948005199480043
2025-03-17 11:00:00,3,17,월요일,11,2.08929107089291
2025-03-17 12:00:00,3,17,월요일,12,2.2047795220477946
2025-03-17 13:00:00,3,17,월요일,13,2.1207879212078784
2025-03-17 14:00:00,3,17,월요일,14,2.1837816218378157
2025-03-17 15:00:00,3,17,월요일,15,2.393760623937605
2025-03-17 16:00:00,3,17,월요일,16,2.6037396260373957
2025-03-17 17:00:00,3,17,월요일,17,2.855714428557144
2025-03-17 18:00:00,3,17,월요일,18,2.6667333266673325
2025-03-17 19:00:00,3,17,월요일,19,2.267773222677732
2025-03-17 20:00:00,3,17,월요일,20,1.9003099690030991
2025-03-17 21:00:00,3,17,월요일,21,1.5643435656434352
2025-03-17 22:00:00,3,17,월요일,22,1.3228677132286768
2025-03-17 23:00:00,3,17,월요일,23,1.1653834616538343
2025-03-18 00:00:00,3,18,화요일,0,0.9399060093990598
2025-03-18 01:00:00,3,18,화요일,1,0.6099390060993899
2025-03-18 02:00:00,3,18,화요일,2,0.5299470052994699
2025-03-18 03:00:00,3,18,화요일,3,0.43995600439955995
2025-03-18 04:00:00,3,18,화요일,4,0.5799420057994199
2025-03-18 05:00:00,3,18,화요일,5,1.0198980101989799
2025-03-18 06:00:00,3,18,화요일,6,1.6998300169982996
2025-03-18 07:00:00,3,18,화요일,7,2.3997600239975996
2025-03-18 08:00:00,3,18,화요일,8,2.6597340265973397
2025-03-18 09:00:00,3,18,화요일,9,2.279772022797719
2025-03-18 10:00:00,3,18,화요일,10,1.8998100189980995
2025-03-18 11:00:00,3,18,화요일,11,1.9898010198980096
2025-03-18 12:00:00,3,18,화요일,12,2.0997900209979
2025-03-18 13:00:00,3,18,화요일,13,2.0197980201979795
2025-03-18 14:00:00,3,18,화요일,14,2.0797920207979197
2025-03-18 15:00:00,3,18,화요일,15,2.279772022797719
2025-03-18 16:00:00,3,18,화요일,16,2.4797520247975195
2025-03-18 17:00:00,3,18,화요일,17,2.71972802719728
2025-03-18 18:00:00,3,18,화요일,18,2.5397460253974597
2025-03-18 19:00:00,3,18,화요일,19,2.1597840215978397
2025-03-18 20:00:00,3,18,화요일,20,1.8098190180981897
2025-03-18 21:00:00,3,18,화요일,21,1.4898510148985098
2025-03-18 22:00:00,3,18,화요일,22,1.2598740125987398
2025-03-18 23:00:00,3,18,화요일,23,1.10988901109889
2025-03-19 00:00:00,3,19,수요일,0,0.9587041295870409
2025-03-19 01:00:00,3,19,수요일,1,0.6221377862213776
2025-03-19 02:00:00,3,19,수요일,2,0.5405459454054593
2025-03-19 03:00:00,3,19,수요일,3,0.4487551244875511
2025-03-19 04:00:00,3,19,수요일,4,0.5915408459154082
2025-03-19 05:00:00,3,19,수요일,5,1.0402959704029595
2025-03-19 06:00:00,3,19,수요일,6,1.7338266173382657
2025-03-19 07:00:00,3,19,수요일,7,2.447755224477551
2025-03-19 08:00:00,3,19,수요일,8,2.7129287071292865
2025-03-19 09:00:00,3,19,수요일,9,2.3253674632536736
2025-03-19 10:00:00,3,19,수요일,10,1.9378062193780614
2025-03-19 11:00:00,3,19,수요일,11,2.0295970402959695
2025-03-19 12:00:00,3,19,수요일,12,2.141785821417858
2025-03-19 13:00:00,3,19,수요일,13,2.060193980601939
2025-03-19 14:00:00,3,19,수요일,14,2.121387861213878
2025-03-19 15:00:00,3,19,수요일,15,2.3253674632536736
2025-03-19 16:00:00,3,19,수요일,16,2.5293470652934698
2025-03-19 17:00:00,3,19,수요일,17,2.774122587741225
2025-03-19 18:00:00,3,19,수요일,18,2.590540945905409
2025-03-19 19:00:00,3,19,수요일,19,2.2029797020297965
2025-03-19 20:00:00,3,19,수요일,20,1.8460153984601533
2025-03-19 21:00:00,3,19,수요일,21,1.51964803519648
2025-03-19 22:00:00,3,19,수요일,22,1.2850714928507145
2025-03-19 23:00:00,3,19,수요일,23,1.1320867913208676
2025-03-20 00:00:00,3,20,목요일,0,0.9681031896810316
2025-03-20 01:00:00,3,20,목요일,1,0.6282371762823716
2025-03-20 02:00:00,3,20,목요일,2,0.545845415458454
2025-03-20 03:00:00,3,20,목요일,3,0.4531546845315467
2025-03-20 04:00:00,3,20,목요일,4,0.5973402659734025
2025-03-20 05:00:00,3,20,목요일,5,1.0504949505049492
2025-03-20 06:00:00,3,20,목요일,6,1.7508249175082486
2025-03-20 07:00:00,3,20,목요일,7,2.4717528247175276
2025-03-20 08:00:00,3,20,목요일,8,2.73952604739526
2025-03-20 09:00:00,3,20,목요일,9,2.348165183481651
2025-03-20 10:00:00,3,20,목요일,10,1.9568043195680425
2025-03-20 11:00:00,3,20,목요일,11,2.04949505049495
2025-03-20 12:00:00,3,20,목요일,12,2.1627837216278367
2025-03-20 13:00:00,3,20,목요일,13,2.0803919608039187
2025-03-20 14:00:00,3,20,목요일,14,2.142185781421857
2025-03-20 15:00:00,3,20,목요일,15,2.348165183481651
2025-03-20 16:00:00,3,20,목요일,16,2.5541445855414455
2025-03-20 17:00:00,3,20,목요일,17,2.801319868013198
2025-03-20 18:00:00,3,20,목요일,18,2.6159384061593833
2025-03-20 19:00:00,3,20,목요일,19,2.224577542245775
2025-03-20 20:00:00,3,20,목요일,20,1.8641135886411353
2025-03-20 21:00:00,3,20,목요일,21,1.5345465453454652
2025-03-20 22:00:00,3,20,목요일,22,1.297670232976702
2025-03-20 23:00:00,3,20,목요일,23,1.1431856814318566
2025-03-21 00:00:00,3,21,금요일,0,1.0150984901509847
2025-03-21 01:00:00,3,21,금요일,1,0.6587341265873412
2025-03-21 02:00:00,3,21,금요일,2,0.5723427657234276
2025-03-21 03:00:00,3,21,금요일,3,0.4751524847515248
2025-03-21 04:00:00,3,21,금요일,4,0.6263373662633736
2025-03-21 05:00:00,3,21,금요일,5,1.1014898510148985
2025-03-21 06:00:00,3,21,금요일,6,1.835816418358164
2025-03-21 07:00:00,3,21,금요일,7,2.591740825917408
2025-03-21 08:00:00,3,21,금요일,8,2.872512748725127
2025-03-21 09:00:00,3,21,금요일,9,2.4621537846215373
2025-03-21 10:00:00,3,21,금요일,10,2.0517948205179475
2025-03-21 11:00:00,3,21,금요일,11,2.1489851014898504
2025-03-21 12:00:00,3,21,금요일,12,2.2677732226777323
2025-03-21 13:00:00,3,21,금요일,13,2.181381861813818
2025-03-21 14:00:00,3,21,금요일,14,2.2461753824617534
2025-03-21 15:00:00,3,21,금요일,15,2.4621537846215373
2025-03-21 16:00:00,3,21,금요일,16,2.6781321867813217
2025-03-21 17:00:00,3,21,금요일,17,2.9373062693730625
2025-03-21 18:00:00,3,21,금요일,18,2.742925707429257
2025-03-21 19:00:00,3,21,금요일,19,2.332566743325667
2025-03-21 20:00:00,3,21,금요일,20,1.9546045395460452
2025-03-21 21:00:00,3,21,금요일,21,1.6090390960903909
2025-03-21 22:00:00,3,21,금요일,22,1.360663933606639
2025-03-21 23:00:00,3,21,금요일,23,1.1986801319868012
2025-03-22 00:00:00,3,22,토요일,0,0.7989201079892008
2025-03-22 01:00:00,3,22,토요일,1,0.5184481551844814
2025-03-22 02:00:00,3,22,토요일,2,0.4504549545045494
2025-03-22 03:00:00,3,22,토요일,3,0.3739626037396259
2025-03-22 04:00:00,3,22,토요일,4,0.4929507049295068
2025-03-22 05:00:00,3,22,토요일,5,0.8669133086691329
2025-03-22 06:00:00,3,22,토요일,6,1.4448555144485546
2025-03-22 07:00:00,3,22,토요일,7,2.0397960203979593
2025-03-22 08:00:00,3,22,토요일,8,2.2607739226077386
2025-03-22 09:00:00,3,22,토요일,9,1.9378062193780612
2025-03-22 10:00:00,3,22,토요일,10,1.6148385161483845
2025-03-22 11:00:00,3,22,토요일,11,1.691330866913308
2025-03-22 12:00:00,3,22,토요일,12,1.7848215178482147
2025-03-22 13:00:00,3,22,토요일,13,1.7168283171682825
2025-03-22 14:00:00,3,22,토요일,14,1.7678232176782316
2025-03-22 15:00:00,3,22,토요일,15,1.9378062193780612
2025-03-22 16:00:00,3,22,토요일,16,2.1077892210778915
2025-03-22 17:00:00,3,22,토요일,17,2.3117688231176876
2025-03-22 18:00:00,3,22,토요일,18,2.1587841215878405
2025-03-22 19:00:00,3,22,토요일,19,1.8358164183581638
2025-03-22 20:00:00,3,22,토요일,20,1.5383461653834611
2025-03-22 21:00:00,3,22,토요일,21,1.2663733626637332
2025-03-22 22:00:00,3,22,토요일,22,1.0708929107089287
2025-03-22 23:00:00,3,22,토요일,23,0.9434056594340564
2025-03-23 00:00:00,3,23,일요일,0,0.7049295070492948
2025-03-23 01:00:00,3,23,일요일,1,0.4574542545745424
2025-03-23 02:00:00,3,23,일요일,2,0.39746025397460244
2025-03-23 03:00:00,3,23,일요일,3,0.32996700329966994
2025-03-23 04:00:00,3,23,일요일,4,0.4349565043495649
2025-03-23 05:00:00,3,23,일요일,5,0.7649235076492349
2025-03-23 06:00:00,3,23,일요일,6,1.2748725127487248
2025-03-23 07:00:00,3,23,일요일,7,1.7998200179981996
2025-03-23 08:00:00,3,23,일요일,8,1.9948005199480048
2025-03-23 09:00:00,3,23,일요일,9,1.7098290170982895
2025-03-23 10:00:00,3,23,일요일,10,1.4248575142485747
2025-03-23 11:00:00,3,23,일요일,11,1.492350764923507
2025-03-23 12:00:00,3,23,일요일,12,1.574842515748425
2025-03-23 13:00:00,3,23,일요일,13,1.5148485151484847
2025-03-23 14:00:00,3,23,일요일,14,1.5598440155984397
2025-03-23 15:00:00,3,23,일요일,15,1.7098290170982895
2025-03-23 16:00:00,3,23,일요일,16,1.8598140185981398
2025-03-23 17:00:00,3,23,일요일,17,2.0397960203979597
2025-03-23 18:00:00,3,23,일요일,18,1.9048095190480947
2025-03-23 19:00:00,3,23,일요일,19,1.6198380161983799
2025-03-23 20:00:00,3,23,일요일,20,1.3573642635736423
2025-03-23 21:00:00,3,23,일요일,21,1.1173882611738823
2025-03-23 22:00:00,3,23,일요일,22,0.9449055094490548
2025-03-23 23:00:00,3,23,일요일,23,0.8324167583241675
2025-03-24 00:00:00,3,24,월요일,0,0.9869013098690127
2025-03-24 01:00:00,3,24,월요일,1,0.6404359564043594
2025-03-24 02:00:00,3,24,월요일,2,0.5564443555644434
2025-03-24 03:00:00,3,24,월요일,3,0.4619538046195379
2025-03-24 04:00:00,3,24,월요일,4,0.6089391060893908
2025-03-24 05:00:00,3,24,월요일,5,1.070892910708929
2025-03-24 06:00:00,3,24,월요일,6,1.7848215178482145
2025-03-24 07:00:00,3,24,월요일,7,2.5197480251974795
2025-03-24 08:00:00,3,24,월요일,8,2.7927207279272066
2025-03-24 09:00:00,3,24,월요일,9,2.393760623937605
2025-03-24 10:00:00,3,24,월요일,10,1.9948005199480043
2025-03-24 11:00:00,3,24,월요일,11,2.08929107089291
2025-03-24 12:00:00,3,24,월요일,12,2.2047795220477946
2025-03-24 13:00:00,3,24,월요일,13,2.1207879212078784
2025-03-24 14:00:00,3,24,월요일,14,2.1837816218378157
2025-03-24 15:00:00,3,24,월요일,15,2.393760623937605
2025-03-24 16:00:00,3,24,월요일,16,2.6037396260373957
2025-03-24 17:00:00,3,24,월요일,17,2.855714428557144
2025-03-24 18:00:00,3,24,월요일,18,2.6667333266673325
2025-03-24 19:00:00,3,24,월요일,19,2.267773222677732
2025-03-24 20:00:00,3,24,월요일,20,1.9003099690030991
2025-03-24 21:00:00,3,24,월요일,21,1.5643435656434352
2025-03-24 22:00:00,3,24,월요일,22,1.3228677132286768
2025-03-24 23:00:00,3,24,월요일,23,1.1653834616538343
2025-03-25 00:00:00,3,25,화요일,0,0.9399060093990598
2025-03-25 01:00:00,3,25,화요일,1,0.6099390060993899
2025-03-25 02:00:00,3,25,화요일,2,0.5299470052994699
2025-03-25 03:00:00,3,25,화요일,3,0.43995600439955995
2025-03-25 04:00:00,3,25,화요일,4,0.5799420057994199
2025-03-25 05:00:00,3,25,화요일,5,1.0198980101989799
2025-03-25 06:00:00,3,25,화요일,6,1.6998300169982996
2025-03-25 07:00:00,3,25,화요일,7,2.3997600239975996
2025-03-25 08:00:00,3,25,화요일,8,2.6597340265973397
2025-03-25 09:00:00,3,25,화요일,9,2.279772022797719
2025-03-25 10:00:00,3,25,화요일,10,1.8998100189980995
2025-03-25 11:00:00,3,25,화요일,11,1.9898010198980096
2025-03-25 12:00:00,3,25,화요일,12,2.0997900209979
2025-03-25 13:00:00,3,25,화요일,13,2.0197980201979795
2025-03-25 14:00:00,3,25,화요일,14,2.0797920207979197
2025-03-25 15:00:00,3,25,화요일,15,2.279772022797719
2025-03-25 16:00:00,3,25,화요일,16,2.4797520247975195
2025-03-25 17:00:00,3,25,화요일,17,2.71972802719728
2025-03-25 18:00:00,3,25,화요일,18,2.5397460253974597
2025-03-25 19:00:00,3,25,화요일,19,2.1597840215978397
2025-03-25 20:00:00,3,25,화요일,20,1.8098190180981897
2025-03-25 21:00:00,3,25,화요일,21,1.4898510148985098
2025-03-25 22:00:00,3,25,화요일,22,1.2598740125987398
2025-03-25 23:00:00,3,25,화요일,23,1.10988901109889
2025-03-26 00:00:00,3,26,수요일,0,0.9587041295870409
2025-03-26 01:00:00,3,26,수요일,1,0.6221377862213776
2025-03-26 02:00:00,3,26,수요일,2,0.5405459454054593
2025-03-26 03:00:00,3,26,수요일,3,0.4487551244875511
2025-03-26 04:00:00,3,26,수요일,4,0.5915408459154082
2025-03-26 05:00:00,3,26,수요일,5,1.0402959704029595
2025-03-26 06:00:00,3,26,수요일,6,1.7338266173382657
2025-03-26 07:00:00,3,26,수요일,7,2.447755224477551
2025-03-26 08:00:00,3,26,수요일,8,2.7129287071292865
2025-03-26 09:00:00,3,26,수요일,9,2.3253674632536736
2025-03-26 10:00:00,3,26,수요일,10,1.9378062193780614
2025-03-26 11:00:00,3,26,수요일,11,2.0295970402959695
2025-03-26 12:00:00,3,26,수요일,12,2.141785821417858
2025-03-26 13:00:00,3,26,수요일,13,2.060193980601939
2025-03-26 14:00:00,3,26,수요일,14,2.121387861213878
2025-03-26 15:00:00,3,26,수요일,15,2.3253674632536736
2025-03-26 16:00:00,3,26,수요일,16,2.5293470652934698
2025-03-26 17:00:00,3,26,수요일,17,2.774122587741225
2025-03-26 18:00:00,3,26,수요일,18,2.590540945905409
2025-03-26 19:00:00,3,26,수요일,19,2.2029797020297965
2025-03-26 20:00:00,3,26,수요일,20,1.8460153984601533
2025-03-26 21:00:00,3,26,수요일,21,1.51964803519648
2025-03-26 22:00:00,3,26,수요일,22,1.2850714928507145
2025-03-26 23:00:00,3,26,수요일,23,1.1320867913208676
2025-03-27 00:00:00,3,27,목요일,0,0.9681031896810316
2025-03-27 01:00:00,3,27,목요일,1,0.6282371762823716
2025-03-27 02:00:00,3,27,목요일,2,0.545845415458454
2025-03-27 03:00:00,3,27,목요일,3,0.4531546845315467
2025-03-27 04:00:00,3,27,목요일,4,0.5973402659734025
2025-03-27 05:00:00,3,27,목요일,5,1.0504949505049492
2025-03-27 06:00:00,3,27,목요일,6,1.7508249175082486
2025-03-27 07:00:00,3,27,목요일,7,2.4717528247175276
2025-03-27 08:00:00,3,27,목요일,8,2.73952604739526
2025-03-27 09:00:00,3,27,목요일,9,2.348165183481651
2025-03-27 10:00:00,3,27,목요일,10,1.9568043195680425
2025-03-27 11:00:00,3,27,목요일,11,2.04949505049495
2025-03-27 12:00:00,3,27,목요일,12,2.1627837216278367
2025-03-27 13:00:00,3,27,목요일,13,2.0803919608039187
2025-03-27 14:00:00,3,27,목요일,14,2.142185781421857
2025-03-27 15:00:00,3,27,목요일,15,2.348165183481651
2025-03-27 16:00:00,3,27,목요일,16,2.5541445855414455
2025-03-27 17:00:00,3,27,목요일,17,2.801319868013198
2025-03-27 18:00:00,3,27,목요일,18,2.6159384061593833
2025-03-27 19:00:00,3,27,목요일,19,2.224577542245775
2025-03-27 20:00:00,3,27,목요일,20,1.8641135886411353
2025-03-27 21:00:00,3,27,목요일,21,1.5345465453454652
2025-03-27 22:00:00,3,27,목요일,22,1.297670232976702
2025-03-27 23:00:00,3,27,목요일,23,1.1431856814318566
2025-03-28 00:00:00,3,28,금요일,0,1.0150984901509847
2025-03-28 01:00:00,3,28,금요일,1,0.6587341265873412
2025-03-28 02:00:00,3,28,금요일,2,0.5723427657234276
2025-03-28 03:00:00,3,28,금요일,3,0.4751524847515248
2025-03-28 04:00:00,3,28,금요일,4,0.6263373662633736
2025-03-28 05:00:00,3,28,금요일,5,1.1014898510148985
2025-03-28 06:00:00,3,28,금요일,6,1.835816418358164
2025-03-28 07:00:00,3,28,금요일,7,2.591740825917408
2025-03-28 08:00:00,3,28,금요일,8,2.872512748725127
2025-03-28 09:00:00,3,28,금요일,9,2.4621537846215373
2025-03-28 10:00:00,3,28,금요일,10,2.0517948205179475
2025-03-28 11:00:00,3,28,금요일,11,2.1489851014898504
2025-03-28 12:00:00,3,28,금요일,12,2.2677732226777323
2025-03-28 13:00:00,3,28,금요일,13,2.181381861813818
2025-03-28 14:00:00,3,28,금요일,14,2.2461753824617534
2025-03-28 15:00:00,3,28,금요일,15,2.4621537846215373
2025-03-28 16:00:00,3,28,금요일,16,2.6781321867813217
2025-03-28 17:00:00,3,28,금요일,17,2.9373062693730625
2025-03-28 18:00:00,3,28,금요일,18,2.742925707429257
2025-03-28 19:00:00,3,28,금요일,19,2.332566743325667
2025-03-28 20:00:00,3,28,금요일,20,1.9546045395460452
2025-03-28 21:00:00,3,28,금요일,21,1.6090390960903909
2025-03-28 22:00:00,3,28,금요일,22,1.360663933606639
2025-03-28 23:00:00,3,28,금요일,23,1.1986801319868012
2025-03-29 00:00:00,3,29,토요일,0,0.7989201079892008
2025-03-29 01:00:00,3,29,토요일,1,0.5184481551844814
2025-03-29 02:00:00,3,29,토요일,2,0.4504549545045494
2025-03-29 03:00:00,3,29,토요일,3,0.3739626037396259
2025-03-29 04:00:00,3,29,토요일,4,0.4929507049295068
2025-03-29 05:00:00,3,29,토요일,5,0.8669133086691329
2025-03-29 06:00:00,3,29,토요일,6,1.4448555144485546
2025-03-29 07:00:00,3,29,토요일,7,2.0397960203979593
2025-03-29 08:00:00,3,29,토요일,8,2.2607739226077386
2025-03-29 09:00:00,3,29,토요일,9,1.9378062193780612
2025-03-29 10:00:00,3,29,토요일,10,1.6148385161483845
2025-03-29 11:00:00,3,29,토요일,11,1.691330866913308
2025-03-29 12:00:00,3,29,토요일,12,1.7848215178482147
2025-03-29 13:00:00,3,29,토요일,13,1.7168283171682825
2025-03-29 14:00:00,3,29,토요일,14,1.7678232176782316
2025-03-29 15:00:00,3,29,토요일,15,1.9378062193780612
2025-03-29 16:00:00,3,29,토요일,16,2.1077892210778915
2025-03-29 17:00:00,3,29,토요일,17,2.3117688231176876
2025-03-29 18:00:00,3,29,토요일,18,2.1587841215878405
2025-03-29 19:00:00,3,29,토요일,19,1.8358164183581638
2025-03-29 20:00:00,3,29,토요일,20,1.5383461653834611
2025-03-29 21:00:00,3,29,토요일,21,1.2663733626637332
2025-03-29 22:00:00,3,29,토요일,22,1.0708929107089287
2025-03-29 23:00:00,3,29,토요일,23,0.9434056594340564
2025-03-30 00:00:00,3,30,일요일,0,0.7049295070492948
2025-03-30 01:00:00,3,30,일요일,1,0.4574542545745424
2025-03-30 02:00:00,3,30,일요일,2,0.39746025397460244
2025-03-30 03:00:00,3,30,일요일,3,0.32996700329966994
2025-03-30 04:00:00,3,30,일요일,4,0.4349565043495649
2025-03-30 05:00:00,3,30,일요일,5,0.7649235076492349
2025-03-30 06:00:00,3,30,일요일,6,1.2748725127487248
2025-03-30 07:00:00,3,30,일요일,7,1.7998200179981996
2025-03-30 08:00:00,3,30,일요일,8,1.9948005199480048
2025-03-30 09:00:00,3,30,일요일,9,1.7098290170982895
2025-03-30 10:00:00,3,30,일요일,10,1.4248575142485747
2025-03-30 11:00:00,3,30,일요일,11,1.492350764923507
2025-03-30 12:00:00,3,30,일요일,12,1.574842515748425
2025-03-30 13:00:00,3,30,일요일,13,1.5148485151484847
2025-03-30 14:00:00,3,30,일요일,14,1.5598440155984397
2025-03-30 15:00:00,3,30,일요일,15,1.7098290170982895
2025-03-30 16:00:00,3,30,일요일,16,1.8598140185981398
2025-03-30 17:00:00,3,30,일요일,17,2.0397960203979597
2025-03-30 18:00:00,3,30,일요일,18,1.9048095190480947
2025-03-30 19:00:00,3,30,일요일,19,1.6198380161983799
2025-03-30 20:00:00,3,30,일요일,20,1.3573642635736423
2025-03-30 21:00:00,3,30,일요일,21,1.1173882611738823
2025-03-30 22:00:00,3,30,일요일,22,0.9449055094490548
2025-03-30 23:00:00,3,30,일요일,23,0.8324167583241675
2025-03-31 00:00:00,3,31,월요일,0,0.9869013098690127
2025-03-31 01:00:00,3,31,월요일,1,0.6404359564043594
2025-03-31 02:00:00,3,31,월요일,2,0.5564443555644434
2025-03-31 03:00:00,3,31,월요일,3,0.4619538046195379
2025-03-31 04:00:00,3,31,월요일,4,0.6089391060893908
2025-03-31 05:00:00,3,31,월요일,5,1.070892910708929
2025-03-31 06:00:00,3,31,월요일,6,1.7848215178482145
2025-03-31 07:00:00,3,31,월요일,7,2.5197480251974795
2025-03-31 08:00:00,3,31,월요일,8,2.7927207279272066
2025-03-31 09:00:00,3,31,월요일,9,2.393760623937605
2025-03-31 10:00:00,3,31,월요일,10,1.9948005199480043
2025-03-31 11:00:00,3,31,월요일,11,2.08929107089291
2025-03-31 12:00:00,3,31,월요일,12,2.2047795220477946
2025-03-31 13:00:00,3,31,월요일,13,2.1207879212078784
2025-03-31 14:00:00,3,31,월요일,14,2.1837816218378157
2025-03-31 15:00:00,3,31,월요일,15,2.393760623937605
2025-03-31 16:00:00,3,31,월요일,16,2.6037396260373957
2025-03-31 17:00:00,3,31,월요일,17,2.855714428557144
2025-03-31 18:00:00,3,31,월요일,18,2.6667333266673325
2025-03-31 19:00:00,3,31,월요일,19,2.267773222677732
2025-03-31 20:00:00,3,31,월요일,20,1.9003099690030991
2025-03-31 21:00:00,3,31,월요일,21,1.5643435656434352
2025-03-31 22:00:00,3,31,월요일,22,1.3228677132286768
2025-03-31 23:00:00,3,31,월요일,23,1.1653834616538343
2025-04-01 00:00:00,4,1,화요일,0,0.9869013098690127
2025-04-01 01:00:00,4,1,화요일,1,0.6404359564043594
2025-04-01 02:00:00,4,1,화요일,2,0.5564443555644434
2025-04-01 03:00:00,4,1,화요일,3,0.4619538046195379
2025-04-01 04:00:00,4,1,화요일,4,0.6089391060893908
2025-04-01 05:00:00,4,1,화요일,5,1.070892910708929
2025-04-01 06:00:00,4,1,화요일,6,1.7848215178482145
2025-04-01 07:00:00,4,1,화요일,7,2.5197480251974795
2025-04-01 08:00:00,4,1,화요일,8,2.7927207279272066
2025-04-01 09:00:00,4,1,화요일,9,2.393760623937605
2025-04-01 10:00:00,4,1,화요일,10,1.9948005199480043
2025-04-01 11:00:00,4,1,화요일,11,2.08929107089291
2025-04-01 12:00:00,4,1,화요일,12,2.2047795220477946
2025-04-01 13:00:00,4,1,화요일,13,2.1207879212078784
2025-04-01 14:00:00,4,1,화요일,14,2.1837816218378157
2025-04-01 15:00:00,4,1,화요일,15,2.393760623937605
2025-04-01 16:00:00,4,1,화요일,16,2.6037396260373957
2025-04-01 17:00:00,4,1,화요일,17,2.855714428557144
2025-04-01 18:00:00,4,1,화요일,18,2.6667333266673325
2025-04-01 19:00:00,4,1,화요일,19,2.267773222677732
2025-04-01 20:00:00,4,1,화요일,20,1.9003099690030991
2025-04-01 21:00:00,4,1,화요일,21,1.5643435656434352
2025-04-01 22:00:00,4,1,화요일,22,1.3228677132286768
2025-04-01 23:00:00,4,1,화요일,23,1.1653834616538343
2025-04-02 00:00:00,4,2,수요일,0,1.006639336066393
2025-04-02 01:00:00,4,2,수요일,1,0.6532446755324466
2025-04-02 02:00:00,4,2,수요일,2,0.5675732426757323
2025-04-02 03:00:00,4,2,수요일,3,0.4711928807119287
2025-04-02 04:00:00,4,2,수요일,4,0.6211178882111787
2025-04-02 05:00:00,4,2,수요일,5,1.0923107689231075
2025-04-02 06:00:00,4,2,수요일,6,1.820517948205179
2025-04-02 07:00:00,4,2,수요일,7,2.570142985701429
2025-04-02 08:00:00,4,2,수요일,8,2.848575142485751
2025-04-02 09:00:00,4,2,수요일,9,2.4416358364163577
2025-04-02 10:00:00,4,2,수요일,10,2.034696530346965
2025-04-02 11:00:00,4,2,수요일,11,2.131076892310768
2025-04-02 12:00:00,4,2,수요일,12,2.2488751124887507
2025-04-02 13:00:00,4,2,수요일,13,2.163203679632036
2025-04-02 14:00:00,4,2,수요일,14,2.227457254274572
2025-04-02 15:00:00,4,2,수요일,15,2.4416358364163577
2025-04-02 16:00:00,4,2,수요일,16,2.6558144185581436
2025-04-02 17:00:00,4,2,수요일,17,2.9128287171282867
2025-04-02 18:00:00,4,2,수요일,18,2.7200679932006797
2025-04-02 19:00:00,4,2,수요일,19,2.3131286871312864
2025-04-02 20:00:00,4,2,수요일,20,1.9383161683831613
2025-04-02 21:00:00,4,2,수요일,21,1.5956304369563041
2025-04-02 22:00:00,4,2,수요일,22,1.3493250674932504
2025-04-02 23:00:00,4,2,수요일,23,1.1886911308869113
2025-04-03 00:00:00,4,3,목요일,0,1.0165083491650833
2025-04-03 01:00:00,4,3,목요일,1,0.6596490350964902
2025-04-03 02:00:00,4,3,목요일,2,0.5731376862313767
2025-04-03 03:00:00,4,3,목요일,3,0.47581241875812413
2025-04-03 04:00:00,4,3,목요일,4,0.6272072792720726
2025-04-03 05:00:00,4,3,목요일,5,1.103019698030197
2025-04-03 06:00:00,4,3,목요일,6,1.8383661633836612
2025-04-03 07:00:00,4,3,목요일,7,2.595340465953404
2025-04-03 08:00:00,4,3,목요일,8,2.8765023497650235
2025-04-03 09:00:00,4,3,목요일,9,2.465573442655734
2025-04-03 10:00:00,4,3,목요일,10,2.0546445355464447
2025-04-03 11:00:00,4,3,목요일,11,2.1519698030196976
2025-04-03 12:00:00,4,3,목요일,12,2.2709229077092288
2025-04-03 13:00:00,4,3,목요일,13,2.1844115588441153
2025-04-03 14:00:00,4,3,목요일,14,2.24929507049295
2025-04-03 15:00:00,4,3,목요일,15,2.465573442655734
2025-04-03 16:00:00,4,3,목요일,16,2.681851814818518
2025-04-03 17:00:00,4,3,목요일,17,2.9413858614138584
2025-04-03 18:00:00,4,3,목요일,18,2.746735326467353
2025-04-03 19:00:00,4,3,목요일,19,2.335806419358064
2025-04-03 20:00:00,4,3,목요일,20,1.9573192680731923
2025-04-03 21:00:00,4,3,목요일,21,1.6112738726127385
2025-04-03 22:00:00,4,3,목요일,22,1.3625537446255371
2025-04-03 23:00:00,4,3,목요일,23,1.2003449655034495
2025-04-04 00:00:00,4,4,금요일,0,1.065853414658534
2025-04-04 01:00:00,4,4,금요일,1,0.6916708329167083
2025-04-04 02:00:00,4,4,금요일,2,0.600959904009599
2025-04-04 03:00:00,4,4,금요일,3,0.49891010898910104
2025-04-04 04:00:00,4,4,금요일,4,0.6576542345765423
2025-04-04 05:00:00,4,4,금요일,5,1.1565643435656434
2025-04-04 06:00:00,4,4,금요일,6,1.9276072392760721
2025-04-04 07:00:00,4,4,금요일,7,2.721327867213278
2025-04-04 08:00:00,4,4,금요일,8,3.016138386161384
2025-04-04 09:00:00,4,4,금요일,9,2.585261473852614
2025-04-04 10:00:00,4,4,금요일,10,2.154384561543845
2025-04-04 11:00:00,4,4,금요일,11,2.256434356564343
2025-04-04 12:00:00,4,4,금요일,12,2.3811618838116186
2025-04-04 13:00:00,4,4,금요일,13,2.290450954904509
2025-04-04 14:00:00,4,4,금요일,14,2.3584841515848414
2025-04-04 15:00:00,4,4,금요일,15,2.585261473852614
2025-04-04 16:00:00,4,4,금요일,16,2.8120387961203877
2025-04-04 17:00:00,4,4,금요일,17,3.0841715828417158
2025-04-04 18:00:00,4,4,금요일,18,2.88007199280072
2025-04-04 19:00:00,4,4,금요일,19,2.449195080491951
2025-04-04 20:00:00,4,4,금요일,20,2.0523347665233476
2025-04-04 21:00:00,4,4,금요일,21,1.6894910508949104
2025-04-04 22:00:00,4,4,금요일,22,1.428697130286971
2025-04-04 23:00:00,4,4,금요일,23,1.2586141385861414
2025-04-05 00:00:00,4,5,토요일,0,0.8388661133886608
2025-04-05 01:00:00,4,5,토요일,1,0.5443705629437054
2025-04-05 02:00:00,4,5,토요일,2,0.47297770222977686
2025-04-05 03:00:00,4,5,토요일,3,0.3926607339266072
2025-04-05 04:00:00,4,5,토요일,4,0.5175982401759822
2025-04-05 05:00:00,4,5,토요일,5,0.9102589741025895
2025-04-05 06:00:00,4,5,토요일,6,1.5170982901709824
2025-04-05 07:00:00,4,5,토요일,7,2.1417858214178573
2025-04-05 08:00:00,4,5,토요일,8,2.3738126187381257
2025-04-05 09:00:00,4,5,토요일,9,2.0346965303469644
2025-04-05 10:00:00,4,5,토요일,10,1.6955804419558036
2025-04-05 11:00:00,4,5,토요일,11,1.7758974102589733
2025-04-05 12:00:00,4,5,토요일,12,1.8740625937406254
2025-04-05 13:00:00,4,5,토요일,13,1.8026697330266965
2025-04-05 14:00:00,4,5,토요일,14,1.856214378562143
2025-04-05 15:00:00,4,5,토요일,15,2.0346965303469644
2025-04-05 16:00:00,4,5,토요일,16,2.2131786821317863
2025-04-05 17:00:00,4,5,토요일,17,2.427357264273572
2025-04-05 18:00:00,4,5,토요일,18,2.2667233276672327
2025-04-05 19:00:00,4,5,토요일,19,1.927607239276072
2025-04-05 20:00:00,4,5,토요일,20,1.6152634736526341
2025-04-05 21:00:00,4,5,토요일,21,1.32969203079692
2025-04-05 22:00:00,4,5,토요일,22,1.1244375562443751
2025-04-05 23:00:00,4,5,토요일,23,0.9905759424057592
2025-04-06 00:00:00,4,6,일요일,0,0.7401759824017595
2025-04-06 01:00:00,4,6,일요일,1,0.4803269673032695
2025-04-06 02:00:00,4,6,일요일,2,0.41733326667333254
2025-04-06 03:00:00,4,6,일요일,3,0.34646535346465346
2025-04-06 04:00:00,4,6,일요일,4,0.45670432956704315
2025-04-06 05:00:00,4,6,일요일,5,0.8031696830316967
2025-04-06 06:00:00,4,6,일요일,6,1.338616138386161
2025-04-06 07:00:00,4,6,일요일,7,1.8898110188981094
2025-04-06 08:00:00,4,6,일요일,8,2.094540545945405
2025-04-06 09:00:00,4,6,일요일,9,1.795320467953204
2025-04-06 10:00:00,4,6,일요일,10,1.4961003899610033
2025-04-06 11:00:00,4,6,일요일,11,1.5669683031696824
2025-04-06 12:00:00,4,6,일요일,12,1.653584641535846
2025-04-06 13:00:00,4,6,일요일,13,1.590590940905909
2025-04-06 14:00:00,4,6,일요일,14,1.6378362163783615
2025-04-06 15:00:00,4,6,일요일,15,1.795320467953204
2025-04-06 16:00:00,4,6,일요일,16,1.9528047195280467
2025-04-06 17:00:00,4,6,일요일,17,2.141785821417858
2025-04-06 18:00:00,4,6,일요일,18,2.0000499950004995
2025-04-06 19:00:00,4,6,일요일,19,1.7008299170082988
2025-04-06 20:00:00,4,6,일요일,20,1.4252324767523243
2025-04-06 21:00:00,4,6,일요일,21,1.1732576742325764
2025-04-06 22:00:00,4,6,일요일,22,0.9921507849215075
2025-04-06 23:00:00,4,6,일요일,23,0.8740375962403758
2025-04-07 00:00:00,4,7,월요일,0,1.0362463753624633
2025-04-07 01:00:00,4,7,월요일,1,0.6724577542245773
2025-04-07 02:00:00,4,7,월요일,2,0.5842665733426656
2025-04-07 03:00:00,4,7,월요일,3,0.48505149485051485
2025-04-07 04:00:00,4,7,월요일,4,0.6393860613938604
2025-04-07 05:00:00,4,7,월요일,5,1.1244375562443754
2025-04-07 06:00:00,4,7,월요일,6,1.8740625937406254
2025-04-07 07:00:00,4,7,월요일,7,2.6457354264573536
2025-04-07 08:00:00,4,7,월요일,8,2.932356764323567
2025-04-07 09:00:00,4,7,월요일,9,2.5134486551344857
2025-04-07 10:00:00,4,7,월요일,10,2.0945405459454047
2025-04-07 11:00:00,4,7,월요일,11,2.1937556244375553
2025-04-07 12:00:00,4,7,월요일,12,2.3150184981501845
2025-04-07 13:00:00,4,7,월요일,13,2.2268273172682727
2025-04-07 14:00:00,4,7,월요일,14,2.2929707029297064
2025-04-07 15:00:00,4,7,월요일,15,2.5134486551344857
2025-04-07 16:00:00,4,7,월요일,16,2.7339266073392654
2025-04-07 17:00:00,4,7,월요일,17,2.9985001499850013
2025-04-07 18:00:00,4,7,월요일,18,2.8000699930006996
2025-04-07 19:00:00,4,7,월요일,19,2.3811618838116186
2025-04-07 20:00:00,4,7,월요일,20,1.9953254674532541
2025-04-07 21:00:00,4,7,월요일,21,1.6425607439256071
2025-04-07 22:00:00,4,7,월요일,22,1.3890110988901105
2025-04-07 23:00:00,4,7,월요일,23,1.2236526347365262
2025-04-08 00:00:00,4,8,화요일,0,0.9869013098690127
2025-04-08 01:00:00,4,8,화요일,1,0.6404359564043594
2025-04-08 02:00:00,4,8,화요일,2,0.5564443555644434
2025-04-08 03:00:00,4,8,화요일,3,0.4619538046195379
2025-04-08 04:00:00,4,8,화요일,4,0.6089391060893908
2025-04-08 05:00:00,4,8,화요일,5,1.070892910708929
2025-04-08 06:00:00,4,8,화요일,6,1.7848215178482145
2025-04-08 07:00:00,4,8,화요일,7,2.5197480251974795
2025-04-08 08:00:00,4,8,화요일,8,2.7927207279272066
2025-04-08 09:00:00,4,8,화요일,9,2.393760623937605
2025-04-08 10:00:00,4,8,화요일,10,1.9948005199480043
2025-04-08 11:00:00,4,8,화요일,11,2.08929107089291
2025-04-08 12:00:00,4,8,화요일,12,2.2047795220477946
2025-04-08 13:00:00,4,8,화요일,13,2.1207879212078784
2025-04-08 14:00:00,4,8,화요일,14,2.1837816218378157
2025-04-08 15:00:00,4,8,화요일,15,2.393760623937605
2025-04-08 16:00:00,4,8,화요일,16,2.6037396260373957
2025-04-08 17:00:00,4,8,화요일,17,2.855714428557144
2025-04-08 18:00:00,4,8,화요일,18,2.6667333266673325
2025-04-08 19:00:00,4,8,화요일,19,2.267773222677732
2025-04-08 20:00:00,4,8,화요일,20,1.9003099690030991
2025-04-08 21:00:00,4,8,화요일,21,1.5643435656434352
2025-04-08 22:00:00,4,8,화요일,22,1.3228677132286768
2025-04-08 23:00:00,4,8,화요일,23,1.1653834616538343
2025-04-09 00:00:00,4,9,수요일,0,1.006639336066393
2025-04-09 01:00:00,4,9,수요일,1,0.6532446755324466
2025-04-09 02:00:00,4,9,수요일,2,0.5675732426757323
2025-04-09 03:00:00,4,9,수요일,3,0.4711928807119287
2025-04-09 04:00:00,4,9,수요일,4,0.6211178882111787
2025-04-09 05:00:00,4,9,수요일,5,1.0923107689231075
2025-04-09 06:00:00,4,9,수요일,6,1.820517948205179
2025-04-09 07:00:00,4,9,수요일,7,2.570142985701429
2025-04-09 08:00:00,4,9,수요일,8,2.848575142485751
2025-04-09 09:00:00,4,9,수요일,9,2.4416358364163577
2025-04-09 10:00:00,4,9,수요일,10,2.034696530346965
2025-04-09 11:00:00,4,9,수요일,11,2.131076892310768
2025-04-09 12:00:00,4,9,수요일,12,2.2488751124887507
2025-04-09 13:00:00,4,9,수요일,13,2.163203679632036
2025-04-09 14:00:00,4,9,수요일,14,2.227457254274572
2025-04-09 15:00:00,4,9,수요일,15,2.4416358364163577
2025-04-09 16:00:00,4,9,수요일,16,2.6558144185581436
2025-04-09 17:00:00,4,9,수요일,17,2.9128287171282867
2025-04-09 18:00:00,4,9,수요일,18,2.7200679932006797
2025-04-09 19:00:00,4,9,수요일,19,2.3131286871312864
2025-04-09 20:00:00,4,9,수요일,20,1.9383161683831613
2025-04-09 21:00:00,4,9,수요일,21,1.5956304369563041
2025-04-09 22:00:00,4,9,수요일,22,1.3493250674932504
2025-04-09 23:00:00,4,9,수요일,23,1.1886911308869113
2025-04-10 00:00:00,4,10,목요일,0,1.0165083491650833
2025-04-10 01:00:00,4,10,목요일,1,0.6596490350964902
2025-04-10 02:00:00,4,10,목요일,2,0.5731376862313767
2025-04-10 03:00:00,4,10,목요일,3,0.47581241875812413
2025-04-10 04:00:00,4,10,목요일,4,0.6272072792720726
2025-04-10 05:00:00,4,10,목요일,5,1.103019698030197
2025-04-10 06:00:00,4,10,목요일,6,1.8383661633836612
2025-04-10 07:00:00,4,10,목요일,7,2.595340465953404
2025-04-10 08:00:00,4,10,목요일,8,2.8765023497650235
2025-04-10 09:00:00,4,10,목요일,9,2.465573442655734
2025-04-10 10:00:00,4,10,목요일,10,2.0546445355464447
2025-04-10 11:00:00,4,10,목요일,11,2.1519698030196976
2025-04-10 12:00:00,4,10,목요일,12,2.2709229077092288
2025-04-10 13:00:00,4,10,목요일,13,2.1844115588441153
2025-04-10 14:00:00,4,10,목요일,14,2.24929507049295
2025-04-10 15:00:00,4,10,목요일,15,2.465573442655734
2025-04-10 16:00:00,4,10,목요일,16,2.681851814818518
2025-04-10 17:00:00,4,10,목요일,17,2.9413858614138584
2025-04-10 18:00:00,4,10,목요일,18,2.746735326467353
2025-04-10 19:00:00,4,10,목요일,19,2.335806419358064
2025-04-10 20:00:00,4,10,목요일,20,1.9573192680731923
2025-04-10 21:00:00,4,10,목요일,21,1.6112738726127385
2025-04-10 22:00:00,4,10,목요일,22,1.3625537446255371
2025-04-10 23:00:00,4,10,목요일,23,1.2003449655034495
2025-04-11 00:00:00,4,11,금요일,0,1.065853414658534
2025-04-11 01:00:00,4,11,금요일,1,0.6916708329167083
2025-04-11 02:00:00,4,11,금요일,2,0.600959904009599
2025-04-11 03:00:00,4,11,금요일,3,0.49891010898910104
2025-04-11 04:00:00,4,11,금요일,4,0.6576542345765423
2025-04-11 05:00:00,4,11,금요일,5,1.1565643435656434
2025-04-11 06:00:00,4,11,금요일,6,1.9276072392760721
2025-04-11 07:00:00,4,11,금요일,7,2.721327867213278
2025-04-11 08:00:00,4,11,금요일,8,3.016138386161384
2025-04-11 09:00:00,4,11,금요일,9,2.585261473852614
2025-04-11 10:00:00,4,11,금요일,10,2.154384561543845
2025-04-11 11:00:00,4,11,금요일,11,2.256434356564343
2025-04-11 12:00:00,4,11,금요일,12,2.3811618838116186
2025-04-11 13:00:00,4,11,금요일,13,2.290450954904509
2025-04-11 14:00:00,4,11,금요일,14,2.3584841515848414
2025-04-11 15:00:00,4,11,금요일,15,2.585261473852614
2025-04-11 16:00:00,4,11,금요일,16,2.8120387961203877
2025-04-11 17:00:00,4,11,금요일,17,3.0841715828417158
2025-04-11 18:00:00,4,11,금요일,18,2.88007199280072
2025-04-11 19:00:00,4,11,금요일,19,2.449195080491951
2025-04-11 20:00:00,4,11,금요일,20,2.0523347665233476
2025-04-11 21:00:00,4,11,금요일,21,1.6894910508949104
2025-04-11 22:00:00,4,11,금요일,22,1.428697130286971
2025-04-11 23:00:00,4,11,금요일,23,1.2586141385861414
2025-04-12 00:00:00,4,12,토요일,0,0.8388661133886608
2025-04-12 01:00:00,4,12,토요일,1,0.5443705629437054
2025-04-12 02:00:00,4,12,토요일,2,0.47297770222977686
2025-04-12 03:00:00,4,12,토요일,3,0.3926607339266072
2025-04-12 04:00:00,4,12,토요일,4,0.5175982401759822
2025-04-12 05:00:00,4,12,토요일,5,0.9102589741025895
2025-04-12 06:00:00,4,12,토요일,6,1.5170982901709824
2025-04-12 07:00:00,4,12,토요일,7,2.1417858214178573
2025-04-12 08:00:00,4,12,토요일,8,2.3738126187381257
2025-04-12 09:00:00,4,12,토요일,9,2.0346965303469644
2025-04-12 10:00:00,4,12,토요일,10,1.6955804419558036
2025-04-12 11:00:00,4,12,토요일,11,1.7758974102589733
2025-04-12 12:00:00,4,12,토요일,12,1.8740625937406254
2025-04-12 13:00:00,4,12,토요일,13,1.8026697330266965
2025-04-12 14:00:00,4,12,토요일,14,1.856214378562143
2025-04-12 15:00:00,4,12,토요일,15,2.0346965303469644
2025-04-12 16:00:00,4,12,토요일,16,2.2131786821317863
2025-04-12 17:00:00,4,12,토요일,17,2.427357264273572
2025-04-12 18:00:00,4,12,토요일,18,2.2667233276672327
2025-04-12 19:00:00,4,12,토요일,19,1.927607239276072
2025-04-12 20:00:00,4,12,토요일,20,1.6152634736526341
2025-04-12 21:00:00,4,12,토요일,21,1.32969203079692
2025-04-12 22:00:00,4,12,토요일,22,1.1244375562443751
2025-04-12 23:00:00,4,12,토요일,23,0.9905759424057592
2025-04-13 00:00:00,4,13,일요일,0,0.7401759824017595
2025-04-13 01:00:00,4,13,일요일,1,0.4803269673032695
2025-04-13 02:00:00,4,13,일요일,2,0.41733326667333254
2025-04-13 03:00:00,4,13,일요일,3,0.34646535346465346
2025-04-13 04:00:00,4,13,일요일,4,0.45670432956704315
2025-04-13 05:00:00,4,13,일요일,5,0.8031696830316967
2025-04-13 06:00:00,4,13,일요일,6,1.338616138386161
2025-04-13 07:00:00,4,13,일요일,7,1.8898110188981094
2025-04-13 08:00:00,4,13,일요일,8,2.094540545945405
2025-04-13 09:00:00,4,13,일요일,9,1.795320467953204
2025-04-13 10:00:00,4,13,일요일,10,1.4961003899610033
2025-04-13 11:00:00,4,13,일요일,11,1.5669683031696824
2025-04-13 12:00:00,4,13,일요일,12,1.653584641535846
2025-04-13 13:00:00,4,13,일요일,13,1.590590940905909
2025-04-13 14:00:00,4,13,일요일,14,1.6378362163783615
2025-04-13 15:00:00,4,13,일요일,15,1.795320467953204
2025-04-13 16:00:00,4,13,일요일,16,1.9528047195280467
2025-04-13 17:00:00,4,13,일요일,17,2.141785821417858
2025-04-13 18:00:00,4,13,일요일,18,2.0000499950004995
2025-04-13 19:00:00,4,13,일요일,19,1.7008299170082988
2025-04-13 20:00:00,4,13,일요일,20,1.4252324767523243
2025-04-13 21:00:00,4,13,일요일,21,1.1732576742325764
2025-04-13 22:00:00,4,13,일요일,22,0.9921507849215075
2025-04-13 23:00:00,4,13,일요일,23,0.8740375962403758
2025-04-14 00:00:00,4,14,월요일,0,1.0362463753624633
2025-04-14 01:00:00,4,14,월요일,1,0.6724577542245773
2025-04-14 02:00:00,4,14,월요일,2,0.5842665733426656
2025-04-14 03:00:00,4,14,월요일,3,0.48505149485051485
2025-04-14 04:00:00,4,14,월요일,4,0.6393860613938604
2025-04-14 05:00:00,4,14,월요일,5,1.1244375562443754
2025-04-14 06:00:00,4,14,월요일,6,1.8740625937406254
2025-04-14 07:00:00,4,14,월요일,7,2.6457354264573536
2025-04-14 08:00:00,4,14,월요일,8,2.932356764323567
2025-04-14 09:00:00,4,14,월요일,9,2.5134486551344857
2025-04-14 10:00:00,4,14,월요일,10,2.0945405459454047
2025-04-14 11:00:00,4,14,월요일,11,2.1937556244375553
2025-04-14 12:00:00,4,14,월요일,12,2.3150184981501845
2025-04-14 13:00:00,4,14,월요일,13,2.2268273172682727
2025-04-14 14:00:00,4,14,월요일,14,2.2929707029297064
2025-04-14 15:00:00,4,14,월요일,15,2.5134486551344857
2025-04-14 16:00:00,4,14,월요일,16,2.7339266073392654
2025-04-14 17:00:00,4,14,월요일,17,2.9985001499850013
2025-04-14 18:00:00,4,14,월요일,18,2.8000699930006996
2025-04-14 19:00:00,4,14,월요일,19,2.3811618838116186
2025-04-14 20:00:00,4,14,월요일,20,1.9953254674532541
2025-04-14 21:00:00,4,14,월요일,21,1.6425607439256071
2025-04-14 22:00:00,4,14,월요일,22,1.3890110988901105
2025-04-14 23:00:00,4,14,월요일,23,1.2236526347365262
2025-04-15 00:00:00,4,15,화요일,0,0.9869013098690127
2025-04-15 01:00:00,4,15,화요일,1,0.6404359564043594
2025-04-15 02:00:00,4,15,화요일,2,0.5564443555644434
2025-04-15 03:00:00,4,15,화요일,3,0.4619538046195379
2025-04-15 04:00:00,4,15,화요일,4,0.6089391060893908
2025-04-15 05:00:00,4,15,화요일,5,1.070892910708929
2025-04-15 06:00:00,4,15,화요일,6,1.7848215178482145
2025-04-15 07:00:00,4,15,화요일,7,2.5197480251974795
2025-04-15 08:00:00,4,15,화요일,8,2.7927207279272066
2025-04-15 09:00:00,4,15,화요일,9,2.393760623937605
2025-04-15 10:00:00,4,15,화요일,10,1.9948005199480043
2025-04-15 11:00:00,4,15,화요일,11,2.08929107089291
2025-04-15 12:00:00,4,15,화요일,12,2.2047795220477946
2025-04-15 13:00:00,4,15,화요일,13,2.1207879212078784
2025-04-15 14:00:00,4,15,화요일,14,2.1837816218378157
2025-04-15 15:00:00,4,15,화요일,15,2.393760623937605
2025-04-15 16:00:00,4,15,화요일,16,2.6037396260373957
2025-04-15 17:00:00,4,15,화요일,17,2.855714428557144
2025-04-15 18:00:00,4,15,화요일,18,2.6667333266673325
2025-04-15 19:00:00,4,15,화요일,19,2.267773222677732
2025-04-15 20:00:00,4,15,화요일,20,1.9003099690030991
2025-04-15 21:00:00,4,15,화요일,21,1.5643435656434352
2025-04-15 22:00:00,4,15,화요일,22,1.3228677132286768
2025-04-15 23:00:00,4,15,화요일,23,1.1653834616538343
2025-04-16 00:00:00,4,16,수요일,0,1.006639336066393
2025-04-16 01:00:00,4,16,수요일,1,0.6532446755324466
2025-04-16 02:00:00,4,16,수요일,2,0.5675732426757323
2025-04-16 03:00:00,4,16,수요일,3,0.4711928807119287
2025-04-16 04:00:00,4,16,수요일,4,0.6211178882111787
2025-04-16 05:00:00,4,16,수요일,5,1.0923107689231075
2025-04-16 06:00:00,4,16,수요일,6,1.820517948205179
2025-04-16 07:00:00,4,16,수요일,7,2.570142985701429
2025-04-16 08:00:00,4,16,수요일,8,2.848575142485751
2025-04-16 09:00:00,4,16,수요일,9,2.4416358364163577
2025-04-16 10:00:00,4,16,수요일,10,2.034696530346965
2025-04-16 11:00:00,4,16,수요일,11,2.131076892310768
2025-04-16 12:00:00,4,16,수요일,12,2.2488751124887507
2025-04-16 13:00:00,4,16,수요일,13,2.163203679632036
2025-04-16 14:00:00,4,16,수요일,14,2.227457254274572
2025-04-16 15:00:00,4,16,수요일,15,2.4416358364163577
2025-04-16 16:00:00,4,16,수요일,16,2.6558144185581436
2025-04-16 17:00:00,4,16,수요일,17,2.9128287171282867
2025-04-16 18:00:00,4,16,수요일,18,2.7200679932006797
2025-04-16 19:00:00,4,16,수요일,19,2.3131286871312864
2025-04-16 20:00:00,4,16,수요일,20,1.9383161683831613
2025-04-16 21:00:00,4,16,수요일,21,1.5956304369563041
2025-04-16 22:00:00,4,16,수요일,22,1.3493250674932504
2025-04-16 23:00:00,4,16,수요일,23,1.1886911308869113
2025-04-17 00:00:00,4,17,목요일,0,1.0165083491650833
2025-04-17 01:00:00,4,17,목요일,1,0.6596490350964902
2025-04-17 02:00:00,4,17,목요일,2,0.5731376862313767
2025-04-17 03:00:00,4,17,목요일,3,0.47581241875812413
2025-04-17 04:00:00,4,17,목요일,4,0.6272072792720726
2025-04-17 05:00:00,4,17,목요일,5,1.103019698030197
2025-04-17 06:00:00,4,17,목요일,6,1.8383661633836612
2025-04-17 07:00:00,4,17,목요일,7,2.595340465953404
2025-04-17 08:00:00,4,17,목요일,8,2.8765023497650235
2025-04-17 09:00:00,4,17,목요일,9,2.465573442655734
2025-04-17 10:00:00,4,17,목요일,10,2.0546445355464447
2025-04-17 11:00:00,4,17,목요일,11,2.1519698030196976
2025-04-17 12:00:00,4,17,목요일,12,2.2709229077092288
2025-04-17 13:00:00,4,17,목요일,13,2.1844115588441153
2025-04-17 14:00:00,4,17,목요일,14,2.24929507049295
2025-04-17 15:00:00,4,17,목요일,15,2.465573442655734
2025-04-17 16:00:00,4,17,목요일,16,2.681851814818518
2025-04-17 17:00:00,4,17,목요일,17,2.9413858614138584
2025-04-17 18:00:00,4,17,목요일,18,2.746735326467353
2025-04-17 19:00:00,4,17,목요일,19,2.335806419358064
2025-04-17 20:00:00,4,17,목요일,20,1.9573192680731923
2025-04-17 21:00:00,4,17,목요일,21,1.6112738726127385
2025-04-17 22:00:00,4,17,목요일,22,1.3625537446255371
2025-04-17 23:00:00,4,17,목요일,23,1.2003449655034495
2025-04-18 00:00:00,4,18,금요일,0,1.065853414658534
2025-04-18 01:00:00,4,18,금요일,1,0.6916708329167083
2025-04-18 02:00:00,4,18,금요일,2,0.600959904009599
2025-04-18 03:00:00,4,18,금요일,3,0.49891010898910104
2025-04-18 04:00:00,4,18,금요일,4,0.6576542345765423
2025-04-18 05:00:00,4,18,금요일,5,1.1565643435656434
2025-04-18 06:00:00,4,18,금요일,6,1.9276072392760721
2025-04-18 07:00:00,4,18,금요일,7,2.721327867213278
2025-04-18 08:00:00,4,18,금요일,8,3.016138386161384
2025-04-18 09:00:00,4,18,금요일,9,2.585261473852614
2025-04-18 10:00:00,4,18,금요일,10,2.154384561543845
2025-04-18 11:00:00,4,18,금요일,11,2.256434356564343
2025-04-18 12:00:00,4,18,금요일,12,2.3811618838116186
2025-04-18 13:00:00,4,18,금요일,13,2.290450954904509
2025-04-18 14:00:00,4,18,금요일,14,2.3584841515848414
2025-04-18 15:00:00,4,18,금요일,15,2.585261473852614
2025-04-18 16:00:00,4,18,금요일,16,2.8120387961203877
2025-04-18 17:00:00,4,18,금요일,17,3.0841715828417158
2025-04-18 18:00:00,4,18,금요일,18,2.88007199280072
2025-04-18 19:00:00,4,18,금요일,19,2.449195080491951
2025-04-18 20:00:00,4,18,금요일,20,2.0523347665233476
2025-04-18 21:00:00,4,18,금요일,21,1.6894910508949104
2025-04-18 22:00:00,4,18,금요일,22,1.428697130286971
2025-04-18 23:00:00,4,18,금요일,23,1.2586141385861414
2025-04-19 00:00:00,4,19,토요일,0,0.8388661133886608
2025-04-19 01:00:00,4,19,토요일,1,0.5443705629437054
2025-04-19 02:00:00,4,19,토요일,2,0.47297770222977686
2025-04-19 03:00:00,4,19,토요일,3,0.3926607339266072
2025-04-19 04:00:00,4,19,토요일,4,0.5175982401759822
2025-04-19 05:00:00,4,19,토요일,5,0.9102589741025895
2025-04-19 06:00:00,4,19,토요일,6,1.5170982901709824
2025-04-19 07:00:00,4,19,토요일,7,2.1417858214178573
2025-04-19 08:00:00,4,19,토요일,8,2.3738126187381257
2025-04-19 09:00:00,4,19,토요일,9,2.0346965303469644
2025-04-19 10:00:00,4,19,토요일,10,1.6955804419558036
2025-04-19 11:00:00,4,19,토요일,11,1.7758974102589733
2025-04-19 12:00:00,4,19,토요일,12,1.8740625937406254
2025-04-19 13:00:00,4,19,토요일,13,1.8026697330266965
2025-04-19 14:00:00,4,19,토요일,14,1.856214378562143
2025-04-19 15:00:00,4,19,토요일,15,2.0346965303469644
2025-04-19 16:00:00,4,19,토요일,16,2.2131786821317863
2025-04-19 17:00:00,4,19,토요일,17,2.427357264273572
2025-04-19 18:00:00,4,19,토요일,18,2.2667233276672327
2025-04-19 19:00:00,4,19,토요일,19,1.927607239276072
2025-04-19 20:00:00,4,19,토요일,20,1.6152634736526341
2025-04-19 21:00:00,4,19,토요일,21,1.32969203079692
2025-04-19 22:00:00,4,19,토요일,22,1.1244375562443751
2025-04-19 23:00:00,4,19,토요일,23,0.9905759424057592
2025-04-20 00:00:00,4,20,일요일,0,0.7401759824017595
2025-04-20 01:00:00,4,20,일요일,1,0.4803269673032695
2025-04-20 02:00:00,4,20,일요일,2,0.41733326667333254
2025-04-20 03:00:00,4,20,일요일,3,0.34646535346465346
2025-04-20 04:00:00,4,20,일요일,4,0.45670432956704315
2025-04-20 05:00:00,4,20,일요일,5,0.8031696830316967
2025-04-20 06:00:00,4,20,일요일,6,1.338616138386161
2025-04-20 07:00:00,4,20,일요일,7,1.8898110188981094
2025-04-20 08:00:00,4,20,일요일,8,2.094540545945405
2025-04-20 09:00:00,4,20,일요일,9,1.795320467953204
2025-04-20 10:00:00,4,20,일요일,10,1.4961003899610033
2025-04-20 11:00:00,4,20,일요일,11,1.5669683031696824
2025-04-20 12:00:00,4,20,일요일,12,1.653584641535846
2025-04-20 13:00:00,4,20,일요일,13,1.590590940905909
2025-04-20 14:00:00,4,20,일요일,14,1.6378362163783615
2025-04-20 15:00:00,4,20,일요일,15,1.795320467953204
2025-04-20 16:00:00,4,20,일요일,16,1.9528047195280467
2025-04-20 17:00:00,4,20,일요일,17,2.141785821417858
2025-04-20 18:00:00,4,20,일요일,18,2.0000499950004995
2025-04-20 19:00:00,4,20,일요일,19,1.7008299170082988
2025-04-20 20:00:00,4,20,일요일,20,1.4252324767523243
2025-04-20 21:00:00,4,20,일요일,21,1.1732576742325764
2025-04-20 22:00:00,4,20,일요일,22,0.9921507849215075
2025-04-20 23:00:00,4,20,일요일,23,0.8740375962403758
2025-04-21 00:00:00,4,21,월요일,0,1.0362463753624633
2025-04-21 01:00:00,4,21,월요일,1,0.6724577542245773
2025-04-21 02:00:00,4,21,월요일,2,0.5842665733426656
2025-04-21 03:00:00,4,21,월요일,3,0.48505149485051485
2025-04-21 04:00:00,4,21,월요일,4,0.6393860613938604
2025-04-21 05:00:00,4,21,월요일,5,1.1244375562443754
2025-04-21 06:00:00,4,21,월요일,6,1.8740625937406254
2025-04-21 07:00:00,4,21,월요일,7,2.6457354264573536
2025-04-21 08:00:00,4,21,월요일,8,2.932356764323567
2025-04-21 09:00:00,4,21,월요일,9,2.5134486551344857
2025-04-21 10:00:00,4,21,월요일,10,2.0945405459454047
2025-04-21 11:00:00,4,21,월요일,11,2.1937556244375553
2025-04-21 12:00:00,4,21,월요일,12,2.3150184981501845
2025-04-21 13:00:00,4,21,월요일,13,2.2268273172682727
2025-04-21 14:00:00,4,21,월요일,14,2.2929707029297064
2025-04-21 15:00:00,4,21,월요일,15,2.5134486551344857
2025-04-21 16:00:00,4,21,월요일,16,2.7339266073392654
2025-04-21 17:00:00,4,21,월요일,17,2.9985001499850013
2025-04-21 18:00:00,4,21,월요일,18,2.8000699930006996
2025-04-21 19:00:00,4,21,월요일,19,2.3811618838116186
2025-04-21 20:00:00,4,21,월요일,20,1.9953254674532541
2025-04-21 21:00:00,4,21,월요일,21,1.6425607439256071
2025-04-21 22:00:00,4,21,월요일,22,1.3890110988901105
2025-04-21 23:00:00,4,21,월요일,23,1.2236526347365262
2025-04-22 00:00:00,4,22,화요일,0,0.9869013098690127
2025-04-22 01:00:00,4,22,화요일,1,0.6404359564043594
2025-04-22 02:00:00,4,22,화요일,2,0.5564443555644434
2025-04-22 03:00:00,4,22,화요일,3,0.4619538046195379
2025-04-22 04:00:00,4,22,화요일,4,0.6089391060893908
2025-04-22 05:00:00,4,22,화요일,5,1.070892910708929
2025-04-22 06:00:00,4,22,화요일,6,1.7848215178482145
2025-04-22 07:00:00,4,22,화요일,7,2.5197480251974795
2025-04-22 08:00:00,4,22,화요일,8,2.7927207279272066
2025-04-22 09:00:00,4,22,화요일,9,2.393760623937605
2025-04-22 10:00:00,4,22,화요일,10,1.9948005199480043
2025-04-22 11:00:00,4,22,화요일,11,2.08929107089291
2025-04-22 12:00:00,4,22,화요일,12,2.2047795220477946
2025-04-22 13:00:00,4,22,화요일,13,2.1207879212078784
2025-04-22 14:00:00,4,22,화요일,14,2.1837816218378157
2025-04-22 15:00:00,4,22,화요일,15,2.393760623937605
2025-04-22 16:00:00,4,22,화요일,16,2.6037396260373957
2025-04-22 17:00:00,4,22,화요일,17,2.855714428557144
2025-04-22 18:00:00,4,22,화요일,18,2.6667333266673325
2025-04-22 19:00:00,4,22,화요일,19,2.267773222677732
2025-04-22 20:00:00,4,22,화요일,20,1.9003099690030991
2025-04-22 21:00:00,4,22,화요일,21,1.5643435656434352
2025-04-22 22:00:00,4,22,화요일,22,1.3228677132286768
2025-04-22 23:00:00,4,22,화요일,23,1.1653834616538343
2025-04-23 00:00:00,4,23,수요일,0,1.006639336066393
2025-04-23 01:00:00,4,23,수요일,1,0.6532446755324466
2025-04-23 02:00:00,4,23,수요일,2,0.5675732426757323
2025-04-23 03:00:00,4,23,수요일,3,0.4711928807119287
2025-04-23 04:00:00,4,23,수요일,4,0.6211178882111787
2025-04-23 05:00:00,4,23,수요일,5,1.0923107689231075
2025-04-23 06:00:00,4,23,수요일,6,1.820517948205179
2025-04-23 07:00:00,4,23,수요일,7,2.570142985701429
2025-04-23 08:00:00,4,23,수요일,8,2.848575142485751
2025-04-23 09:00:00,4,23,수요일,9,2.4416358364163577
2025-04-23 10:00:00,4,23,수요일,10,2.034696530346965
2025-04-23 11:00:00,4,23,수요일,11,2.131076892310768
2025-04-23 12:00:00,4,23,수요일,12,2.2488751124887507
2025-04-23 13:00:00,4,23,수요일,13,2.163203679632036
2025-04-23 14:00:00,4,23,수요일,14,2.227457254274572
2025-04-23 15:00:00,4,23,수요일,15,2.4416358364163577
2025-04-23 16:00:00,4,23,수요일,16,2.6558144185581436
2025-04-23 17:00:00,4,23,수요일,17,2.9128287171282867
2025-04-23 18:00:00,4,23,수요일,18,2.7200679932006797
2025-04-23 19:00:00,4,23,수요일,19,2.3131286871312864
2025-04-23 20:00:00,4,23,수요일,20,1.9383161683831613
2025-04-23 21:00:00,4,23,수요일,21,1.5956304369563041
2025-04-23 22:00:00,4,23,수요일,22,1.3493250674932504
2025-04-23 23:00:00,4,23,수요일,23,1.1886911308869113
2025-04-24 00:00:00,4,24,목요일,0,1.0165083491650833
2025-04-24 01:00:00,4,24,목요일,1,0.6596490350964902
2025-04-24 02:00:00,4,24,목요일,2,0.5731376862313767
2025-04-24 03:00:00,4,24,목요일,3,0.47581241875812413
2025-04-24 04:00:00,4,24,목요일,4,0.6272072792720726
2025-04-24 05:00:00,4,24,목요일,5,1.103019698030197
2025-04-24 06:00:00,4,24,목요일,6,1.8383661633836612
2025-04-24 07:00:00,4,24,목요일,7,2.595340465953404
2025-04-24 08:00:00,4,24,목요일,8,2.8765023497650235
2025-04-24 09:00:00,4,24,목요일,9,2.465573442655734
2025-04-24 10:00:00,4,24,목요일,10,2.0546445355464447
2025-04-24 11:00:00,4,24,목요일,11,2.1519698030196976
2025-04-24 12:00:00,4,24,목요일,12,2.2709229077092288
2025-04-24 13:00:00,4,24,목요일,13,2.1844115588441153
2025-04-24 14:00:00,4,24,목요일,14,2.24929507049295
2025-04-24 15:00:00,4,24,목요일,15,2.465573442655734
2025-04-24 16:00:00,4,24,목요일,16,2.681851814818518
2025-04-24 17:00:00,4,24,목요일,17,2.9413858614138584
2025-04-24 18:00:00,4,24,목요일,18,2.746735326467353
2025-04-24 19:00:00,4,24,목요일,19,2.335806419358064
2025-04-24 20:00:00,4,24,목요일,20,1.9573192680731923
2025-04-24 21:00:00,4,24,목요일,21,1.6112738726127385
2025-04-24 22:00:00,4,24,목요일,22,1.3625537446255371
2025-04-24 23:00:00,4,24,목요일,23,1.2003449655034495
2025-04-25 00:00:00,4,25,금요일,0,1.065853414658534
2025-04-25 01:00:00,4,25,금요일,1,0.6916708329167083
2025-04-25 02:00:00,4,25,금요일,2,0.600959904009599
2025-04-25 03:00:00,4,25,금요일,3,0.49891010898910104
2025-04-25 04:00:00,4,25,금요일,4,0.6576542345765423
2025-04-25 05:00:00,4,25,금요일,5,1.1565643435656434
2025-04-25 06:00:00,4,25,금요일,6,1.9276072392760721
2025-04-25 07:00:00,4,25,금요일,7,2.721327867213278
2025-04-25 08:00:00,4,25,금요일,8,3.016138386161384
2025-04-25 09:00:00,4,25,금요일,9,2.585261473852614
2025-04-25 10:00:00,4,25,금요일,10,2.154384561543845
2025-04-25 11:00:00,4,25,금요일,11,2.256434356564343
2025-04-25 12:00:00,4,25,금요일,12,2.3811618838116186
2025-04-25 13:00:00,4,25,금요일,13,2.290450954904509
2025-04-25 14:00:00,4,25,금요일,14,2.3584841515848414
2025-04-25 15:00:00,4,25,금요일,15,2.585261473852614
2025-04-25 16:00:00,4,25,금요일,16,2.8120387961203877
2025-04-25 17:00:00,4,25,금요일,17,3.0841715828417158
2025-04-25 18:00:00,4,25,금요일,18,2.88007199280072
2025-04-25 19:00:00,4,25,금요일,19,2.449195080491951
2025-04-25 20:00:00,4,25,금요일,20,2.0523347665233476
2025-04-25 21:00:00,4,25,금요일,21,1.6894910508949104
2025-04-25 22:00:00,4,25,금요일,22,1.428697130286971
2025-04-25 23:00:00,4,25,금요일,23,1.2586141385861414
2025-04-26 00:00:00,4,26,토요일,0,0.8388661133886608
2025-04-26 01:00:00,4,26,토요일,1,0.5443705629437054
2025-04-26 02:00:00,4,26,토요일,2,0.47297770222977686
2025-04-26 03:00:00,4,26,토요일,3,0.3926607339266072
2025-04-26 04:00:00,4,26,토요일,4,0.5175982401759822
2025-04-26 05:00:00,4,26,토요일,5,0.9102589741025895
2025-04-26 06:00:00,4,26,토요일,6,1.5170982901709824
2025-04-26 07:00:00,4,26,토요일,7,2.1417858214178573
2025-04-26 08:00:00,4,26,토요일,8,2.3738126187381257
2025-04-26 09:00:00,4,26,토요일,9,2.0346965303469644
2025-04-26 10:00:00,4,26,토요일,10,1.6955804419558036
2025-04-26 11:00:00,4,26,토요일,11,1.7758974102589733
2025-04-26 12:00:00,4,26,토요일,12,1.8740625937406254
2025-04-26 13:00:00,4,26,토요일,13,1.8026697330266965
2025-04-26 14:00:00,4,26,토요일,14,1.856214378562143
2025-04-26 15:00:00,4,26,토요일,15,2.0346965303469644
2025-04-26 16:00:00,4,26,토요일,16,2.2131786821317863
2025-04-26 17:00:00,4,26,토요일,17,2.427357264273572
2025-04-26 18:00:00,4,26,토요일,18,2.2667233276672327
2025-04-26 19:00:00,4,26,토요일,19,1.927607239276072
2025-04-26 20:00:00,4,26,토요일,20,1.6152634736526341
2025-04-26 21:00:00,4,26,토요일,21,1.32969203079692
2025-04-26 22:00:00,4,26,토요일,22,1.1244375562443751
2025-04-26 23:00:00,4,26,토요일,23,0.9905759424057592
2025-04-27 00:00:00,4,27,일요일,0,0.7401759824017595
2025-04-27 01:00:00,4,27,일요일,1,0.4803269673032695
2025-04-27 02:00:00,4,27,일요일,2,0.41733326667333254
2025-04-27 03:00:00,4,27,일요일,3,0.34646535346465346
2025-04-27 04:00:00,4,27,일요일,4,0.45670432956704315
2025-04-27 05:00:00,4,27,일요일,5,0.8031696830316967
2025-04-27 06:00:00,4,27,일요일,6,1.338616138386161
2025-04-27 07:00:00,4,27,일요일,7,1.8898110188981094
2025-04-27 08:00:00,4,27,일요일,8,2.094540545945405
2025-04-27 09:00:00,4,27,일요일,9,1.795320467953204
2025-04-27 10:00:00,4,27,일요일,10,1.4961003899610033
2025-04-27 11:00:00,4,27,일요일,11,1.5669683031696824
2025-04-27 12:00:00,4,27,일요일,12,1.653584641535846
2025-04-27 13:00:00,4,27,일요일,13,1.590590940905909
2025-04-27 14:00:00,4,27,일요일,14,1.6378362163783615
2025-04-27 15:00:00,4,27,일요일,15,1.795320467953204
2025-04-27 16:00:00,4,27,일요일,16,1.9528047195280467
2025-04-27 17:00:00,4,27,일요일,17,2.141785821417858
2025-04-27 18:00:00,4,27,일요일,18,2.0000499950004995
2025-04-27 19:00:00,4,27,일요일,19,1.7008299170082988
2025-04-27 20:00:00,4,27,일요일,20,1.4252324767523243
2025-04-27 21:00:00,4,27,일요일,21,1.1732576742325764
2025-04-27 22:00:00,4,27,일요일,22,0.9921507849215075
2025-04-27 23:00:00,4,27,일요일,23,0.8740375962403758
2025-04-28 00:00:00,4,28,월요일,0,1.0362463753624633
2025-04-28 01:00:00,4,28,월요일,1,0.6724577542245773
2025-04-28 02:00:00,4,28,월요일,2,0.5842665733426656
2025-04-28 03:00:00,4,28,월요일,3,0.48505149485051485
2025-04-28 04:00:00,4,28,월요일,4,0.6393860613938604
2025-04-28 05:00:00,4,28,월요일,5,1.1244375562443754
2025-04-28 06:00:00,4,28,월요일,6,1.8740625937406254
2025-04-28 07:00:00,4,28,월요일,7,2.6457354264573536
2025-04-28 08:00:00,4,28,월요일,8,2.932356764323567
2025-04-28 09:00:00,4,28,월요일,9,2.5134486551344857
2025-04-28 10:00:00,4,28,월요일,10,2.0945405459454047
2025-04-28 11:00:00,4,28,월요일,11,2.1937556244375553
2025-04-28 12:00:00,4,28,월요일,12,2.3150184981501845
2025-04-28 13:00:00,4,28,월요일,13,2.2268273172682727
2025-04-28 14:00:00,4,28,월요일,14,2.2929707029297064
2025-04-28 15:00:00,4,28,월요일,15,2.5134486551344857
2025-04-28 16:00:00,4,28,월요일,16,2.7339266073392654
2025-04-28 17:00:00,4,28,월요일,17,2.9985001499850013
2025-04-28 18:00:00,4,28,월요일,18,2.8000699930006996
2025-04-28 19:00:00,4,28,월요일,19,2.3811618838116186
2025-04-28 20:00:00,4,28,월요일,20,1.9953254674532541
2025-04-28 21:00:00,4,28,월요일,21,1.6425607439256071
2025-04-28 22:00:00,4,28,월요일,22,1.3890110988901105
2025-04-28 23:00:00,4,28,월요일,23,1.2236526347365262
2025-04-29 00:00:00,4,29,화요일,0,0.9869013098690127
2025-04-29 01:00:00,4,29,화요일,1,0.6404359564043594
2025-04-29 02:00:00,4,29,화요일,2,0.5564443555644434
2025-04-29 03:00:00,4,29,화요일,3,0.4619538046195379
2025-04-29 04:00:00,4,29,화요일,4,0.6089391060893908
2025-04-29 05:00:00,4,29,화요일,5,1.070892910708929
2025-04-29 06:00:00,4,29,화요일,6,1.7848215178482145
2025-04-29 07:00:00,4,29,화요일,7,2.5197480251974795
2025-04-29 08:00:00,4,29,화요일,8,2.7927207279272066
2025-04-29 09:00:00,4,29,화요일,9,2.393760623937605
2025-04-29 10:00:00,4,29,화요일,10,1.9948005199480043
2025-04-29 11:00:00,4,29,화요일,11,2.08929107089291
2025-04-29 12:00:00,4,29,화요일,12,2.2047795220477946
2025-04-29 13:00:00,4,29,화요일,13,2.1207879212078784
2025-04-29 14:00:00,4,29,화요일,14,2.1837816218378157
2025-04-29 15:00:00,4,29,화요일,15,2.393760623937605
2025-04-29 16:00:00,4,29,화요일,16,2.6037396260373957
2025-04-29 17:00:00,4,29,화요일,17,2.855714428557144
2025-04-29 18:00:00,4,29,화요일,18,2.6667333266673325
2025-04-29 19:00:00,4,29,화요일,19,2.267773222677732
2025-04-29 20:00:00,4,29,화요일,20,1.9003099690030991
2025-04-29 21:00:00,4,29,화요일,21,1.5643435656434352
2025-04-29 22:00:00,4,29,화요일,22,1.3228677132286768
2025-04-29 23:00:00,4,29,화요일,23,1.1653834616538343
2025-04-30 00:00:00,4,30,수요일,0,1.006639336066393
2025-04-30 01:00:00,4,30,수요일,1,0.6532446755324466
2025-04-30 02:00:00,4,30,수요일,2,0.5675732426757323
2025-04-30 03:00:00,4,30,수요일,3,0.4711928807119287
2025-04-30 04:00:00,4,30,수요일,4,0.6211178882111787
2025-04-30 05:00:00,4,30,수요일,5,1.0923107689231075
2025-04-30 06:00:00,4,30,수요일,6,1.820517948205179
2025-04-30 07:00:00,4,30,수요일,7,2.570142985701429
2025-04-30 08:00:00,4,30,수요일,8,2.848575142485751
2025-04-30 09:00:00,4,30,수요일,9,2.4416358364163577
2025-04-30 10:00:00,4,30,수요일,10,2.034696530346965
2025-04-30 11:00:00,4,30,수요일,11,2.131076892310768
2025-04-30 12:00:00,4,30,수요일,12,2.2488751124887507
2025-04-30 13:00:00,4,30,수요일,13,2.163203679632036
2025-04-30 14:00:00,4,30,수요일,14,2.227457254274572
2025-04-30 15:00:00,4,30,수요일,15,2.4416358364163577
2025-04-30 16:00:00,4,30,수요일,16,2.6558144185581436
2025-04-30 17:00:00,4,30,수요일,17,2.9128287171282867
2025-04-30 18:00:00,4,30,수요일,18,2.7200679932006797
2025-04-30 19:00:00,4,30,수요일,19,2.3131286871312864
2025-04-30 20:00:00,4,30,수요일,20,1.9383161683831613
2025-04-30 21:00:00,4,30,수요일,21,1.5956304369563041
2025-04-30 22:00:00,4,30,수요일,22,1.3493250674932504
2025-04-30 23:00:00,4,30,수요일,23,1.1886911308869113
2025-05-01 00:00:00,5,1,목요일,0,1.0455514448555143
2025-05-01 01:00:00,5,1,목요일,1,0.6784961503849614
2025-05-01 02:00:00,5,1,목요일,2,0.5895130486951304
2025-05-01 03:00:00,5,1,목요일,3,0.4894070592940705
2025-05-01 04:00:00,5,1,목요일,4,0.6451274872512748
2025-05-01 05:00:00,5,1,목요일,5,1.1345345465453454
2025-05-01 06:00:00,5,1,목요일,6,1.890890910908909
2025-05-01 07:00:00,5,1,목요일,7,2.66949305069493
2025-05-01 08:00:00,5,1,목요일,8,2.9586881311868813
2025-05-01 09:00:00,5,1,목요일,9,2.5360183981601834
2025-05-01 10:00:00,5,1,목요일,10,2.1133486651334863
2025-05-01 11:00:00,5,1,목요일,11,2.213454654534546
2025-05-01 12:00:00,5,1,목요일,12,2.335806419358064
2025-05-01 13:00:00,5,1,목요일,13,2.2468233176682326
2025-05-01 14:00:00,5,1,목요일,14,2.313560643935606
2025-05-01 15:00:00,5,1,목요일,15,2.5360183981601834
2025-05-01 16:00:00,5,1,목요일,16,2.758476152384761
2025-05-01 17:00:00,5,1,목요일,17,3.0254254574542547
2025-05-01 18:00:00,5,1,목요일,18,2.8252134786521346
2025-05-01 19:00:00,5,1,목요일,19,2.4025437456254375
2025-05-01 20:00:00,5,1,목요일,20,2.0132426757324264
2025-05-01 21:00:00,5,1,목요일,21,1.6573102689731025
2025-05-01 22:00:00,5,1,목요일,22,1.4014838516148382
2025-05-01 23:00:00,5,1,목요일,23,1.2346405359464054
2025-05-02 00:00:00,5,2,금요일,0,1.0963063693630635
2025-05-02 01:00:00,5,2,금요일,1,0.7114328567143284
2025-05-02 02:00:00,5,2,금요일,2,0.6181301869813018
2025-05-02 03:00:00,5,2,금요일,3,0.5131646835316468
2025-05-02 04:00:00,5,2,금요일,4,0.6764443555644435
2025-05-02 05:00:00,5,2,금요일,5,1.1896090390960903
2025-05-02 06:00:00,5,2,금요일,6,1.982681731826817
2025-05-02 07:00:00,5,2,금요일,7,2.7990800919908003
2025-05-02 08:00:00,5,2,금요일,8,3.1023137686231377
2025-05-02 09:00:00,5,2,금요일,9,2.65912608739126
2025-05-02 10:00:00,5,2,금요일,10,2.2159384061593834
2025-05-02 11:00:00,5,2,금요일,11,2.3209039096090387
2025-05-02 12:00:00,5,2,금요일,12,2.449195080491951
2025-05-02 13:00:00,5,2,금요일,13,2.3558924107589236
2025-05-02 14:00:00,5,2,금요일,14,2.425869413058694
2025-05-02 15:00:00,5,2,금요일,15,2.65912608739126
2025-05-02 16:00:00,5,2,금요일,16,2.8923827617238276
2025-05-02 17:00:00,5,2,금요일,17,3.1722907709229076
2025-05-02 18:00:00,5,2,금요일,18,2.9623597640235975
2025-05-02 19:00:00,5,2,금요일,19,2.519172082791721
2025-05-02 20:00:00,5,2,금요일,20,2.1109729027097286
2025-05-02 21:00:00,5,2,금요일,21,1.7377622237776222
2025-05-02 22:00:00,5,2,금요일,22,1.4695170482951703
2025-05-02 23:00:00,5,2,금요일,23,1.2945745425457453
2025-05-03 00:00:00,5,3,토요일,0,0.8628337166283367
2025-05-03 01:00:00,5,3,토요일,1,0.5599240075992399
2025-05-03 02:00:00,5,3,토요일,2,0.48649135086491335
2025-05-03 03:00:00,5,3,토요일,3,0.40387961203879597
2025-05-03 04:00:00,5,3,토요일,4,0.5323867613238674
2025-05-03 05:00:00,5,3,토요일,5,0.9362663733626634
2025-05-03 06:00:00,5,3,토요일,6,1.560443955604439
2025-05-03 07:00:00,5,3,토요일,7,2.202979702029796
2025-05-03 08:00:00,5,3,토요일,8,2.4416358364163577
2025-05-03 09:00:00,5,3,토요일,9,2.0928307169283062
2025-05-03 10:00:00,5,3,토요일,10,1.7440255974402552
2025-05-03 11:00:00,5,3,토요일,11,1.8266373362663726
2025-05-03 12:00:00,5,3,토요일,12,1.927607239276072
2025-05-03 13:00:00,5,3,토요일,13,1.854174582541745
2025-05-03 14:00:00,5,3,토요일,14,1.90924907509249
2025-05-03 15:00:00,5,3,토요일,15,2.0928307169283062
2025-05-03 16:00:00,5,3,토요일,16,2.276412358764123
2025-05-03 17:00:00,5,3,토요일,17,2.4967103289671027
2025-05-03 18:00:00,5,3,토요일,18,2.331486851314868
2025-05-03 19:00:00,5,3,토요일,19,1.9826817318268168
2025-05-03 20:00:00,5,3,토요일,20,1.661413858614138
2025-05-03 21:00:00,5,3,토요일,21,1.367683231676832
2025-05-03 22:00:00,5,3,토요일,22,1.156564343565643
2025-05-03 23:00:00,5,3,토요일,23,1.0188781121887809
2025-05-04 00:00:00,5,4,일요일,0,0.7613238676132384
2025-05-04 01:00:00,5,4,일요일,1,0.49405059494050585
2025-05-04 02:00:00,5,4,일요일,2,0.42925707429257065
2025-05-04 03:00:00,5,4,일요일,3,0.35636436356364354
2025-05-04 04:00:00,5,4,일요일,4,0.4697530246975301
2025-05-04 05:00:00,5,4,일요일,5,0.8261173882611738
2025-05-04 06:00:00,5,4,일요일,6,1.376862313768623
2025-05-04 07:00:00,5,4,일요일,7,1.9438056194380555
2025-05-04 08:00:00,5,4,일요일,8,2.1543845615438455
2025-05-04 09:00:00,5,4,일요일,9,1.8466153384661528
2025-05-04 10:00:00,5,4,일요일,10,1.5388461153884605
2025-05-04 11:00:00,5,4,일요일,11,1.6117388261173877
2025-05-04 12:00:00,5,4,일요일,12,1.700829917008299
2025-05-04 13:00:00,5,4,일요일,13,1.6360363963603635
2025-05-04 14:00:00,5,4,일요일,14,1.684631536846315
2025-05-04 15:00:00,5,4,일요일,15,1.8466153384661528
2025-05-04 16:00:00,5,4,일요일,16,2.008599140085991
2025-05-04 17:00:00,5,4,일요일,17,2.2029797020297965
2025-05-04 18:00:00,5,4,일요일,18,2.0571942805719425
2025-05-04 19:00:00,5,4,일요일,19,1.7494250574942503
2025-05-04 20:00:00,5,4,일요일,20,1.4659534046595337
2025-05-04 21:00:00,5,4,일요일,21,1.206779322067793
2025-05-04 22:00:00,5,4,일요일,22,1.0204979502049791
2025-05-04 23:00:00,5,4,일요일,23,0.8990100989901009
2025-05-05 00:00:00,5,5,월요일,0,1.0658534146585337
2025-05-05 01:00:00,5,5,월요일,1,0.6916708329167082
2025-05-05 02:00:00,5,5,월요일,2,0.6009599040095989
2025-05-05 03:00:00,5,5,월요일,3,0.498910108989101
2025-05-05 04:00:00,5,5,월요일,4,0.6576542345765422
2025-05-05 05:00:00,5,5,월요일,5,1.1565643435656432
2025-05-05 06:00:00,5,5,월요일,6,1.927607239276072
2025-05-05 07:00:00,5,5,월요일,7,2.7213278672132777
2025-05-05 08:00:00,5,5,월요일,8,3.0161383861613835
2025-05-05 09:00:00,5,5,월요일,9,2.5852614738526136
2025-05-05 10:00:00,5,5,월요일,10,2.1543845615438446
2025-05-05 11:00:00,5,5,월요일,11,2.256434356564343
2025-05-05 12:00:00,5,5,월요일,12,2.381161883811618
2025-05-05 13:00:00,5,5,월요일,13,2.2904509549045087
2025-05-05 14:00:00,5,5,월요일,14,2.358484151584841
2025-05-05 15:00:00,5,5,월요일,15,2.5852614738526136
2025-05-05 16:00:00,5,5,월요일,16,2.812038796120387
2025-05-05 17:00:00,5,5,월요일,17,3.0841715828417153
2025-05-05 18:00:00,5,5,월요일,18,2.8800719928007195
2025-05-05 19:00:00,5,5,월요일,19,2.4491950804919504
2025-05-05 20:00:00,5,5,월요일,20,2.052334766523347
2025-05-05 21:00:00,5,5,월요일,21,1.6894910508949101
2025-05-05 22:00:00,5,5,월요일,22,1.4286971302869709
2025-05-05 23:00:00,5,5,월요일,23,1.2586141385861411
2025-05-06 00:00:00,5,6,화요일,0,1.0150984901509847
2025-05-06 01:00:00,5,6,화요일,1,0.6587341265873412
2025-05-06 02:00:00,5,6,화요일,2,0.5723427657234276
2025-05-06 03:00:00,5,6,화요일,3,0.4751524847515248
2025-05-06 04:00:00,5,6,화요일,4,0.6263373662633736
2025-05-06 05:00:00,5,6,화요일,5,1.1014898510148985
2025-05-06 06:00:00,5,6,화요일,6,1.835816418358164
2025-05-06 07:00:00,5,6,화요일,7,2.591740825917408
2025-05-06 08:00:00,5,6,화요일,8,2.872512748725127
2025-05-06 09:00:00,5,6,화요일,9,2.4621537846215373
2025-05-06 10:00:00,5,6,화요일,10,2.0517948205179475
2025-05-06 11:00:00,5,6,화요일,11,2.1489851014898504
2025-05-06 12:00:00,5,6,화요일,12,2.2677732226777323
2025-05-06 13:00:00,5,6,화요일,13,2.181381861813818
2025-05-06 14:00:00,5,6,화요일,14,2.2461753824617534
2025-05-06 15:00:00,5,6,화요일,15,2.4621537846215373
2025-05-06 16:00:00,5,6,화요일,16,2.6781321867813217
2025-05-06 17:00:00,5,6,화요일,17,2.9373062693730625
2025-05-06 18:00:00,5,6,화요일,18,2.742925707429257
2025-05-06 19:00:00,5,6,화요일,19,2.332566743325667
2025-05-06 20:00:00,5,6,화요일,20,1.9546045395460452
2025-05-06 21:00:00,5,6,화요일,21,1.6090390960903909
2025-05-06 22:00:00,5,6,화요일,22,1.360663933606639
2025-05-06 23:00:00,5,6,화요일,23,1.1986801319868012
2025-05-07 00:00:00,5,7,수요일,0,1.0354004599540043
2025-05-07 01:00:00,5,7,수요일,1,0.6719088091190879
2025-05-07 02:00:00,5,7,수요일,2,0.5837896210378961
2025-05-07 03:00:00,5,7,수요일,3,0.48465553444655524
2025-05-07 04:00:00,5,7,수요일,4,0.6388641135886409
2025-05-07 05:00:00,5,7,수요일,5,1.123519648035196
2025-05-07 06:00:00,5,7,수요일,6,1.872532746725327
2025-05-07 07:00:00,5,7,수요일,7,2.6435756424357555
2025-05-07 08:00:00,5,7,수요일,8,2.9299630036996294
2025-05-07 09:00:00,5,7,수요일,9,2.5113968603139676
2025-05-07 10:00:00,5,7,수요일,10,2.0928307169283062
2025-05-07 11:00:00,5,7,수요일,11,2.1919648035196473
2025-05-07 12:00:00,5,7,수요일,12,2.3131286871312864
2025-05-07 13:00:00,5,7,수요일,13,2.225009499050094
2025-05-07 14:00:00,5,7,수요일,14,2.2910988901109883
2025-05-07 15:00:00,5,7,수요일,15,2.5113968603139676
2025-05-07 16:00:00,5,7,수요일,16,2.7316948305169477
2025-05-07 17:00:00,5,7,수요일,17,2.9960523947605235
2025-05-07 18:00:00,5,7,수요일,18,2.7977842215778415
2025-05-07 19:00:00,5,7,수요일,19,2.37921807819218
2025-05-07 20:00:00,5,7,수요일,20,1.9936966303369656
2025-05-07 21:00:00,5,7,수요일,21,1.6412198780121985
2025-05-07 22:00:00,5,7,수요일,22,1.3878772122787717
2025-05-07 23:00:00,5,7,수요일,23,1.2226537346265371
2025-05-08 00:00:00,5,8,목요일,0,1.0455514448555143
2025-05-08 01:00:00,5,8,목요일,1,0.6784961503849614
2025-05-08 02:00:00,5,8,목요일,2,0.5895130486951304
2025-05-08 03:00:00,5,8,목요일,3,0.4894070592940705
2025-05-08 04:00:00,5,8,목요일,4,0.6451274872512748
2025-05-08 05:00:00,5,8,목요일,5,1.1345345465453454
2025-05-08 06:00:00,5,8,목요일,6,1.890890910908909
2025-05-08 07:00:00,5,8,목요일,7,2.66949305069493
2025-05-08 08:00:00,5,8,목요일,8,2.9586881311868813
2025-05-08 09:00:00,5,8,목요일,9,2.5360183981601834
2025-05-08 10:00:00,5,8,목요일,10,2.1133486651334863
2025-05-08 11:00:00,5,8,목요일,11,2.213454654534546
2025-05-08 12:00:00,5,8,목요일,12,2.335806419358064
2025-05-08 13:00:00,5,8,목요일,13,2.2468233176682326
2025-05-08 14:00:00,5,8,목요일,14,2.313560643935606
2025-05-08 15:00:00,5,8,목요일,15,2.5360183981601834
2025-05-08 16:00:00,5,8,목요일,16,2.758476152384761
2025-05-08 17:00:00,5,8,목요일,17,3.0254254574542547
2025-05-08 18:00:00,5,8,목요일,18,2.8252134786521346
2025-05-08 19:00:00,5,8,목요일,19,2.4025437456254375
2025-05-08 20:00:00,5,8,목요일,20,2.0132426757324264
2025-05-08 21:00:00,5,8,목요일,21,1.6573102689731025
2025-05-08 22:00:00,5,8,목요일,22,1.4014838516148382
2025-05-08 23:00:00,5,8,목요일,23,1.2346405359464054
2025-05-09 00:00:00,5,9,금요일,0,1.0963063693630635
2025-05-09 01:00:00,5,9,금요일,1,0.7114328567143284
2025-05-09 02:00:00,5,9,금요일,2,0.6181301869813018
2025-05-09 03:00:00,5,9,금요일,3,0.5131646835316468
2025-05-09 04:00:00,5,9,금요일,4,0.6764443555644435
2025-05-09 05:00:00,5,9,금요일,5,1.1896090390960903
2025-05-09 06:00:00,5,9,금요일,6,1.982681731826817
2025-05-09 07:00:00,5,9,금요일,7,2.7990800919908003
2025-05-09 08:00:00,5,9,금요일,8,3.1023137686231377
2025-05-09 09:00:00,5,9,금요일,9,2.65912608739126
2025-05-09 10:00:00,5,9,금요일,10,2.2159384061593834
2025-05-09 11:00:00,5,9,금요일,11,2.3209039096090387
2025-05-09 12:00:00,5,9,금요일,12,2.449195080491951
2025-05-09 13:00:00,5,9,금요일,13,2.3558924107589236
2025-05-09 14:00:00,5,9,금요일,14,2.425869413058694
2025-05-09 15:00:00,5,9,금요일,15,2.65912608739126
2025-05-09 16:00:00,5,9,금요일,16,2.8923827617238276
2025-05-09 17:00:00,5,9,금요일,17,3.1722907709229076
2025-05-09 18:00:00,5,9,금요일,18,2.9623597640235975
2025-05-09 19:00:00,5,9,금요일,19,2.519172082791721
2025-05-09 20:00:00,5,9,금요일,20,2.1109729027097286
2025-05-09 21:00:00,5,9,금요일,21,1.7377622237776222
2025-05-09 22:00:00,5,9,금요일,22,1.4695170482951703
2025-05-09 23:00:00,5,9,금요일,23,1.2945745425457453
2025-05-10 00:00:00,5,10,토요일,0,0.8628337166283367
2025-05-10 01:00:00,5,10,토요일,1,0.5599240075992399
2025-05-10 02:00:00,5,10,토요일,2,0.48649135086491335
2025-05-10 03:00:00,5,10,토요일,3,0.40387961203879597
2025-05-10 04:00:00,5,10,토요일,4,0.5323867613238674
2025-05-10 05:00:00,5,10,토요일,5,0.9362663733626634
2025-05-10 06:00:00,5,10,토요일,6,1.560443955604439
2025-05-10 07:00:00,5,10,토요일,7,2.202979702029796
2025-05-10 08:00:00,5,10,토요일,8,2.4416358364163577
2025-05-10 09:00:00,5,10,토요일,9,2.0928307169283062
2025-05-10 10:00:00,5,10,토요일,10,1.7440255974402552
2025-05-10 11:00:00,5,10,토요일,11,1.8266373362663726
2025-05-10 12:00:00,5,10,토요일,12,1.927607239276072
2025-05-10 13:00:00,5,10,토요일,13,1.854174582541745
2025-05-10 14:00:00,5,10,토요일,14,1.90924907509249
2025-05-10 15:00:00,5,10,토요일,15,2.0928307169283062
2025-05-10 16:00:00,5,10,토요일,16,2.276412358764123
2025-05-10 17:00:00,5,10,토요일,17,2.4967103289671027
2025-05-10 18:00:00,5,10,토요일,18,2.331486851314868
2025-05-10 19:00:00,5,10,토요일,19,1.9826817318268168
2025-05-10 20:00:00,5,10,토요일,20,1.661413858614138
2025-05-10 21:00:00,5,10,토요일,21,1.367683231676832
2025-05-10 22:00:00,5,10,토요일,22,1.156564343565643
2025-05-10 23:00:00,5,10,토요일,23,1.0188781121887809
2025-05-11 00:00:00,5,11,일요일,0,0.7613238676132384
2025-05-11 01:00:00,5,11,일요일,1,0.49405059494050585
2025-05-11 02:00:00,5,11,일요일,2,0.42925707429257065
2025-05-11 03:00:00,5,11,일요일,3,0.35636436356364354
2025-05-11 04:00:00,5,11,일요일,4,0.4697530246975301
2025-05-11 05:00:00,5,11,일요일,5,0.8261173882611738
2025-05-11 06:00:00,5,11,일요일,6,1.376862313768623
2025-05-11 07:00:00,5,11,일요일,7,1.9438056194380555
2025-05-11 08:00:00,5,11,일요일,8,2.1543845615438455
2025-05-11 09:00:00,5,11,일요일,9,1.8466153384661528
2025-05-11 10:00:00,5,11,일요일,10,1.5388461153884605
2025-05-11 11:00:00,5,11,일요일,11,1.6117388261173877
2025-05-11 12:00:00,5,11,일요일,12,1.700829917008299
2025-05-11 13:00:00,5,11,일요일,13,1.6360363963603635
2025-05-11 14:00:00,5,11,일요일,14,1.684631536846315
2025-05-11 15:00:00,5,11,일요일,15,1.8466153384661528
2025-05-11 16:00:00,5,11,일요일,16,2.008599140085991
2025-05-11 17:00:00,5,11,일요일,17,2.2029797020297965
2025-05-11 18:00:00,5,11,일요일,18,2.0571942805719425
2025-05-11 19:00:00,5,11,일요일,19,1.7494250574942503
2025-05-11 20:00:00,5,11,일요일,20,1.4659534046595337
2025-05-11 21:00:00,5,11,일요일,21,1.206779322067793
2025-05-11 22:00:00,5,11,일요일,22,1.0204979502049791
2025-05-11 23:00:00,5,11,일요일,23,0.8990100989901009
2025-05-12 00:00:00,5,12,월요일,0,1.0658534146585337
2025-05-12 01:00:00,5,12,월요일,1,0.6916708329167082
2025-05-12 02:00:00,5,12,월요일,2,0.6009599040095989
2025-05-12 03:00:00,5,12,월요일,3,0.498910108989101
2025-05-12 04:00:00,5,12,월요일,4,0.6576542345765422
2025-05-12 05:00:00,5,12,월요일,5,1.1565643435656432
2025-05-12 06:00:00,5,12,월요일,6,1.927607239276072
2025-05-12 07:00:00,5,12,월요일,7,2.7213278672132777
2025-05-12 08:00:00,5,12,월요일,8,3.0161383861613835
2025-05-12 09:00:00,5,12,월요일,9,2.5852614738526136
2025-05-12 10:00:00,5,12,월요일,10,2.1543845615438446
2025-05-12 11:00:00,5,12,월요일,11,2.256434356564343
2025-05-12 12:00:00,5,12,월요일,12,2.381161883811618
2025-05-12 13:00:00,5,12,월요일,13,2.2904509549045087
2025-05-12 14:00:00,5,12,월요일,14,2.358484151584841
2025-05-12 15:00:00,5,12,월요일,15,2.5852614738526136
2025-05-12 16:00:00,5,12,월요일,16,2.812038796120387
2025-05-12 17:00:00,5,12,월요일,17,3.0841715828417153
2025-05-12 18:00:00,5,12,월요일,18,2.8800719928007195
2025-05-12 19:00:00,5,12,월요일,19,2.4491950804919504
2025-05-12 20:00:00,5,12,월요일,20,2.052334766523347
2025-05-12 21:00:00,5,12,월요일,21,1.6894910508949101
2025-05-12 22:00:00,5,12,월요일,22,1.4286971302869709
2025-05-12 23:00:00,5,12,월요일,23,1.2586141385861411
2025-05-13 00:00:00,5,13,화요일,0,1.0150984901509847
2025-05-13 01:00:00,5,13,화요일,1,0.6587341265873412
2025-05-13 02:00:00,5,13,화요일,2,0.5723427657234276
2025-05-13 03:00:00,5,13,화요일,3,0.4751524847515248
2025-05-13 04:00:00,5,13,화요일,4,0.6263373662633736
2025-05-13 05:00:00,5,13,화요일,5,1.1014898510148985
2025-05-13 06:00:00,5,13,화요일,6,1.835816418358164
2025-05-13 07:00:00,5,13,화요일,7,2.591740825917408
2025-05-13 08:00:00,5,13,화요일,8,2.872512748725127
2025-05-13 09:00:00,5,13,화요일,9,2.4621537846215373
2025-05-13 10:00:00,5,13,화요일,10,2.0517948205179475
2025-05-13 11:00:00,5,13,화요일,11,2.1489851014898504
2025-05-13 12:00:00,5,13,화요일,12,2.2677732226777323
2025-05-13 13:00:00,5,13,화요일,13,2.181381861813818
2025-05-13 14:00:00,5,13,화요일,14,2.2461753824617534
2025-05-13 15:00:00,5,13,화요일,15,2.4621537846215373
2025-05-13 16:00:00,5,13,화요일,16,2.6781321867813217
2025-05-13 17:00:00,5,13,화요일,17,2.9373062693730625
2025-05-13 18:00:00,5,13,화요일,18,2.742925707429257
2025-05-13 19:00:00,5,13,화요일,19,2.332566743325667
2025-05-13 20:00:00,5,13,화요일,20,1.9546045395460452
2025-05-13 21:00:00,5,13,화요일,21,1.6090390960903909
2025-05-13 22:00:00,5,13,화요일,22,1.360663933606639
2025-05-13 23:00:00,5,13,화요일,23,1.1986801319868012
2025-05-14 00:00:00,5,14,수요일,0,1.0354004599540043
2025-05-14 01:00:00,5,14,수요일,1,0.6719088091190879
2025-05-14 02:00:00,5,14,수요일,2,0.5837896210378961
2025-05-14 03:00:00,5,14,수요일,3,0.48465553444655524
2025-05-14 04:00:00,5,14,수요일,4,0.6388641135886409
2025-05-14 05:00:00,5,14,수요일,5,1.123519648035196
2025-05-14 06:00:00,5,14,수요일,6,1.872532746725327
2025-05-14 07:00:00,5,14,수요일,7,2.6435756424357555
2025-05-14 08:00:00,5,14,수요일,8,2.9299630036996294
2025-05-14 09:00:00,5,14,수요일,9,2.5113968603139676
2025-05-14 10:00:00,5,14,수요일,10,2.0928307169283062
2025-05-14 11:00:00,5,14,수요일,11,2.1919648035196473
2025-05-14 12:00:00,5,14,수요일,12,2.3131286871312864
2025-05-14 13:00:00,5,14,수요일,13,2.225009499050094
2025-05-14 14:00:00,5,14,수요일,14,2.2910988901109883
2025-05-14 15:00:00,5,14,수요일,15,2.5113968603139676
2025-05-14 16:00:00,5,14,수요일,16,2.7316948305169477
2025-05-14 17:00:00,5,14,수요일,17,2.9960523947605235
2025-05-14 18:00:00,5,14,수요일,18,2.7977842215778415
2025-05-14 19:00:00,5,14,수요일,19,2.37921807819218
2025-05-14 20:00:00,5,14,수요일,20,1.9936966303369656
2025-05-14 21:00:00,5,14,수요일,21,1.6412198780121985
2025-05-14 22:00:00,5,14,수요일,22,1.3878772122787717
2025-05-14 23:00:00,5,14,수요일,23,1.2226537346265371
2025-05-15 00:00:00,5,15,목요일,0,1.0455514448555143
2025-05-15 01:00:00,5,15,목요일,1,0.6784961503849614
2025-05-15 02:00:00,5,15,목요일,2,0.5895130486951304
2025-05-15 03:00:00,5,15,목요일,3,0.4894070592940705
2025-05-15 04:00:00,5,15,목요일,4,0.6451274872512748
2025-05-15 05:00:00,5,15,목요일,5,1.1345345465453454
2025-05-15 06:00:00,5,15,목요일,6,1.890890910908909
2025-05-15 07:00:00,5,15,목요일,7,2.66949305069493
2025-05-15 08:00:00,5,15,목요일,8,2.9586881311868813
2025-05-15 09:00:00,5,15,목요일,9,2.5360183981601834
2025-05-15 10:00:00,5,15,목요일,10,2.1133486651334863
2025-05-15 11:00:00,5,15,목요일,11,2.213454654534546
2025-05-15 12:00:00,5,15,목요일,12,2.335806419358064
2025-05-15 13:00:00,5,15,목요일,13,2.2468233176682326
2025-05-15 14:00:00,5,15,목요일,14,2.313560643935606
2025-05-15 15:00:00,5,15,목요일,15,2.5360183981601834
2025-05-15 16:00:00,5,15,목요일,16,2.758476152384761
2025-05-15 17:00:00,5,15,목요일,17,3.0254254574542547
2025-05-15 18:00:00,5,15,목요일,18,2.8252134786521346
2025-05-15 19:00:00,5,15,목요일,19,2.4025437456254375
2025-05-15 20:00:00,5,15,목요일,20,2.0132426757324264
2025-05-15 21:00:00,5,15,목요일,21,1.6573102689731025
2025-05-15 22:00:00,5,15,목요일,22,1.4014838516148382
2025-05-15 23:00:00,5,15,목요일,23,1.2346405359464054
2025-05-16 00:00:00,5,16,금요일,0,1.0963063693630635
2025-05-16 01:00:00,5,16,금요일,1,0.7114328567143284
2025-05-16 02:00:00,5,16,금요일,2,0.6181301869813018
2025-05-16 03:00:00,5,16,금요일,3,0.5131646835316468
2025-05-16 04:00:00,5,16,금요일,4,0.6764443555644435
2025-05-16 05:00:00,5,16,금요일,5,1.1896090390960903
2025-05-16 06:00:00,5,16,금요일,6,1.982681731826817
2025-05-16 07:00:00,5,16,금요일,7,2.7990800919908003
2025-05-16 08:00:00,5,16,금요일,8,3.1023137686231377
2025-05-16 09:00:00,5,16,금요일,9,2.65912608739126
2025-05-16 10:00:00,5,16,금요일,10,2.2159384061593834
2025-05-16 11:00:00,5,16,금요일,11,2.3209039096090387
2025-05-16 12:00:00,5,16,금요일,12,2.449195080491951
2025-05-16 13:00:00,5,16,금요일,13,2.3558924107589236
2025-05-16 14:00:00,5,16,금요일,14,2.425869413058694
2025-05-16 15:00:00,5,16,금요일,15,2.65912608739126
2025-05-16 16:00:00,5,16,금요일,16,2.8923827617238276
2025-05-16 17:00:00,5,16,금요일,17,3.1722907709229076
2025-05-16 18:00:00,5,16,금요일,18,2.9623597640235975
2025-05-16 19:00:00,5,16,금요일,19,2.519172082791721
2025-05-16 20:00:00,5,16,금요일,20,2.1109729027097286
2025-05-16 21:00:00,5,16,금요일,21,1.7377622237776222
2025-05-16 22:00:00,5,16,금요일,22,1.4695170482951703
2025-05-16 23:00:00,5,16,금요일,23,1.2945745425457453
2025-05-17 00:00:00,5,17,토요일,0,0.8628337166283367
2025-05-17 01:00:00,5,17,토요일,1,0.5599240075992399
2025-05-17 02:00:00,5,17,토요일,2,0.48649135086491335
2025-05-17 03:00:00,5,17,토요일,3,0.40387961203879597
2025-05-17 04:00:00,5,17,토요일,4,0.5323867613238674
2025-05-17 05:00:00,5,17,토요일,5,0.9362663733626634
2025-05-17 06:00:00,5,17,토요일,6,1.560443955604439
2025-05-17 07:00:00,5,17,토요일,7,2.202979702029796
2025-05-17 08:00:00,5,17,토요일,8,2.4416358364163577
2025-05-17 09:00:00,5,17,토요일,9,2.0928307169283062
2025-05-17 10:00:00,5,17,토요일,10,1.7440255974402552
2025-05-17 11:00:00,5,17,토요일,11,1.8266373362663726
2025-05-17 12:00:00,5,17,토요일,12,1.927607239276072
2025-05-17 13:00:00,5,17,토요일,13,1.854174582541745
2025-05-17 14:00:00,5,17,토요일,14,1.90924907509249
2025-05-17 15:00:00,5,17,토요일,15,2.0928307169283062
2025-05-17 16:00:00,5,17,토요일,16,2.276412358764123
2025-05-17 17:00:00,5,17,토요일,17,2.4967103289671027
2025-05-17 18:00:00,5,17,토요일,18,2.331486851314868
2025-05-17 19:00:00,5,17,토요일,19,1.9826817318268168
2025-05-17 20:00:00,5,17,토요일,20,1.661413858614138
2025-05-17 21:00:00,5,17,토요일,21,1.367683231676832
2025-05-17 22:00:00,5,17,토요일,22,1.156564343565643
2025-05-17 23:00:00,5,17,토요일,23,1.0188781121887809
2025-05-18 00:00:00,5,18,일요일,0,0.7613238676132384
2025-05-18 01:00:00,5,18,일요일,1,0.49405059494050585
2025-05-18 02:00:00,5,18,일요일,2,0.42925707429257065
2025-05-18 03:00:00,5,18,일요일,3,0.35636436356364354
2025-05-18 04:00:00,5,18,일요일,4,0.4697530246975301
2025-05-18 05:00:00,5,18,일요일,5,0.8261173882611738
2025-05-18 06:00:00,5,18,일요일,6,1.376862313768623
2025-05-18 07:00:00,5,18,일요일,7,1.9438056194380555
2025-05-18 08:00:00,5,18,일요일,8,2.1543845615438455
2025-05-18 09:00:00,5,18,일요일,9,1.8466153384661528
2025-05-18 10:00:00,5,18,일요일,10,1.5388461153884605
2025-05-18 11:00:00,5,18,일요일,11,1.6117388261173877
2025-05-18 12:00:00,5,18,일요일,12,1.700829917008299
2025-05-18 13:00:00,5,18,일요일,13,1.6360363963603635
2025-05-18 14:00:00,5,18,일요일,14,1.684631536846315
2025-05-18 15:00:00,5,18,일요일,15,1.8466153384661528
2025-05-18 16:00:00,5,18,일요일,16,2.008599140085991
2025-05-18 17:00:00,5,18,일요일,17,2.2029797020297965
2025-05-18 18:00:00,5,18,일요일,18,2.0571942805719425
2025-05-18 19:00:00,5,18,일요일,19,1.7494250574942503
2025-05-18 20:00:00,5,18,일요일,20,1.4659534046595337
2025-05-18 21:00:00,5,18,일요일,21,1.206779322067793
2025-05-18 22:00:00,5,18,일요일,22,1.0204979502049791
2025-05-18 23:00:00,5,18,일요일,23,0.8990100989901009
2025-05-19 00:00:00,5,19,월요일,0,1.0658534146585337
2025-05-19 01:00:00,5,19,월요일,1,0.6916708329167082
2025-05-19 02:00:00,5,19,월요일,2,0.6009599040095989
2025-05-19 03:00:00,5,19,월요일,3,0.498910108989101
2025-05-19 04:00:00,5,19,월요일,4,0.6576542345765422
2025-05-19 05:00:00,5,19,월요일,5,1.1565643435656432
2025-05-19 06:00:00,5,19,월요일,6,1.927607239276072
2025-05-19 07:00:00,5,19,월요일,7,2.7213278672132777
2025-05-19 08:00:00,5,19,월요일,8,3.0161383861613835
2025-05-19 09:00:00,5,19,월요일,9,2.5852614738526136
2025-05-19 10:00:00,5,19,월요일,10,2.1543845615438446
2025-05-19 11:00:00,5,19,월요일,11,2.256434356564343
2025-05-19 12:00:00,5,19,월요일,12,2.381161883811618
2025-05-19 13:00:00,5,19,월요일,13,2.2904509549045087
2025-05-19 14:00:00,5,19,월요일,14,2.358484151584841
2025-05-19 15:00:00,5,19,월요일,15,2.5852614738526136
2025-05-19 16:00:00,5,19,월요일,16,2.812038796120387
2025-05-19 17:00:00,5,19,월요일,17,3.0841715828417153
2025-05-19 18:00:00,5,19,월요일,18,2.8800719928007195
2025-05-19 19:00:00,5,19,월요일,19,2.4491950804919504
2025-05-19 20:00:00,5,19,월요일,20,2.052334766523347
2025-05-19 21:00:00,5,19,월요일,21,1.6894910508949101
2025-05-19 22:00:00,5,19,월요일,22,1.4286971302869709
2025-05-19 23:00:00,5,19,월요일,23,1.2586141385861411
2025-05-20 00:00:00,5,20,화요일,0,1.0150984901509847
2025-05-20 01:00:00,5,20,화요일,1,0.6587341265873412
2025-05-20 02:00:00,5,20,화요일,2,0.5723427657234276
2025-05-20 03:00:00,5,20,화요일,3,0.4751524847515248
2025-05-20 04:00:00,5,20,화요일,4,0.6263373662633736
2025-05-20 05:00:00,5,20,화요일,5,1.1014898510148985
2025-05-20 06:00:00,5,20,화요일,6,1.835816418358164
2025-05-20 07:00:00,5,20,화요일,7,2.591740825917408
2025-05-20 08:00:00,5,20,화요일,8,2.872512748725127
2025-05-20 09:00:00,5,20,화요일,9,2.4621537846215373
2025-05-20 10:00:00,5,20,화요일,10,2.0517948205179475
2025-05-20 11:00:00,5,20,화요일,11,2.1489851014898504
2025-05-20 12:00:00,5,20,화요일,12,2.2677732226777323
2025-05-20 13:00:00,5,20,화요일,13,2.181381861813818
2025-05-20 14:00:00,5,20,화요일,14,2.2461753824617534
2025-05-20 15:00:00,5,20,화요일,15,2.4621537846215373
2025-05-20 16:00:00,5,20,화요일,16,2.6781321867813217
2025-05-20 17:00:00,5,20,화요일,17,2.9373062693730625
2025-05-20 18:00:00,5,20,화요일,18,2.742925707429257
2025-05-20 19:00:00,5,20,화요일,19,2.332566743325667
2025-05-20 20:00:00,5,20,화요일,20,1.9546045395460452
2025-05-20 21:00:00,5,20,화요일,21,1.6090390960903909
2025-05-20 22:00:00,5,20,화요일,22,1.360663933606639
2025-05-20 23:00:00,5,20,화요일,23,1.1986801319868012
2025-05-21 00:00:00,5,21,수요일,0,1.0354004599540043
2025-05-21 01:00:00,5,21,수요일,1,0.6719088091190879
2025-05-21 02:00:00,5,21,수요일,2,0.5837896210378961
2025-05-21 03:00:00,5,21,수요일,3,0.48465553444655524
2025-05-21 04:00:00,5,21,수요일,4,0.6388641135886409
2025-05-21 05:00:00,5,21,수요일,5,1.123519648035196
2025-05-21 06:00:00,5,21,수요일,6,1.872532746725327
2025-05-21 07:00:00,5,21,수요일,7,2.6435756424357555
2025-05-21 08:00:00,5,21,수요일,8,2.9299630036996294
2025-05-21 09:00:00,5,21,수요일,9,2.5113968603139676
2025-05-21 10:00:00,5,21,수요일,10,2.0928307169283062
2025-05-21 11:00:00,5,21,수요일,11,2.1919648035196473
2025-05-21 12:00:00,5,21,수요일,12,2.3131286871312864
2025-05-21 13:00:00,5,21,수요일,13,2.225009499050094
2025-05-21 14:00:00,5,21,수요일,14,2.2910988901109883
2025-05-21 15:00:00,5,21,수요일,15,2.5113968603139676
2025-05-21 16:00:00,5,21,수요일,16,2.7316948305169477
2025-05-21 17:00:00,5,21,수요일,17,2.9960523947605235
2025-05-21 18:00:00,5,21,수요일,18,2.7977842215778415
2025-05-21 19:00:00,5,21,수요일,19,2.37921807819218
2025-05-21 20:00:00,5,21,수요일,20,1.9936966303369656
2025-05-21 21:00:00,5,21,수요일,21,1.6412198780121985
2025-05-21 22:00:00,5,21,수요일,22,1.3878772122787717
2025-05-21 23:00:00,5,21,수요일,23,1.2226537346265371
2025-05-22 00:00:00,5,22,목요일,0,1.0455514448555143
2025-05-22 01:00:00,5,22,목요일,1,0.6784961503849614
2025-05-22 02:00:00,5,22,목요일,2,0.5895130486951304
2025-05-22 03:00:00,5,22,목요일,3,0.4894070592940705
2025-05-22 04:00:00,5,22,목요일,4,0.6451274872512748
2025-05-22 05:00:00,5,22,목요일,5,1.1345345465453454
2025-05-22 06:00:00,5,22,목요일,6,1.890890910908909
2025-05-22 07:00:00,5,22,목요일,7,2.66949305069493
2025-05-22 08:00:00,5,22,목요일,8,2.9586881311868813
2025-05-22 09:00:00,5,22,목요일,9,2.5360183981601834
2025-05-22 10:00:00,5,22,목요일,10,2.1133486651334863
2025-05-22 11:00:00,5,22,목요일,11,2.213454654534546
2025-05-22 12:00:00,5,22,목요일,12,2.335806419358064
2025-05-22 13:00:00,5,22,목요일,13,2.2468233176682326
2025-05-22 14:00:00,5,22,목요일,14,2.313560643935606
2025-05-22 15:00:00,5,22,목요일,15,2.5360183981601834
2025-05-22 16:00:00,5,22,목요일,16,2.758476152384761
2025-05-22 17:00:00,5,22,목요일,17,3.0254254574542547
2025-05-22 18:00:00,5,22,목요일,18,2.8252134786521346
2025-05-22 19:00:00,5,22,목요일,19,2.4025437456254375
2025-05-22 20:00:00,5,22,목요일,20,2.0132426757324264
2025-05-22 21:00:00,5,22,목요일,21,1.6573102689731025
2025-05-22 22:00:00,5,22,목요일,22,1.4014838516148382
2025-05-22 23:00:00,5,22,목요일,23,1.2346405359464054
2025-05-23 00:00:00,5,23,금요일,0,1.0963063693630635
2025-05-23 01:00:00,5,23,금요일,1,0.7114328567143284
2025-05-23 02:00:00,5,23,금요일,2,0.6181301869813018
2025-05-23 03:00:00,5,23,금요일,3,0.5131646835316468
2025-05-23 04:00:00,5,23,금요일,4,0.6764443555644435
2025-05-23 05:00:00,5,23,금요일,5,1.1896090390960903
2025-05-23 06:00:00,5,23,금요일,6,1.982681731826817
2025-05-23 07:00:00,5,23,금요일,7,2.7990800919908003
2025-05-23 08:00:00,5,23,금요일,8,3.1023137686231377
2025-05-23 09:00:00,5,23,금요일,9,2.65912608739126
2025-05-23 10:00:00,5,23,금요일,10,2.2159384061593834
2025-05-23 11:00:00,5,23,금요일,11,2.3209039096090387
2025-05-23 12:00:00,5,23,금요일,12,2.449195080491951
2025-05-23 13:00:00,5,23,금요일,13,2.3558924107589236
2025-05-23 14:00:00,5,23,금요일,14,2.425869413058694
2025-05-23 15:00:00,5,23,금요일,15,2.65912608739126
2025-05-23 16:00:00,5,23,금요일,16,2.8923827617238276
2025-05-23 17:00:00,5,23,금요일,17,3.1722907709229076
2025-05-23 18:00:00,5,23,금요일,18,2.9623597640235975
2025-05-23 19:00:00,5,23,금요일,19,2.519172082791721
2025-05-23 20:00:00,5,23,금요일,20,2.1109729027097286
2025-05-23 21:00:00,5,23,금요일,21,1.7377622237776222
2025-05-23 22:00:00,5,23,금요일,22,1.4695170482951703
2025-05-23 23:00:00,5,23,금요일,23,1.2945745425457453
2025-05-24 00:00:00,5,24,토요일,0,0.8628337166283367
2025-05-24 01:00:00,5,24,토요일,1,0.5599240075992399
2025-05-24 02:00:00,5,24,토요일,2,0.48649135086491335
2025-05-24 03:00:00,5,24,토요일,3,0.40387961203879597
2025-05-24 04:00:00,5,24,토요일,4,0.5323867613238674
2025-05-24 05:00:00,5,24,토요일,5,0.9362663733626634
2025-05-24 06:00:00,5,24,토요일,6,1.560443955604439
2025-05-24 07:00:00,5,24,토요일,7,2.202979702029796
2025-05-24 08:00:00,5,24,토요일,8,2.4416358364163577
2025-05-24 09:00:00,5,24,토요일,9,2.0928307169283062
2025-05-24 10:00:00,5,24,토요일,10,1.7440255974402552
2025-05-24 11:00:00,5,24,토요일,11,1.8266373362663726
2025-05-24 12:00:00,5,24,토요일,12,1.927607239276072
2025-05-24 13:00:00,5,24,토요일,13,1.854174582541745
2025-05-24 14:00:00,5,24,토요일,14,1.90924907509249
2025-05-24 15:00:00,5,24,토요일,15,2.0928307169283062
2025-05-24 16:00:00,5,24,토요일,16,2.276412358764123
2025-05-24 17:00:00,5,24,토요일,17,2.4967103289671027
2025-05-24 18:00:00,5,24,토요일,18,2.331486851314868
2025-05-24 19:00:00,5,24,토요일,19,1.9826817318268168
2025-05-24 20:00:00,5,24,토요일,20,1.661413858614138
2025-05-24 21:00:00,5,24,토요일,21,1.367683231676832
2025-05-24 22:00:00,5,24,토요일,22,1.156564343565643
2025-05-24 23:00:00,5,24,토요일,23,1.0188781121887809
2025-05-25 00:00:00,5,25,일요일,0,0.7613238676132384
2025-05-25 01:00:00,5,25,일요일,1,0.49405059494050585
2025-05-25 02:00:00,5,25,일요일,2,0.42925707429257065
2025-05-25 03:00:00,5,25,일요일,3,0.35636436356364354
2025-05-25 04:00:00,5,25,일요일,4,0.4697530246975301
2025-05-25 05:00:00,5,25,일요일,5,0.8261173882611738
2025-05-25 06:00:00,5,25,일요일,6,1.376862313768623
2025-05-25 07:00:00,5,25,일요일,7,1.9438056194380555
2025-05-25 08:00:00,5,25,일요일,8,2.1543845615438455
2025-05-25 09:00:00,5,25,일요일,9,1.8466153384661528
2025-05-25 10:00:00,5,25,일요일,10,1.5388461153884605
2025-05-25 11:00:00,5,25,일요일,11,1.6117388261173877
2025-05-25 12:00:00,5,25,일요일,12,1.700829917008299
2025-05-25 13:00:00,5,25,일요일,13,1.6360363963603635
2025-05-25 14:00:00,5,25,일요일,14,1.684631536846315
2025-05-25 15:00:00,5,25,일요일,15,1.8466153384661528
2025-05-25 16:00:00,5,25,일요일,16,2.008599140085991
2025-05-25 17:00:00,5,25,일요일,17,2.2029797020297965
2025-05-25 18:00:00,5,25,일요일,18,2.0571942805719425
2025-05-25 19:00:00,5,25,일요일,19,1.7494250574942503
2025-05-25 20:00:00,5,25,일요일,20,1.4659534046595337
2025-05-25 21:00:00,5,25,일요일,21,1.206779322067793
2025-05-25 22:00:00,5,25,일요일,22,1.0204979502049791
2025-05-25 23:00:00,5,25,일요일,23,0.8990100989901009
2025-05-26 00:00:00,5,26,월요일,0,1.0658534146585337
2025-05-26 01:00:00,5,26,월요일,1,0.6916708329167082
2025-05-26 02:00:00,5,26,월요일,2,0.6009599040095989
2025-05-26 03:00:00,5,26,월요일,3,0.498910108989101
2025-05-26 04:00:00,5,26,월요일,4,0.6576542345765422
2025-05-26 05:00:00,5,26,월요일,5,1.1565643435656432
2025-05-26 06:00:00,5,26,월요일,6,1.927607239276072
2025-05-26 07:00:00,5,26,월요일,7,2.7213278672132777
2025-05-26 08:00:00,5,26,월요일,8,3.0161383861613835
2025-05-26 09:00:00,5,26,월요일,9,2.5852614738526136
2025-05-26 10:00:00,5,26,월요일,10,2.1543845615438446
2025-05-26 11:00:00,5,26,월요일,11,2.256434356564343
2025-05-26 12:00:00,5,26,월요일,12,2.381161883811618
2025-05-26 13:00:00,5,26,월요일,13,2.2904509549045087
2025-05-26 14:00:00,5,26,월요일,14,2.358484151584841
2025-05-26 15:00:00,5,26,월요일,15,2.5852614738526136
2025-05-26 16:00:00,5,26,월요일,16,2.812038796120387
2025-05-26 17:00:00,5,26,월요일,17,3.0841715828417153
2025-05-26 18:00:00,5,26,월요일,18,2.8800719928007195
2025-05-26 19:00:00,5,26,월요일,19,2.4491950804919504
2025-05-26 20:00:00,5,26,월요일,20,2.052334766523347
2025-05-26 21:00:00,5,26,월요일,21,1.6894910508949101
2025-05-26 22:00:00,5,26,월요일,22,1.4286971302869709
2025-05-26 23:00:00,5,26,월요일,23,1.2586141385861411
2025-05-27 00:00:00,5,27,화요일,0,1.0150984901509847
2025-05-27 01:00:00,5,27,화요일,1,0.6587341265873412
2025-05-27 02:00:00,5,27,화요일,2,0.5723427657234276
2025-05-27 03:00:00,5,27,화요일,3,0.4751524847515248
2025-05-27 04:00:00,5,27,화요일,4,0.6263373662633736
2025-05-27 05:00:00,5,27,화요일,5,1.1014898510148985
2025-05-27 06:00:00,5,27,화요일,6,1.835816418358164
2025-05-27 07:00:00,5,27,화요일,7,2.591740825917408
2025-05-27 08:00:00,5,27,화요일,8,2.872512748725127
2025-05-27 09:00:00,5,27,화요일,9,2.4621537846215373
2025-05-27 10:00:00,5,27,화요일,10,2.0517948205179475
2025-05-27 11:00:00,5,27,화요일,11,2.1489851014898504
2025-05-27 12:00:00,5,27,화요일,12,2.2677732226777323
2025-05-27 13:00:00,5,27,화요일,13,2.181381861813818
2025-05-27 14:00:00,5,27,화요일,14,2.2461753824617534
2025-05-27 15:00:00,5,27,화요일,15,2.4621537846215373
2025-05-27 16:00:00,5,27,화요일,16,2.6781321867813217
2025-05-27 17:00:00,5,27,화요일,17,2.9373062693730625
2025-05-27 18:00:00,5,27,화요일,18,2.742925707429257
2025-05-27 19:00:00,5,27,화요일,19,2.332566743325667
2025-05-27 20:00:00,5,27,화요일,20,1.9546045395460452
2025-05-27 21:00:00,5,27,화요일,21,1.6090390960903909
2025-05-27 22:00:00,5,27,화요일,22,1.360663933606639
2025-05-27 23:00:00,5,27,화요일,23,1.1986801319868012
2025-05-28 00:00:00,5,28,수요일,0,1.0354004599540043
2025-05-28 01:00:00,5,28,수요일,1,0.6719088091190879
2025-05-28 02:00:00,5,28,수요일,2,0.5837896210378961
2025-05-28 03:00:00,5,28,수요일,3,0.48465553444655524
2025-05-28 04:00:00,5,28,수요일,4,0.6388641135886409
2025-05-28 05:00:00,5,28,수요일,5,1.123519648035196
2025-05-28 06:00:00,5,28,수요일,6,1.872532746725327
2025-05-28 07:00:00,5,28,수요일,7,2.6435756424357555
2025-05-28 08:00:00,5,28,수요일,8,2.9299630036996294
2025-05-28 09:00:00,5,28,수요일,9,2.5113968603139676
2025-05-28 10:00:00,5,28,수요일,10,2.0928307169283062
2025-05-28 11:00:00,5,28,수요일,11,2.1919648035196473
2025-05-28 12:00:00,5,28,수요일,12,2.3131286871312864
2025-05-28 13:00:00,5,28,수요일,13,2.225009499050094
2025-05-28 14:00:00,5,28,수요일,14,2.2910988901109883
2025-05-28 15:00:00,5,28,수요일,15,2.5113968603139676
2025-05-28 16:00:00,5,28,수요일,16,2.7316948305169477
2025-05-28 17:00:00,5,28,수요일,17,2.9960523947605235
2025-05-28 18:00:00,5,28,수요일,18,2.7977842215778415
2025-05-28 19:00:00,5,28,수요일,19,2.37921807819218
2025-05-28 20:00:00,5,28,수요일,20,1.9936966303369656
2025-05-28 21:00:00,5,28,수요일,21,1.6412198780121985
2025-05-28 22:00:00,5,28,수요일,22,1.3878772122787717
2025-05-28 23:00:00,5,28,수요일,23,1.2226537346265371
2025-05-29 00:00:00,5,29,목요일,0,1.0455514448555143
2025-05-29 01:00:00,5,29,목요일,1,0.6784961503849614
2025-05-29 02:00:00,5,29,목요일,2,0.5895130486951304
2025-05-29 03:00:00,5,29,목요일,3,0.4894070592940705
2025-05-29 04:00:00,5,29,목요일,4,0.6451274872512748
2025-05-29 05:00:00,5,29,목요일,5,1.1345345465453454
2025-05-29 06:00:00,5,29,목요일,6,1.890890910908909
2025-05-29 07:00:00,5,29,목요일,7,2.66949305069493
2025-05-29 08:00:00,5,29,목요일,8,2.9586881311868813
2025-05-29 09:00:00,5,29,목요일,9,2.5360183981601834
2025-05-29 10:00:00,5,29,목요일,10,2.1133486651334863
2025-05-29 11:00:00,5,29,목요일,11,2.213454654534546
2025-05-29 12:00:00,5,29,목요일,12,2.335806419358064
2025-05-29 13:00:00,5,29,목요일,13,2.2468233176682326
2025-05-29 14:00:00,5,29,목요일,14,2.313560643935606
2025-05-29 15:00:00,5,29,목요일,15,2.5360183981601834
2025-05-29 16:00:00,5,29,목요일,16,2.758476152384761
2025-05-29 17:00:00,5,29,목요일,17,3.0254254574542547
2025-05-29 18:00:00,5,29,목요일,18,2.8252134786521346
2025-05-29 19:00:00,5,29,목요일,19,2.4025437456254375
2025-05-29 20:00:00,5,29,목요일,20,2.0132426757324264
2025-05-29 21:00:00,5,29,목요일,21,1.6573102689731025
2025-05-29 22:00:00,5,29,목요일,22,1.4014838516148382
2025-05-29 23:00:00,5,29,목요일,23,1.2346405359464054
2025-05-30 00:00:00,5,30,금요일,0,1.0963063693630635
2025-05-30 01:00:00,5,30,금요일,1,0.7114328567143284
2025-05-30 02:00:00,5,30,금요일,2,0.6181301869813018
2025-05-30 03:00:00,5,30,금요일,3,0.5131646835316468
2025-05-30 04:00:00,5,30,금요일,4,0.6764443555644435
2025-05-30 05:00:00,5,30,금요일,5,1.1896090390960903
2025-05-30 06:00:00,5,30,금요일,6,1.982681731826817
2025-05-30 07:00:00,5,30,금요일,7,2.7990800919908003
2025-05-30 08:00:00,5,30,금요일,8,3.1023137686231377
2025-05-30 09:00:00,5,30,금요일,9,2.65912608739126
2025-05-30 10:00:00,5,30,금요일,10,2.2159384061593834
2025-05-30 11:00:00,5,30,금요일,11,2.3209039096090387
2025-05-30 12:00:00,5,30,금요일,12,2.449195080491951
2025-05-30 13:00:00,5,30,금요일,13,2.3558924107589236
2025-05-30 14:00:00,5,30,금요일,14,2.425869413058694
2025-05-30 15:00:00,5,30,금요일,15,2.65912608739126
2025-05-30 16:00:00,5,30,금요일,16,2.8923827617238276
2025-05-30 17:00:00,5,30,금요일,17,3.1722907709229076
2025-05-30 18:00:00,5,30,금요일,18,2.9623597640235975
2025-05-30 19:00:00,5,30,금요일,19,2.519172082791721
2025-05-30 20:00:00,5,30,금요일,20,2.1109729027097286
2025-05-30 21:00:00,5,30,금요일,21,1.7377622237776222
2025-05-30 22:00:00,5,30,금요일,22,1.4695170482951703
2025-05-30 23:00:00,5,30,금요일,23,1.2945745425457453
2025-05-31 00:00:00,5,31,토요일,0,0.8628337166283367
2025-05-31 01:00:00,5,31,토요일,1,0.5599240075992399
2025-05-31 02:00:00,5,31,토요일,2,0.48649135086491335
2025-05-31 03:00:00,5,31,토요일,3,0.40387961203879597
2025-05-31 04:00:00,5,31,토요일,4,0.5323867613238674
2025-05-31 05:00:00,5,31,토요일,5,0.9362663733626634
2025-05-31 06:00:00,5,31,토요일,6,1.560443955604439
2025-05-31 07:00:00,5,31,토요일,7,2.202979702029796
2025-05-31 08:00:00,5,31,토요일,8,2.4416358364163577
2025-05-31 09:00:00,5,31,토요일,9,2.0928307169283062
2025-05-31 10:00:00,5,31,토요일,10,1.7440255974402552
2025-05-31 11:00:00,5,31,토요일,11,1.8266373362663726
2025-05-31 12:00:00,5,31,토요일,12,1.927607239276072
2025-05-31 13:00:00,5,31,토요일,13,1.854174582541745
2025-05-31 14:00:00,5,31,토요일,14,1.90924907509249
2025-05-31 15:00:00,5,31,토요일,15,2.0928307169283062
2025-05-31 16:00:00,5,31,토요일,16,2.276412358764123
2025-05-31 17:00:00,5,31,토요일,17,2.4967103289671027
2025-05-31 18:00:00,5,31,토요일,18,2.331486851314868
2025-05-31 19:00:00,5,31,토요일,19,1.9826817318268168
2025-05-31 20:00:00,5,31,토요일,20,1.661413858614138
2025-05-31 21:00:00,5,31,토요일,21,1.367683231676832
2025-05-31 22:00:00,5,31,토요일,22,1.156564343565643
2025-05-31 23:00:00,5,31,토요일,23,1.0188781121887809
2025-06-01 00:00:00,6,1,일요일,0,0.7190280971902807
2025-06-01 01:00:00,6,1,일요일,1,0.4666033396660333
2025-06-01 02:00:00,6,1,일요일,2,0.4054094590540945
2025-06-01 03:00:00,6,1,일요일,3,0.3365663433656634
2025-06-01 04:00:00,6,1,일요일,4,0.4436556344365562
2025-06-01 05:00:00,6,1,일요일,5,0.7802219778022196
2025-06-01 06:00:00,6,1,일요일,6,1.3003699630036993
2025-06-01 07:00:00,6,1,일요일,7,1.8358164183581636
2025-06-01 08:00:00,6,1,일요일,8,2.034696530346965
2025-06-01 09:00:00,6,1,일요일,9,1.7440255974402554
2025-06-01 10:00:00,6,1,일요일,10,1.453354664533546
2025-06-01 11:00:00,6,1,일요일,11,1.5221977802219773
2025-06-01 12:00:00,6,1,일요일,12,1.6063393660633933
2025-06-01 13:00:00,6,1,일요일,13,1.5451454854514544
2025-06-01 14:00:00,6,1,일요일,14,1.5910408959104085
2025-06-01 15:00:00,6,1,일요일,15,1.7440255974402554
2025-06-01 16:00:00,6,1,일요일,16,1.8970102989701025
2025-06-01 17:00:00,6,1,일요일,17,2.080591940805919
2025-06-01 18:00:00,6,1,일요일,18,1.9429057094290567
2025-06-01 19:00:00,6,1,일요일,19,1.6522347765223475
2025-06-01 20:00:00,6,1,일요일,20,1.3845115488451152
2025-06-01 21:00:00,6,1,일요일,21,1.13973602639736
2025-06-01 22:00:00,6,1,일요일,22,0.963803619638036
2025-06-01 23:00:00,6,1,일요일,23,0.8490650934906508
2025-06-02 00:00:00,6,2,월요일,0,1.006639336066393
2025-06-02 01:00:00,6,2,월요일,1,0.6532446755324466
2025-06-02 02:00:00,6,2,월요일,2,0.5675732426757323
2025-06-02 03:00:00,6,2,월요일,3,0.4711928807119287
2025-06-02 04:00:00,6,2,월요일,4,0.6211178882111787
2025-06-02 05:00:00,6,2,월요일,5,1.0923107689231075
2025-06-02 06:00:00,6,2,월요일,6,1.820517948205179
2025-06-02 07:00:00,6,2,월요일,7,2.570142985701429
2025-06-02 08:00:00,6,2,월요일,8,2.848575142485751
2025-06-02 09:00:00,6,2,월요일,9,2.4416358364163577
2025-06-02 10:00:00,6,2,월요일,10,2.034696530346965
2025-06-02 11:00:00,6,2,월요일,11,2.131076892310768
2025-06-02 12:00:00,6,2,월요일,12,2.2488751124887507
2025-06-02 13:00:00,6,2,월요일,13,2.163203679632036
2025-06-02 14:00:00,6,2,월요일,14,2.227457254274572
2025-06-02 15:00:00,6,2,월요일,15,2.4416358364163577
2025-06-02 16:00:00,6,2,월요일,16,2.6558144185581436
2025-06-02 17:00:00,6,2,월요일,17,2.9128287171282867
2025-06-02 18:00:00,6,2,월요일,18,2.7200679932006797
2025-06-02 19:00:00,6,2,월요일,19,2.3131286871312864
2025-06-02 20:00:00,6,2,월요일,20,1.9383161683831613
2025-06-02 21:00:00,6,2,월요일,21,1.5956304369563041
2025-06-02 22:00:00,6,2,월요일,22,1.3493250674932504
2025-06-02 23:00:00,6,2,월요일,23,1.1886911308869113
2025-06-03 00:00:00,6,3,화요일,0,0.9587041295870409
2025-06-03 01:00:00,6,3,화요일,1,0.6221377862213776
2025-06-03 02:00:00,6,3,화요일,2,0.5405459454054593
2025-06-03 03:00:00,6,3,화요일,3,0.4487551244875511
2025-06-03 04:00:00,6,3,화요일,4,0.5915408459154082
2025-06-03 05:00:00,6,3,화요일,5,1.0402959704029595
2025-06-03 06:00:00,6,3,화요일,6,1.7338266173382657
2025-06-03 07:00:00,6,3,화요일,7,2.447755224477551
2025-06-03 08:00:00,6,3,화요일,8,2.7129287071292865
2025-06-03 09:00:00,6,3,화요일,9,2.3253674632536736
2025-06-03 10:00:00,6,3,화요일,10,1.9378062193780614
2025-06-03 11:00:00,6,3,화요일,11,2.0295970402959695
2025-06-03 12:00:00,6,3,화요일,12,2.141785821417858
2025-06-03 13:00:00,6,3,화요일,13,2.060193980601939
2025-06-03 14:00:00,6,3,화요일,14,2.121387861213878
2025-06-03 15:00:00,6,3,화요일,15,2.3253674632536736
2025-06-03 16:00:00,6,3,화요일,16,2.5293470652934698
2025-06-03 17:00:00,6,3,화요일,17,2.774122587741225
2025-06-03 18:00:00,6,3,화요일,18,2.590540945905409
2025-06-03 19:00:00,6,3,화요일,19,2.2029797020297965
2025-06-03 20:00:00,6,3,화요일,20,1.8460153984601533
2025-06-03 21:00:00,6,3,화요일,21,1.51964803519648
2025-06-03 22:00:00,6,3,화요일,22,1.2850714928507145
2025-06-03 23:00:00,6,3,화요일,23,1.1320867913208676
2025-06-04 00:00:00,6,4,수요일,0,0.9778782121787818
2025-06-04 01:00:00,6,4,수요일,1,0.6345805419458053
2025-06-04 02:00:00,6,4,수요일,2,0.5513568643135685
2025-06-04 03:00:00,6,4,수요일,3,0.45773022697730215
2025-06-04 04:00:00,6,4,수요일,4,0.6033716628337165
2025-06-04 05:00:00,6,4,수요일,5,1.0611018898110187
2025-06-04 06:00:00,6,4,수요일,6,1.768503149685031
2025-06-04 07:00:00,6,4,수요일,7,2.496710328967102
2025-06-04 08:00:00,6,4,수요일,8,2.7671872812718723
2025-06-04 09:00:00,6,4,수요일,9,2.371874812518747
2025-06-04 10:00:00,6,4,수요일,10,1.9765623437656226
2025-06-04 11:00:00,6,4,수요일,11,2.070188981101889
2025-06-04 12:00:00,6,4,수요일,12,2.184621537846215
2025-06-04 13:00:00,6,4,수요일,13,2.101397860213978
2025-06-04 14:00:00,6,4,수요일,14,2.1638156184381554
2025-06-04 15:00:00,6,4,수요일,15,2.371874812518747
2025-06-04 16:00:00,6,4,수요일,16,2.5799340065993395
2025-06-04 17:00:00,6,4,수요일,17,2.82960503949605
2025-06-04 18:00:00,6,4,수요일,18,2.642351764823517
2025-06-04 19:00:00,6,4,수요일,19,2.2470392960703927
2025-06-04 20:00:00,6,4,수요일,20,1.8829357064293564
2025-06-04 21:00:00,6,4,수요일,21,1.5500409959004096
2025-06-04 22:00:00,6,4,수요일,22,1.3107729227077287
2025-06-04 23:00:00,6,4,수요일,23,1.1547285271472851
2025-06-05 00:00:00,6,5,목요일,0,0.9874652534746522
2025-06-05 01:00:00,6,5,목요일,1,0.640801919808019
2025-06-05 02:00:00,6,5,목요일,2,0.5567623237676231
2025-06-05 03:00:00,6,5,목요일,3,0.4622177782221777
2025-06-05 04:00:00,6,5,목요일,4,0.6092870712928705
2025-06-05 05:00:00,6,5,목요일,5,1.0715048495150483
2025-06-05 06:00:00,6,5,목요일,6,1.7858414158584137
2025-06-05 07:00:00,6,5,목요일,7,2.521187881211878
2025-06-05 08:00:00,6,5,목요일,8,2.794316568343165
2025-06-05 09:00:00,6,5,목요일,9,2.395128487151284
2025-06-05 10:00:00,6,5,목요일,10,1.9959404059594035
2025-06-05 11:00:00,6,5,목요일,11,2.0904849515048487
2025-06-05 12:00:00,6,5,목요일,12,2.2060393960603935
2025-06-05 13:00:00,6,5,목요일,13,2.1219998000199976
2025-06-05 14:00:00,6,5,목요일,14,2.1850294970502944
2025-06-05 15:00:00,6,5,목요일,15,2.395128487151284
2025-06-05 16:00:00,6,5,목요일,16,2.6052274772522743
2025-06-05 17:00:00,6,5,목요일,17,2.8573462653734625
2025-06-05 18:00:00,6,5,목요일,18,2.668257174282571
2025-06-05 19:00:00,6,5,목요일,19,2.2690690930906907
2025-06-05 20:00:00,6,5,목요일,20,1.9013958604139582
2025-06-05 21:00:00,6,5,목요일,21,1.5652374762523744
2025-06-05 22:00:00,6,5,목요일,22,1.323623637636236
2025-06-05 23:00:00,6,5,목요일,23,1.1660493950604938
2025-06-06 00:00:00,6,6,금요일,0,1.0354004599540043
2025-06-06 01:00:00,6,6,금요일,1,0.671908809119088
2025-06-06 02:00:00,6,6,금요일,2,0.5837896210378961
2025-06-06 03:00:00,6,6,금요일,3,0.4846555344465553
2025-06-06 04:00:00,6,6,금요일,4,0.638864113588641
2025-06-06 05:00:00,6,6,금요일,5,1.1235196480351963
2025-06-06 06:00:00,6,6,금요일,6,1.8725327467253272
2025-06-06 07:00:00,6,6,금요일,7,2.643575642435756
2025-06-06 08:00:00,6,6,금요일,8,2.92996300369963
2025-06-06 09:00:00,6,6,금요일,9,2.511396860313968
2025-06-06 10:00:00,6,6,금요일,10,2.0928307169283067
2025-06-06 11:00:00,6,6,금요일,11,2.1919648035196477
2025-06-06 12:00:00,6,6,금요일,12,2.313128687131287
2025-06-06 13:00:00,6,6,금요일,13,2.2250094990500946
2025-06-06 14:00:00,6,6,금요일,14,2.2910988901109883
2025-06-06 15:00:00,6,6,금요일,15,2.511396860313968
2025-06-06 16:00:00,6,6,금요일,16,2.731694830516948
2025-06-06 17:00:00,6,6,금요일,17,2.996052394760524
2025-06-06 18:00:00,6,6,금요일,18,2.797784221577842
2025-06-06 19:00:00,6,6,금요일,19,2.3792180781921806
2025-06-06 20:00:00,6,6,금요일,20,1.993696630336966
2025-06-06 21:00:00,6,6,금요일,21,1.6412198780121987
2025-06-06 22:00:00,6,6,금요일,22,1.387877212278772
2025-06-06 23:00:00,6,6,금요일,23,1.2226537346265374
2025-06-07 00:00:00,6,7,토요일,0,0.8148985101489847
2025-06-07 01:00:00,6,7,토요일,1,0.528817118288171
2025-06-07 02:00:00,6,7,토요일,2,0.45946405359464043
2025-06-07 03:00:00,6,7,토요일,3,0.3814418558144185
2025-06-07 04:00:00,6,7,토요일,4,0.502809719028097
2025-06-07 05:00:00,6,7,토요일,5,0.8842515748425155
2025-06-07 06:00:00,6,7,토요일,6,1.4737526247375259
2025-06-07 07:00:00,6,7,토요일,7,2.0805919408059186
2025-06-07 08:00:00,6,7,토요일,8,2.3059894010598936
2025-06-07 09:00:00,6,7,토요일,9,1.9765623437656226
2025-06-07 10:00:00,6,7,토요일,10,1.6471352864713522
2025-06-07 11:00:00,6,7,토요일,11,1.7251574842515742
2025-06-07 12:00:00,6,7,토요일,12,1.820517948205179
2025-06-07 13:00:00,6,7,토요일,13,1.7511648835116482
2025-06-07 14:00:00,6,7,토요일,14,1.8031796820317962
2025-06-07 15:00:00,6,7,토요일,15,1.9765623437656226
2025-06-07 16:00:00,6,7,토요일,16,2.1499450054994496
2025-06-07 17:00:00,6,7,토요일,17,2.3580041995800416
2025-06-07 18:00:00,6,7,토요일,18,2.2019598040195976
2025-06-07 19:00:00,6,7,토요일,19,1.872532746725327
2025-06-07 20:00:00,6,7,토요일,20,1.5691130886911304
2025-06-07 21:00:00,6,7,토요일,21,1.291700829917008
2025-06-07 22:00:00,6,7,토요일,22,1.0923107689231073
2025-06-07 23:00:00,6,7,토요일,23,0.9622737726227375
2025-06-08 00:00:00,6,8,일요일,0,0.7190280971902807
2025-06-08 01:00:00,6,8,일요일,1,0.4666033396660333
2025-06-08 02:00:00,6,8,일요일,2,0.4054094590540945
2025-06-08 03:00:00,6,8,일요일,3,0.3365663433656634
2025-06-08 04:00:00,6,8,일요일,4,0.4436556344365562
2025-06-08 05:00:00,6,8,일요일,5,0.7802219778022196
2025-06-08 06:00:00,6,8,일요일,6,1.3003699630036993
2025-06-08 07:00:00,6,8,일요일,7,1.8358164183581636
2025-06-08 08:00:00,6,8,일요일,8,2.034696530346965
2025-06-08 09:00:00,6,8,일요일,9,1.7440255974402554
2025-06-08 10:00:00,6,8,일요일,10,1.453354664533546
2025-06-08 11:00:00,6,8,일요일,11,1.5221977802219773
2025-06-08 12:00:00,6,8,일요일,12,1.6063393660633933
2025-06-08 13:00:00,6,8,일요일,13,1.5451454854514544
2025-06-08 14:00:00,6,8,일요일,14,1.5910408959104085
2025-06-08 15:00:00,6,8,일요일,15,1.7440255974402554
2025-06-08 16:00:00,6,8,일요일,16,1.8970102989701025
2025-06-08 17:00:00,6,8,일요일,17,2.080591940805919
2025-06-08 18:00:00,6,8,일요일,18,1.9429057094290567
2025-06-08 19:00:00,6,8,일요일,19,1.6522347765223475
2025-06-08 20:00:00,6,8,일요일,20,1.3845115488451152
2025-06-08 21:00:00,6,8,일요일,21,1.13973602639736
2025-06-08 22:00:00,6,8,일요일,22,0.963803619638036
2025-06-08 23:00:00,6,8,일요일,23,0.8490650934906508
2025-06-09 00:00:00,6,9,월요일,0,1.006639336066393
2025-06-09 01:00:00,6,9,월요일,1,0.6532446755324466
2025-06-09 02:00:00,6,9,월요일,2,0.5675732426757323
2025-06-09 03:00:00,6,9,월요일,3,0.4711928807119287
2025-06-09 04:00:00,6,9,월요일,4,0.6211178882111787
2025-06-09 05:00:00,6,9,월요일,5,1.0923107689231075
2025-06-09 06:00:00,6,9,월요일,6,1.820517948205179
2025-06-09 07:00:00,6,9,월요일,7,2.570142985701429
2025-06-09 08:00:00,6,9,월요일,8,2.848575142485751
2025-06-09 09:00:00,6,9,월요일,9,2.4416358364163577
2025-06-09 10:00:00,6,9,월요일,10,2.034696530346965
2025-06-09 11:00:00,6,9,월요일,11,2.131076892310768
2025-06-09 12:00:00,6,9,월요일,12,2.2488751124887507
2025-06-09 13:00:00,6,9,월요일,13,2.163203679632036
2025-06-09 14:00:00,6,9,월요일,14,2.227457254274572
2025-06-09 15:00:00,6,9,월요일,15,2.4416358364163577
2025-06-09 16:00:00,6,9,월요일,16,2.6558144185581436
2025-06-09 17:00:00,6,9,월요일,17,2.9128287171282867
2025-06-09 18:00:00,6,9,월요일,18,2.7200679932006797
2025-06-09 19:00:00,6,9,월요일,19,2.3131286871312864
2025-06-09 20:00:00,6,9,월요일,20,1.9383161683831613
2025-06-09 21:00:00,6,9,월요일,21,1.5956304369563041
2025-06-09 22:00:00,6,9,월요일,22,1.3493250674932504
2025-06-09 23:00:00,6,9,월요일,23,1.1886911308869113
2025-06-10 00:00:00,6,10,화요일,0,0.9587041295870409
2025-06-10 01:00:00,6,10,화요일,1,0.6221377862213776
2025-06-10 02:00:00,6,10,화요일,2,0.5405459454054593
2025-06-10 03:00:00,6,10,화요일,3,0.4487551244875511
2025-06-10 04:00:00,6,10,화요일,4,0.5915408459154082
2025-06-10 05:00:00,6,10,화요일,5,1.0402959704029595
2025-06-10 06:00:00,6,10,화요일,6,1.7338266173382657
2025-06-10 07:00:00,6,10,화요일,7,2.447755224477551
2025-06-10 08:00:00,6,10,화요일,8,2.7129287071292865
2025-06-10 09:00:00,6,10,화요일,9,2.3253674632536736
2025-06-10 10:00:00,6,10,화요일,10,1.9378062193780614
2025-06-10 11:00:00,6,10,화요일,11,2.0295970402959695
2025-06-10 12:00:00,6,10,화요일,12,2.141785821417858
2025-06-10 13:00:00,6,10,화요일,13,2.060193980601939
2025-06-10 14:00:00,6,10,화요일,14,2.121387861213878
2025-06-10 15:00:00,6,10,화요일,15,2.3253674632536736
2025-06-10 16:00:00,6,10,화요일,16,2.5293470652934698
2025-06-10 17:00:00,6,10,화요일,17,2.774122587741225
2025-06-10 18:00:00,6,10,화요일,18,2.590540945905409
2025-06-10 19:00:00,6,10,화요일,19,2.2029797020297965
2025-06-10 20:00:00,6,10,화요일,20,1.8460153984601533
2025-06-10 21:00:00,6,10,화요일,21,1.51964803519648
2025-06-10 22:00:00,6,10,화요일,22,1.2850714928507145
2025-06-10 23:00:00,6,10,화요일,23,1.1320867913208676
2025-06-11 00:00:00,6,11,수요일,0,0.9778782121787818
2025-06-11 01:00:00,6,11,수요일,1,0.6345805419458053
2025-06-11 02:00:00,6,11,수요일,2,0.5513568643135685
2025-06-11 03:00:00,6,11,수요일,3,0.45773022697730215
2025-06-11 04:00:00,6,11,수요일,4,0.6033716628337165
2025-06-11 05:00:00,6,11,수요일,5,1.0611018898110187
2025-06-11 06:00:00,6,11,수요일,6,1.768503149685031
2025-06-11 07:00:00,6,11,수요일,7,2.496710328967102
2025-06-11 08:00:00,6,11,수요일,8,2.7671872812718723
2025-06-11 09:00:00,6,11,수요일,9,2.371874812518747
2025-06-11 10:00:00,6,11,수요일,10,1.9765623437656226
2025-06-11 11:00:00,6,11,수요일,11,2.070188981101889
2025-06-11 12:00:00,6,11,수요일,12,2.184621537846215
2025-06-11 13:00:00,6,11,수요일,13,2.101397860213978
2025-06-11 14:00:00,6,11,수요일,14,2.1638156184381554
2025-06-11 15:00:00,6,11,수요일,15,2.371874812518747
2025-06-11 16:00:00,6,11,수요일,16,2.5799340065993395
2025-06-11 17:00:00,6,11,수요일,17,2.82960503949605
2025-06-11 18:00:00,6,11,수요일,18,2.642351764823517
2025-06-11 19:00:00,6,11,수요일,19,2.2470392960703927
2025-06-11 20:00:00,6,11,수요일,20,1.8829357064293564
2025-06-11 21:00:00,6,11,수요일,21,1.5500409959004096
2025-06-11 22:00:00,6,11,수요일,22,1.3107729227077287
2025-06-11 23:00:00,6,11,수요일,23,1.1547285271472851
2025-06-12 00:00:00,6,12,목요일,0,0.9874652534746522
2025-06-12 01:00:00,6,12,목요일,1,0.640801919808019
2025-06-12 02:00:00,6,12,목요일,2,0.5567623237676231
2025-06-12 03:00:00,6,12,목요일,3,0.4622177782221777
2025-06-12 04:00:00,6,12,목요일,4,0.6092870712928705
2025-06-12 05:00:00,6,12,목요일,5,1.0715048495150483
2025-06-12 06:00:00,6,12,목요일,6,1.7858414158584137
2025-06-12 07:00:00,6,12,목요일,7,2.521187881211878
2025-06-12 08:00:00,6,12,목요일,8,2.794316568343165
2025-06-12 09:00:00,6,12,목요일,9,2.395128487151284
2025-06-12 10:00:00,6,12,목요일,10,1.9959404059594035
2025-06-12 11:00:00,6,12,목요일,11,2.0904849515048487
2025-06-12 12:00:00,6,12,목요일,12,2.2060393960603935
2025-06-12 13:00:00,6,12,목요일,13,2.1219998000199976
2025-06-12 14:00:00,6,12,목요일,14,2.1850294970502944
2025-06-12 15:00:00,6,12,목요일,15,2.395128487151284
2025-06-12 16:00:00,6,12,목요일,16,2.6052274772522743
2025-06-12 17:00:00,6,12,목요일,17,2.8573462653734625
2025-06-12 18:00:00,6,12,목요일,18,2.668257174282571
2025-06-12 19:00:00,6,12,목요일,19,2.2690690930906907
2025-06-12 20:00:00,6,12,목요일,20,1.9013958604139582
2025-06-12 21:00:00,6,12,목요일,21,1.5652374762523744
2025-06-12 22:00:00,6,12,목요일,22,1.323623637636236
2025-06-12 23:00:00,6,12,목요일,23,1.1660493950604938
2025-06-13 00:00:00,6,13,금요일,0,1.0354004599540043
2025-06-13 01:00:00,6,13,금요일,1,0.671908809119088
2025-06-13 02:00:00,6,13,금요일,2,0.5837896210378961
2025-06-13 03:00:00,6,13,금요일,3,0.4846555344465553
2025-06-13 04:00:00,6,13,금요일,4,0.638864113588641
2025-06-13 05:00:00,6,13,금요일,5,1.1235196480351963
2025-06-13 06:00:00,6,13,금요일,6,1.8725327467253272
2025-06-13 07:00:00,6,13,금요일,7,2.643575642435756
2025-06-13 08:00:00,6,13,금요일,8,2.92996300369963
2025-06-13 09:00:00,6,13,금요일,9,2.511396860313968
2025-06-13 10:00:00,6,13,금요일,10,2.0928307169283067
2025-06-13 11:00:00,6,13,금요일,11,2.1919648035196477
2025-06-13 12:00:00,6,13,금요일,12,2.313128687131287
2025-06-13 13:00:00,6,13,금요일,13,2.2250094990500946
2025-06-13 14:00:00,6,13,금요일,14,2.2910988901109883
2025-06-13 15:00:00,6,13,금요일,15,2.511396860313968
2025-06-13 16:00:00,6,13,금요일,16,2.731694830516948
2025-06-13 17:00:00,6,13,금요일,17,2.996052394760524
2025-06-13 18:00:00,6,13,금요일,18,2.797784221577842
2025-06-13 19:00:00,6,13,금요일,19,2.3792180781921806
2025-06-13 20:00:00,6,13,금요일,20,1.993696630336966
2025-06-13 21:00:00,6,13,금요일,21,1.6412198780121987
2025-06-13 22:00:00,6,13,금요일,22,1.387877212278772
2025-06-13 23:00:00,6,13,금요일,23,1.2226537346265374
2025-06-14 00:00:00,6,14,토요일,0,0.8148985101489847
2025-06-14 01:00:00,6,14,토요일,1,0.528817118288171
2025-06-14 02:00:00,6,14,토요일,2,0.45946405359464043
2025-06-14 03:00:00,6,14,토요일,3,0.3814418558144185
2025-06-14 04:00:00,6,14,토요일,4,0.502809719028097
2025-06-14 05:00:00,6,14,토요일,5,0.8842515748425155
2025-06-14 06:00:00,6,14,토요일,6,1.4737526247375259
2025-06-14 07:00:00,6,14,토요일,7,2.0805919408059186
2025-06-14 08:00:00,6,14,토요일,8,2.3059894010598936
2025-06-14 09:00:00,6,14,토요일,9,1.9765623437656226
2025-06-14 10:00:00,6,14,토요일,10,1.6471352864713522
2025-06-14 11:00:00,6,14,토요일,11,1.7251574842515742
2025-06-14 12:00:00,6,14,토요일,12,1.820517948205179
2025-06-14 13:00:00,6,14,토요일,13,1.7511648835116482
2025-06-14 14:00:00,6,14,토요일,14,1.8031796820317962
2025-06-14 15:00:00,6,14,토요일,15,1.9765623437656226
2025-06-14 16:00:00,6,14,토요일,16,2.1499450054994496
2025-06-14 17:00:00,6,14,토요일,17,2.3580041995800416
2025-06-14 18:00:00,6,14,토요일,18,2.2019598040195976
2025-06-14 19:00:00,6,14,토요일,19,1.872532746725327
2025-06-14 20:00:00,6,14,토요일,20,1.5691130886911304
2025-06-14 21:00:00,6,14,토요일,21,1.291700829917008
2025-06-14 22:00:00,6,14,토요일,22,1.0923107689231073
2025-06-14 23:00:00,6,14,토요일,23,0.9622737726227375
2025-06-15 00:00:00,6,15,일요일,0,0.7190280971902807
2025-06-15 01:00:00,6,15,일요일,1,0.4666033396660333
2025-06-15 02:00:00,6,15,일요일,2,0.4054094590540945
2025-06-15 03:00:00,6,15,일요일,3,0.3365663433656634
2025-06-15 04:00:00,6,15,일요일,4,0.4436556344365562
2025-06-15 05:00:00,6,15,일요일,5,0.7802219778022196
2025-06-15 06:00:00,6,15,일요일,6,1.3003699630036993
2025-06-15 07:00:00,6,15,일요일,7,1.8358164183581636
2025-06-15 08:00:00,6,15,일요일,8,2.034696530346965
2025-06-15 09:00:00,6,15,일요일,9,1.7440255974402554
2025-06-15 10:00:00,6,15,일요일,10,1.453354664533546
2025-06-15 11:00:00,6,15,일요일,11,1.5221977802219773
2025-06-15 12:00:00,6,15,일요일,12,1.6063393660633933
2025-06-15 13:00:00,6,15,일요일,13,1.5451454854514544
2025-06-15 14:00:00,6,15,일요일,14,1.5910408959104085
2025-06-15 15:00:00,6,15,일요일,15,1.7440255974402554
2025-06-15 16:00:00,6,15,일요일,16,1.8970102989701025
2025-06-15 17:00:00,6,15,일요일,17,2.080591940805919
2025-06-15 18:00:00,6,15,일요일,18,1.9429057094290567
2025-06-15 19:00:00,6,15,일요일,19,1.6522347765223475
2025-06-15 20:00:00,6,15,일요일,20,1.3845115488451152
2025-06-15 21:00:00,6,15,일요일,21,1.13973602639736
2025-06-15 22:00:00,6,15,일요일,22,0.963803619638036
2025-06-15 23:00:00,6,15,일요일,23,0.8490650934906508
2025-06-16 00:00:00,6,16,월요일,0,1.006639336066393
2025-06-16 01:00:00,6,16,월요일,1,0.6532446755324466
2025-06-16 02:00:00,6,16,월요일,2,0.5675732426757323
2025-06-16 03:00:00,6,16,월요일,3,0.4711928807119287
2025-06-16 04:00:00,6,16,월요일,4,0.6211178882111787
2025-06-16 05:00:00,6,16,월요일,5,1.0923107689231075
2025-06-16 06:00:00,6,16,월요일,6,1.820517948205179
2025-06-16 07:00:00,6,16,월요일,7,2.570142985701429
2025-06-16 08:00:00,6,16,월요일,8,2.848575142485751
2025-06-16 09:00:00,6,16,월요일,9,2.4416358364163577
2025-06-16 10:00:00,6,16,월요일,10,2.034696530346965
2025-06-16 11:00:00,6,16,월요일,11,2.131076892310768
2025-06-16 12:00:00,6,16,월요일,12,2.2488751124887507
2025-06-16 13:00:00,6,16,월요일,13,2.163203679632036
2025-06-16 14:00:00,6,16,월요일,14,2.227457254274572
2025-06-16 15:00:00,6,16,월요일,15,2.4416358364163577
2025-06-16 16:00:00,6,16,월요일,16,2.6558144185581436
2025-06-16 17:00:00,6,16,월요일,17,2.9128287171282867
2025-06-16 18:00:00,6,16,월요일,18,2.7200679932006797
2025-06-16 19:00:00,6,16,월요일,19,2.3131286871312864
2025-06-16 20:00:00,6,16,월요일,20,1.9383161683831613
2025-06-16 21:00:00,6,16,월요일,21,1.5956304369563041
2025-06-16 22:00:00,6,16,월요일,22,1.3493250674932504
2025-06-16 23:00:00,6,16,월요일,23,1.1886911308869113
2025-06-17 00:00:00,6,17,화요일,0,0.9587041295870409
2025-06-17 01:00:00,6,17,화요일,1,0.6221377862213776
2025-06-17 02:00:00,6,17,화요일,2,0.5405459454054593
2025-06-17 03:00:00,6,17,화요일,3,0.4487551244875511
2025-06-17 04:00:00,6,17,화요일,4,0.5915408459154082
2025-06-17 05:00:00,6,17,화요일,5,1.0402959704029595
2025-06-17 06:00:00,6,17,화요일,6,1.7338266173382657
2025-06-17 07:00:00,6,17,화요일,7,2.447755224477551
2025-06-17 08:00:00,6,17,화요일,8,2.7129287071292865
2025-06-17 09:00:00,6,17,화요일,9,2.3253674632536736
2025-06-17 10:00:00,6,17,화요일,10,1.9378062193780614
2025-06-17 11:00:00,6,17,화요일,11,2.0295970402959695
2025-06-17 12:00:00,6,17,화요일,12,2.141785821417858
2025-06-17 13:00:00,6,17,화요일,13,2.060193980601939
2025-06-17 14:00:00,6,17,화요일,14,2.121387861213878
2025-06-17 15:00:00,6,17,화요일,15,2.3253674632536736
2025-06-17 16:00:00,6,17,화요일,16,2.5293470652934698
2025-06-17 17:00:00,6,17,화요일,17,2.774122587741225
2025-06-17 18:00:00,6,17,화요일,18,2.590540945905409
2025-06-17 19:00:00,6,17,화요일,19,2.2029797020297965
2025-06-17 20:00:00,6,17,화요일,20,1.8460153984601533
2025-06-17 21:00:00,6,17,화요일,21,1.51964803519648
2025-06-17 22:00:00,6,17,화요일,22,1.2850714928507145
2025-06-17 23:00:00,6,17,화요일,23,1.1320867913208676
2025-06-18 00:00:00,6,18,수요일,0,0.9778782121787818
2025-06-18 01:00:00,6,18,수요일,1,0.6345805419458053
2025-06-18 02:00:00,6,18,수요일,2,0.5513568643135685
2025-06-18 03:00:00,6,18,수요일,3,0.45773022697730215
2025-06-18 04:00:00,6,18,수요일,4,0.6033716628337165
2025-06-18 05:00:00,6,18,수요일,5,1.0611018898110187
2025-06-18 06:00:00,6,18,수요일,6,1.768503149685031
2025-06-18 07:00:00,6,18,수요일,7,2.496710328967102
2025-06-18 08:00:00,6,18,수요일,8,2.7671872812718723
2025-06-18 09:00:00,6,18,수요일,9,2.371874812518747
2025-06-18 10:00:00,6,18,수요일,10,1.9765623437656226
2025-06-18 11:00:00,6,18,수요일,11,2.070188981101889
2025-06-18 12:00:00,6,18,수요일,12,2.184621537846215
2025-06-18 13:00:00,6,18,수요일,13,2.101397860213978
2025-06-18 14:00:00,6,18,수요일,14,2.1638156184381554
2025-06-18 15:00:00,6,18,수요일,15,2.371874812518747
2025-06-18 16:00:00,6,18,수요일,16,2.5799340065993395
2025-06-18 17:00:00,6,18,수요일,17,2.82960503949605
2025-06-18 18:00:00,6,18,수요일,18,2.642351764823517
2025-06-18 19:00:00,6,18,수요일,19,2.2470392960703927
2025-06-18 20:00:00,6,18,수요일,20,1.8829357064293564
2025-06-18 21:00:00,6,18,수요일,21,1.5500409959004096
2025-06-18 22:00:00,6,18,수요일,22,1.3107729227077287
2025-06-18 23:00:00,6,18,수요일,23,1.1547285271472851
2025-06-19 00:00:00,6,19,목요일,0,0.9874652534746522
2025-06-19 01:00:00,6,19,목요일,1,0.640801919808019
2025-06-19 02:00:00,6,19,목요일,2,0.5567623237676231
2025-06-19 03:00:00,6,19,목요일,3,0.4622177782221777
2025-06-19 04:00:00,6,19,목요일,4,0.6092870712928705
2025-06-19 05:00:00,6,19,목요일,5,1.0715048495150483
2025-06-19 06:00:00,6,19,목요일,6,1.7858414158584137
2025-06-19 07:00:00,6,19,목요일,7,2.521187881211878
2025-06-19 08:00:00,6,19,목요일,8,2.794316568343165
2025-06-19 09:00:00,6,19,목요일,9,2.395128487151284
2025-06-19 10:00:00,6,19,목요일,10,1.9959404059594035
2025-06-19 11:00:00,6,19,목요일,11,2.0904849515048487
2025-06-19 12:00:00,6,19,목요일,12,2.2060393960603935
2025-06-19 13:00:00,6,19,목요일,13,2.1219998000199976
2025-06-19 14:00:00,6,19,목요일,14,2.1850294970502944
2025-06-19 15:00:00,6,19,목요일,15,2.395128487151284
2025-06-19 16:00:00,6,19,목요일,16,2.6052274772522743
2025-06-19 17:00:00,6,19,목요일,17,2.8573462653734625
2025-06-19 18:00:00,6,19,목요일,18,2.668257174282571
2025-06-19 19:00:00,6,19,목요일,19,2.2690690930906907
2025-06-19 20:00:00,6,19,목요일,20,1.9013958604139582
2025-06-19 21:00:00,6,19,목요일,21,1.5652374762523744
2025-06-19 22:00:00,6,19,목요일,22,1.323623637636236
2025-06-19 23:00:00,6,19,목요일,23,1.1660493950604938
2025-06-20 00:00:00,6,20,금요일,0,1.0354004599540043
2025-06-20 01:00:00,6,20,금요일,1,0.671908809119088
2025-06-20 02:00:00,6,20,금요일,2,0.5837896210378961
2025-06-20 03:00:00,6,20,금요일,3,0.4846555344465553
2025-06-20 04:00:00,6,20,금요일,4,0.638864113588641
2025-06-20 05:00:00,6,20,금요일,5,1.1235196480351963
2025-06-20 06:00:00,6,20,금요일,6,1.8725327467253272
2025-06-20 07:00:00,6,20,금요일,7,2.643575642435756
2025-06-20 08:00:00,6,20,금요일,8,2.92996300369963
2025-06-20 09:00:00,6,20,금요일,9,2.511396860313968
2025-06-20 10:00:00,6,20,금요일,10,2.0928307169283067
2025-06-20 11:00:00,6,20,금요일,11,2.1919648035196477
2025-06-20 12:00:00,6,20,금요일,12,2.313128687131287
2025-06-20 13:00:00,6,20,금요일,13,2.2250094990500946
2025-06-20 14:00:00,6,20,금요일,14,2.2910988901109883
2025-06-20 15:00:00,6,20,금요일,15,2.511396860313968
2025-06-20 16:00:00,6,20,금요일,16,2.731694830516948
2025-06-20 17:00:00,6,20,금요일,17,2.996052394760524
2025-06-20 18:00:00,6,20,금요일,18,2.797784221577842
2025-06-20 19:00:00,6,20,금요일,19,2.3792180781921806
2025-06-20 20:00:00,6,20,금요일,20,1.993696630336966
2025-06-20 21:00:00,6,20,금요일,21,1.6412198780121987
2025-06-20 22:00:00,6,20,금요일,22,1.387877212278772
2025-06-20 23:00:00,6,20,금요일,23,1.2226537346265374
2025-06-21 00:00:00,6,21,토요일,0,0.8148985101489847
2025-06-21 01:00:00,6,21,토요일,1,0.528817118288171
2025-06-21 02:00:00,6,21,토요일,2,0.45946405359464043
2025-06-21 03:00:00,6,21,토요일,3,0.3814418558144185
2025-06-21 04:00:00,6,21,토요일,4,0.502809719028097
2025-06-21 05:00:00,6,21,토요일,5,0.8842515748425155
2025-06-21 06:00:00,6,21,토요일,6,1.4737526247375259
2025-06-21 07:00:00,6,21,토요일,7,2.0805919408059186
2025-06-21 08:00:00,6,21,토요일,8,2.3059894010598936
2025-06-21 09:00:00,6,21,토요일,9,1.9765623437656226
2025-06-21 10:00:00,6,21,토요일,10,1.6471352864713522
2025-06-21 11:00:00,6,21,토요일,11,1.7251574842515742
2025-06-21 12:00:00,6,21,토요일,12,1.820517948205179
2025-06-21 13:00:00,6,21,토요일,13,1.7511648835116482
2025-06-21 14:00:00,6,21,토요일,14,1.8031796820317962
2025-06-21 15:00:00,6,21,토요일,15,1.9765623437656226
2025-06-21 16:00:00,6,21,토요일,16,2.1499450054994496
2025-06-21 17:00:00,6,21,토요일,17,2.3580041995800416
2025-06-21 18:00:00,6,21,토요일,18,2.2019598040195976
2025-06-21 19:00:00,6,21,토요일,19,1.872532746725327
2025-06-21 20:00:00,6,21,토요일,20,1.5691130886911304
2025-06-21 21:00:00,6,21,토요일,21,1.291700829917008
2025-06-21 22:00:00,6,21,토요일,22,1.0923107689231073
2025-06-21 23:00:00,6,21,토요일,23,0.9622737726227375
2025-06-22 00:00:00,6,22,일요일,0,0.7190280971902807
2025-06-22 01:00:00,6,22,일요일,1,0.4666033396660333
2025-06-22 02:00:00,6,22,일요일,2,0.4054094590540945
2025-06-22 03:00:00,6,22,일요일,3,0.3365663433656634
2025-06-22 04:00:00,6,22,일요일,4,0.4436556344365562
2025-06-22 05:00:00,6,22,일요일,5,0.7802219778022196
2025-06-22 06:00:00,6,22,일요일,6,1.3003699630036993
2025-06-22 07:00:00,6,22,일요일,7,1.8358164183581636
2025-06-22 08:00:00,6,22,일요일,8,2.034696530346965
2025-06-22 09:00:00,6,22,일요일,9,1.7440255974402554
2025-06-22 10:00:00,6,22,일요일,10,1.453354664533546
2025-06-22 11:00:00,6,22,일요일,11,1.5221977802219773
2025-06-22 12:00:00,6,22,일요일,12,1.6063393660633933
2025-06-22 13:00:00,6,22,일요일,13,1.5451454854514544
2025-06-22 14:00:00,6,22,일요일,14,1.5910408959104085
2025-06-22 15:00:00,6,22,일요일,15,1.7440255974402554
2025-06-22 16:00:00,6,22,일요일,16,1.8970102989701025
2025-06-22 17:00:00,6,22,일요일,17,2.080591940805919
2025-06-22 18:00:00,6,22,일요일,18,1.9429057094290567
2025-06-22 19:00:00,6,22,일요일,19,1.6522347765223475
2025-06-22 20:00:00,6,22,일요일,20,1.3845115488451152
2025-06-22 21:00:00,6,22,일요일,21,1.13973602639736
2025-06-22 22:00:00,6,22,일요일,22,0.963803619638036
2025-06-22 23:00:00,6,22,일요일,23,0.8490650934906508
2025-06-23 00:00:00,6,23,월요일,0,1.006639336066393
2025-06-23 01:00:00,6,23,월요일,1,0.6532446755324466
2025-06-23 02:00:00,6,23,월요일,2,0.5675732426757323
2025-06-23 03:00:00,6,23,월요일,3,0.4711928807119287
2025-06-23 04:00:00,6,23,월요일,4,0.6211178882111787
2025-06-23 05:00:00,6,23,월요일,5,1.0923107689231075
2025-06-23 06:00:00,6,23,월요일,6,1.820517948205179
2025-06-23 07:00:00,6,23,월요일,7,2.570142985701429
2025-06-23 08:00:00,6,23,월요일,8,2.848575142485751
2025-06-23 09:00:00,6,23,월요일,9,2.4416358364163577
2025-06-23 10:00:00,6,23,월요일,10,2.034696530346965
2025-06-23 11:00:00,6,23,월요일,11,2.131076892310768
2025-06-23 12:00:00,6,23,월요일,12,2.2488751124887507
2025-06-23 13:00:00,6,23,월요일,13,2.163203679632036
2025-06-23 14:00:00,6,23,월요일,14,2.227457254274572
2025-06-23 15:00:00,6,23,월요일,15,2.4416358364163577
2025-06-23 16:00:00,6,23,월요일,16,2.6558144185581436
2025-06-23 17:00:00,6,23,월요일,17,2.9128287171282867
2025-06-23 18:00:00,6,23,월요일,18,2.7200679932006797
2025-06-23 19:00:00,6,23,월요일,19,2.3131286871312864
2025-06-23 20:00:00,6,23,월요일,20,1.9383161683831613
2025-06-23 21:00:00,6,23,월요일,21,1.5956304369563041
2025-06-23 22:00:00,6,23,월요일,22,1.3493250674932504
2025-06-23 23:00:00,6,23,월요일,23,1.1886911308869113
2025-06-24 00:00:00,6,24,화요일,0,0.9587041295870409
2025-06-24 01:00:00,6,24,화요일,1,0.6221377862213776
2025-06-24 02:00:00,6,24,화요일,2,0.5405459454054593
2025-06-24 03:00:00,6,24,화요일,3,0.4487551244875511
2025-06-24 04:00:00,6,24,화요일,4,0.5915408459154082
2025-06-24 05:00:00,6,24,화요일,5,1.0402959704029595
2025-06-24 06:00:00,6,24,화요일,6,1.7338266173382657
2025-06-24 07:00:00,6,24,화요일,7,2.447755224477551
2025-06-24 08:00:00,6,24,화요일,8,2.7129287071292865
2025-06-24 09:00:00,6,24,화요일,9,2.3253674632536736
2025-06-24 10:00:00,6,24,화요일,10,1.9378062193780614
2025-06-24 11:00:00,6,24,화요일,11,2.0295970402959695
2025-06-24 12:00:00,6,24,화요일,12,2.141785821417858
2025-06-24 13:00:00,6,24,화요일,13,2.060193980601939
2025-06-24 14:00:00,6,24,화요일,14,2.121387861213878
2025-06-24 15:00:00,6,24,화요일,15,2.3253674632536736
2025-06-24 16:00:00,6,24,화요일,16,2.5293470652934698
2025-06-24 17:00:00,6,24,화요일,17,2.774122587741225
2025-06-24 18:00:00,6,24,화요일,18,2.590540945905409
2025-06-24 19:00:00,6,24,화요일,19,2.2029797020297965
2025-06-24 20:00:00,6,24,화요일,20,1.8460153984601533
2025-06-24 21:00:00,6,24,화요일,21,1.51964803519648
2025-06-24 22:00:00,6,24,화요일,22,1.2850714928507145
2025-06-24 23:00:00,6,24,화요일,23,1.1320867913208676
2025-06-25 00:00:00,6,25,수요일,0,0.9778782121787818
2025-06-25 01:00:00,6,25,수요일,1,0.6345805419458053
2025-06-25 02:00:00,6,25,수요일,2,0.5513568643135685
2025-06-25 03:00:00,6,25,수요일,3,0.45773022697730215
2025-06-25 04:00:00,6,25,수요일,4,0.6033716628337165
2025-06-25 05:00:00,6,25,수요일,5,1.0611018898110187
2025-06-25 06:00:00,6,25,수요일,6,1.768503149685031
2025-06-25 07:00:00,6,25,수요일,7,2.496710328967102
2025-06-25 08:00:00,6,25,수요일,8,2.7671872812718723
2025-06-25 09:00:00,6,25,수요일,9,2.371874812518747
2025-06-25 10:00:00,6,25,수요일,10,1.9765623437656226
2025-06-25 11:00:00,6,25,수요일,11,2.070188981101889
2025-06-25 12:00:00,6,25,수요일,12,2.184621537846215
2025-06-25 13:00:00,6,25,수요일,13,2.101397860213978
2025-06-25 14:00:00,6,25,수요일,14,2.1638156184381554
2025-06-25 15:00:00,6,25,수요일,15,2.371874812518747
2025-06-25 16:00:00,6,25,수요일,16,2.5799340065993395
2025-06-25 17:00:00,6,25,수요일,17,2.82960503949605
2025-06-25 18:00:00,6,25,수요일,18,2.642351764823517
2025-06-25 19:00:00,6,25,수요일,19,2.2470392960703927
2025-06-25 20:00:00,6,25,수요일,20,1.8829357064293564
2025-06-25 21:00:00,6,25,수요일,21,1.5500409959004096
2025-06-25 22:00:00,6,25,수요일,22,1.3107729227077287
2025-06-25 23:00:00,6,25,수요일,23,1.1547285271472851
2025-06-26 00:00:00,6,26,목요일,0,0.9874652534746522
2025-06-26 01:00:00,6,26,목요일,1,0.640801919808019
2025-06-26 02:00:00,6,26,목요일,2,0.5567623237676231
2025-06-26 03:00:00,6,26,목요일,3,0.4622177782221777
2025-06-26 04:00:00,6,26,목요일,4,0.6092870712928705
2025-06-26 05:00:00,6,26,목요일,5,1.0715048495150483
2025-06-26 06:00:00,6,26,목요일,6,1.7858414158584137
2025-06-26 07:00:00,6,26,목요일,7,2.521187881211878
2025-06-26 08:00:00,6,26,목요일,8,2.794316568343165
2025-06-26 09:00:00,6,26,목요일,9,2.395128487151284
2025-06-26 10:00:00,6,26,목요일,10,1.9959404059594035
2025-06-26 11:00:00,6,26,목요일,11,2.0904849515048487
2025-06-26 12:00:00,6,26,목요일,12,2.2060393960603935
2025-06-26 13:00:00,6,26,목요일,13,2.1219998000199976
2025-06-26 14:00:00,6,26,목요일,14,2.1850294970502944
2025-06-26 15:00:00,6,26,목요일,15,2.395128487151284
2025-06-26 16:00:00,6,26,목요일,16,2.6052274772522743
2025-06-26 17:00:00,6,26,목요일,17,2.8573462653734625
2025-06-26 18:00:00,6,26,목요일,18,2.668257174282571
2025-06-26 19:00:00,6,26,목요일,19,2.2690690930906907
2025-06-26 20:00:00,6,26,목요일,20,1.9013958604139582
2025-06-26 21:00:00,6,26,목요일,21,1.5652374762523744
2025-06-26 22:00:00,6,26,목요일,22,1.323623637636236
2025-06-26 23:00:00,6,26,목요일,23,1.1660493950604938
2025-06-27 00:00:00,6,27,금요일,0,1.0354004599540043
2025-06-27 01:00:00,6,27,금요일,1,0.671908809119088
2025-06-27 02:00:00,6,27,금요일,2,0.5837896210378961
2025-06-27 03:00:00,6,27,금요일,3,0.4846555344465553
2025-06-27 04:00:00,6,27,금요일,4,0.638864113588641
2025-06-27 05:00:00,6,27,금요일,5,1.1235196480351963
2025-06-27 06:00:00,6,27,금요일,6,1.8725327467253272
2025-06-27 07:00:00,6,27,금요일,7,2.643575642435756
2025-06-27 08:00:00,6,27,금요일,8,2.92996300369963
2025-06-27 09:00:00,6,27,금요일,9,2.511396860313968
2025-06-27 10:00:00,6,27,금요일,10,2.0928307169283067
2025-06-27 11:00:00,6,27,금요일,11,2.1919648035196477
2025-06-27 12:00:00,6,27,금요일,12,2.313128687131287
2025-06-27 13:00:00,6,27,금요일,13,2.2250094990500946
2025-06-27 14:00:00,6,27,금요일,14,2.2910988901109883
2025-06-27 15:00:00,6,27,금요일,15,2.511396860313968
2025-06-27 16:00:00,6,27,금요일,16,2.731694830516948
2025-06-27 17:00:00,6,27,금요일,17,2.996052394760524
2025-06-27 18:00:00,6,27,금요일,18,2.797784221577842
2025-06-27 19:00:00,6,27,금요일,19,2.3792180781921806
2025-06-27 20:00:00,6,27,금요일,20,1.993696630336966
2025-06-27 21:00:00,6,27,금요일,21,1.6412198780121987
2025-06-27 22:00:00,6,27,금요일,22,1.387877212278772
2025-06-27 23:00:00,6,27,금요일,23,1.2226537346265374
2025-06-28 00:00:00,6,28,토요일,0,0.8148985101489847
2025-06-28 01:00:00,6,28,토요일,1,0.528817118288171
2025-06-28 02:00:00,6,28,토요일,2,0.45946405359464043
2025-06-28 03:00:00,6,28,토요일,3,0.3814418558144185
2025-06-28 04:00:00,6,28,토요일,4,0.502809719028097
2025-06-28 05:00:00,6,28,토요일,5,0.8842515748425155
2025-06-28 06:00:00,6,28,토요일,6,1.4737526247375259
2025-06-28 07:00:00,6,28,토요일,7,2.0805919408059186
2025-06-28 08:00:00,6,28,토요일,8,2.3059894010598936
2025-06-28 09:00:00,6,28,토요일,9,1.9765623437656226
2025-06-28 10:00:00,6,28,토요일,10,1.6471352864713522
2025-06-28 11:00:00,6,28,토요일,11,1.7251574842515742
2025-06-28 12:00:00,6,28,토요일,12,1.820517948205179
2025-06-28 13:00:00,6,28,토요일,13,1.7511648835116482
2025-06-28 14:00:00,6,28,토요일,14,1.8031796820317962
2025-06-28 15:00:00,6,28,토요일,15,1.9765623437656226
2025-06-28 16:00:00,6,28,토요일,16,2.1499450054994496
2025-06-28 17:00:00,6,28,토요일,17,2.3580041995800416
2025-06-28 18:00:00,6,28,토요일,18,2.2019598040195976
2025-06-28 19:00:00,6,28,토요일,19,1.872532746725327
2025-06-28 20:00:00,6,28,토요일,20,1.5691130886911304
2025-06-28 21:00:00,6,28,토요일,21,1.291700829917008
2025-06-28 22:00:00,6,28,토요일,22,1.0923107689231073
2025-06-28 23:00:00,6,28,토요일,23,0.9622737726227375
2025-06-29 00:00:00,6,29,일요일,0,0.7190280971902807
2025-06-29 01:00:00,6,29,일요일,1,0.4666033396660333
2025-06-29 02:00:00,6,29,일요일,2,0.4054094590540945
2025-06-29 03:00:00,6,29,일요일,3,0.3365663433656634
2025-06-29 04:00:00,6,29,일요일,4,0.4436556344365562
2025-06-29 05:00:00,6,29,일요일,5,0.7802219778022196
2025-06-29 06:00:00,6,29,일요일,6,1.3003699630036993
2025-06-29 07:00:00,6,29,일요일,7,1.8358164183581636
2025-06-29 08:00:00,6,29,일요일,8,2.034696530346965
2025-06-29 09:00:00,6,29,일요일,9,1.7440255974402554
2025-06-29 10:00:00,6,29,일요일,10,1.453354664533546
2025-06-29 11:00:00,6,29,일요일,11,1.5221977802219773
2025-06-29 12:00:00,6,29,일요일,12,1.6063393660633933
2025-06-29 13:00:00,6,29,일요일,13,1.5451454854514544
2025-06-29 14:00:00,6,29,일요일,14,1.5910408959104085
2025-06-29 15:00:00,6,29,일요일,15,1.7440255974402554
2025-06-29 16:00:00,6,29,일요일,16,1.8970102989701025
2025-06-29 17:00:00,6,29,일요일,17,2.080591940805919
2025-06-29 18:00:00,6,29,일요일,18,1.9429057094290567
2025-06-29 19:00:00,6,29,일요일,19,1.6522347765223475
2025-06-29 20:00:00,6,29,일요일,20,1.3845115488451152
2025-06-29 21:00:00,6,29,일요일,21,1.13973602639736
2025-06-29 22:00:00,6,29,일요일,22,0.963803619638036
2025-06-29 23:00:00,6,29,일요일,23,0.8490650934906508
2025-06-30 00:00:00,6,30,월요일,0,1.006639336066393
2025-06-30 01:00:00,6,30,월요일,1,0.6532446755324466
2025-06-30 02:00:00,6,30,월요일,2,0.5675732426757323
2025-06-30 03:00:00,6,30,월요일,3,0.4711928807119287
2025-06-30 04:00:00,6,30,월요일,4,0.6211178882111787
2025-06-30 05:00:00,6,30,월요일,5,1.0923107689231075
2025-06-30 06:00:00,6,30,월요일,6,1.820517948205179
2025-06-30 07:00:00,6,30,월요일,7,2.570142985701429
2025-06-30 08:00:00,6,30,월요일,8,2.848575142485751
2025-06-30 09:00:00,6,30,월요일,9,2.4416358364163577
2025-06-30 10:00:00,6,30,월요일,10,2.034696530346965
2025-06-30 11:00:00,6,30,월요일,11,2.131076892310768
2025-06-30 12:00:00,6,30,월요일,12,2.2488751124887507
2025-06-30 13:00:00,6,30,월요일,13,2.163203679632036
2025-06-30 14:00:00,6,30,월요일,14,2.227457254274572
2025-06-30 15:00:00,6,30,월요일,15,2.4416358364163577
2025-06-30 16:00:00,6,30,월요일,16,2.6558144185581436
2025-06-30 17:00:00,6,30,월요일,17,2.9128287171282867
2025-06-30 18:00:00,6,30,월요일,18,2.7200679932006797
2025-06-30 19:00:00,6,30,월요일,19,2.3131286871312864
2025-06-30 20:00:00,6,30,월요일,20,1.9383161683831613
2025-06-30 21:00:00,6,30,월요일,21,1.5956304369563041
2025-06-30 22:00:00,6,30,월요일,22,1.3493250674932504
2025-06-30 23:00:00,6,30,월요일,23,1.1886911308869113
2025-07-01 00:00:00,7,1,화요일,0,1.052694730526947
2025-07-01 01:00:00,7,1,화요일,1,0.6831316868313168
2025-07-01 02:00:00,7,1,화요일,2,0.5935406459354063
2025-07-01 03:00:00,7,1,화요일,3,0.49275072492750716
2025-07-01 04:00:00,7,1,화요일,4,0.6495350464953503
2025-07-01 05:00:00,7,1,화요일,5,1.1422857714228576
2025-07-01 06:00:00,7,1,화요일,6,1.9038096190380958
2025-07-01 07:00:00,7,1,화요일,7,2.6877312268773115
2025-07-01 08:00:00,7,1,화요일,8,2.9789021097890207
2025-07-01 09:00:00,7,1,화요일,9,2.5533446655334457
2025-07-01 10:00:00,7,1,화요일,10,2.1277872212778717
2025-07-01 11:00:00,7,1,화요일,11,2.2285771422857708
2025-07-01 12:00:00,7,1,화요일,12,2.351764823517648
2025-07-01 13:00:00,7,1,화요일,13,2.2621737826217374
2025-07-01 14:00:00,7,1,화요일,14,2.3293670632936703
2025-07-01 15:00:00,7,1,화요일,15,2.5533446655334457
2025-07-01 16:00:00,7,1,화요일,16,2.777322267773222
2025-07-01 17:00:00,7,1,화요일,17,3.0460953904609536
2025-07-01 18:00:00,7,1,화요일,18,2.844515548445155
2025-07-01 19:00:00,7,1,화요일,19,2.418958104189581
2025-07-01 20:00:00,7,1,화요일,20,2.0269973002699726
2025-07-01 21:00:00,7,1,화요일,21,1.6686331366863312
2025-07-01 22:00:00,7,1,화요일,22,1.4110588941105886
2025-07-01 23:00:00,7,1,화요일,23,1.2430756924307569
2025-07-02 00:00:00,7,2,수요일,0,1.073748625137486
2025-07-02 01:00:00,7,2,수요일,1,0.696794320567943
2025-07-02 02:00:00,7,2,수요일,2,0.6054114588541144
2025-07-02 03:00:00,7,2,수요일,3,0.5026057394260572
2025-07-02 04:00:00,7,2,수요일,4,0.6625257474252573
2025-07-02 05:00:00,7,2,수요일,5,1.1651314868513145
2025-07-02 06:00:00,7,2,수요일,6,1.9418858114188575
2025-07-02 07:00:00,7,2,수요일,7,2.7414858514148577
2025-07-02 08:00:00,7,2,수요일,8,3.038480151984801
2025-07-02 09:00:00,7,2,수요일,9,2.604411558844115
2025-07-02 10:00:00,7,2,수요일,10,2.170342965703429
2025-07-02 11:00:00,7,2,수요일,11,2.273148685131486
2025-07-02 12:00:00,7,2,수요일,12,2.398800119988001
2025-07-02 13:00:00,7,2,수요일,13,2.307417258274172
2025-07-02 14:00:00,7,2,수요일,14,2.3759544045595433
2025-07-02 15:00:00,7,2,수요일,15,2.604411558844115
2025-07-02 16:00:00,7,2,수요일,16,2.8328687131286867
2025-07-02 17:00:00,7,2,수요일,17,3.1070172982701725
2025-07-02 18:00:00,7,2,수요일,18,2.901405859414058
2025-07-02 19:00:00,7,2,수요일,19,2.4673372662733724
2025-07-02 20:00:00,7,2,수요일,20,2.067537246275372
2025-07-02 21:00:00,7,2,수요일,21,1.7020057994200577
2025-07-02 22:00:00,7,2,수요일,22,1.4392800719928003
2025-07-02 23:00:00,7,2,수요일,23,1.267937206279372
2025-07-03 00:00:00,7,3,목요일,0,1.0842755724427555
2025-07-03 01:00:00,7,3,목요일,1,0.7036256374362562
2025-07-03 02:00:00,7,3,목요일,2,0.6113468653134685
2025-07-03 03:00:00,7,3,목요일,3,0.5075332466753324
2025-07-03 04:00:00,7,3,목요일,4,0.6690210978902108
2025-07-03 05:00:00,7,3,목요일,5,1.1765543445655433
2025-07-03 06:00:00,7,3,목요일,6,1.9609239076092386
2025-07-03 07:00:00,7,3,목요일,7,2.768363163683631
2025-07-03 08:00:00,7,3,목요일,8,3.068269173082691
2025-07-03 09:00:00,7,3,목요일,9,2.629945005499449
2025-07-03 10:00:00,7,3,목요일,10,2.191620837916208
2025-07-03 11:00:00,7,3,목요일,11,2.295434456554344
2025-07-03 12:00:00,7,3,목요일,12,2.422317768223177
2025-07-03 13:00:00,7,3,목요일,13,2.3300389961003893
2025-07-03 14:00:00,7,3,목요일,14,2.3992480751924803
2025-07-03 15:00:00,7,3,목요일,15,2.629945005499449
2025-07-03 16:00:00,7,3,목요일,16,2.860641935806419
2025-07-03 17:00:00,7,3,목요일,17,3.137478252174782
2025-07-03 18:00:00,7,3,목요일,18,2.9298510148985097
2025-07-03 19:00:00,7,3,목요일,19,2.491526847315268
2025-07-03 20:00:00,7,3,목요일,20,2.087807219278072
2025-07-03 21:00:00,7,3,목요일,21,1.718692130786921
2025-07-03 22:00:00,7,3,목요일,22,1.4533906609339062
2025-07-03 23:00:00,7,3,목요일,23,1.2803679632036795
2025-07-04 00:00:00,7,4,금요일,0,1.1369103089691028
2025-07-04 01:00:00,7,4,금요일,1,0.7377822217778222
2025-07-04 02:00:00,7,4,금요일,2,0.6410238976102389
2025-07-04 03:00:00,7,4,금요일,3,0.5321707829217078
2025-07-04 04:00:00,7,4,금요일,4,0.7014978502149783
2025-07-04 05:00:00,7,4,금요일,5,1.2336686331366862
2025-07-04 06:00:00,7,4,금요일,6,2.0561143885611437
2025-07-04 07:00:00,7,4,금요일,7,2.9027497250274967
2025-07-04 08:00:00,7,4,금요일,8,3.217214278572143
2025-07-04 09:00:00,7,4,금요일,9,2.757612238776122
2025-07-04 10:00:00,7,4,금요일,10,2.2980101989801014
2025-07-04 11:00:00,7,4,금요일,11,2.406863313668633
2025-07-04 12:00:00,7,4,금요일,12,2.53990600939906
2025-07-04 13:00:00,7,4,금요일,13,2.4431476852314766
2025-07-04 14:00:00,7,4,금요일,14,2.515716428357164
2025-07-04 15:00:00,7,4,금요일,15,2.757612238776122
2025-07-04 16:00:00,7,4,금요일,16,2.9995080491950805
2025-07-04 17:00:00,7,4,금요일,17,3.28978302169783
2025-07-04 18:00:00,7,4,금요일,18,3.0720767923207677
2025-07-04 19:00:00,7,4,금요일,19,2.6124747525247476
2025-07-04 20:00:00,7,4,금요일,20,2.1891570842915704
2025-07-04 21:00:00,7,4,금요일,21,1.8021237876212377
2025-07-04 22:00:00,7,4,금요일,22,1.523943605639436
2025-07-04 23:00:00,7,4,금요일,23,1.3425217478252176
2025-07-05 00:00:00,7,5,토요일,0,0.8947905209479049
2025-07-05 01:00:00,7,5,토요일,1,0.5806619338066191
2025-07-05 02:00:00,7,5,토요일,2,0.5045095490450954
2025-07-05 03:00:00,7,5,토요일,3,0.41883811618838107
2025-07-05 04:00:00,7,5,토요일,4,0.5521047895210477
2025-07-05 05:00:00,7,5,토요일,5,0.9709429057094288
2025-07-05 06:00:00,7,5,토요일,6,1.6182381761823812
2025-07-05 07:00:00,7,5,토요일,7,2.2845715428457147
2025-07-05 08:00:00,7,5,토요일,8,2.5320667933206673
2025-07-05 09:00:00,7,5,토요일,9,2.1703429657034286
2025-07-05 10:00:00,7,5,토요일,10,1.8086191380861907
2025-07-05 11:00:00,7,5,토요일,11,1.894290570942905
2025-07-05 12:00:00,7,5,토요일,12,1.9990000999900006
2025-07-05 13:00:00,7,5,토요일,13,1.9228477152284764
2025-07-05 14:00:00,7,5,토요일,14,1.9799620037996195
2025-07-05 15:00:00,7,5,토요일,15,2.1703429657034286
2025-07-05 16:00:00,7,5,토요일,16,2.3607239276072387
2025-07-05 17:00:00,7,5,토요일,17,2.58918108189181
2025-07-05 18:00:00,7,5,토요일,18,2.4178382161783816
2025-07-05 19:00:00,7,5,토요일,19,2.0561143885611433
2025-07-05 20:00:00,7,5,토요일,20,1.7229477052294766
2025-07-05 21:00:00,7,5,토요일,21,1.4183381661833814
2025-07-05 22:00:00,7,5,토요일,22,1.1994000599940002
2025-07-05 23:00:00,7,5,토요일,23,1.0566143385661433
2025-07-06 00:00:00,7,6,일요일,0,0.7895210478952103
2025-07-06 01:00:00,7,6,일요일,1,0.5123487651234875
2025-07-06 02:00:00,7,6,일요일,2,0.4451554844515548
2025-07-06 03:00:00,7,6,일요일,3,0.36956304369563037
2025-07-06 04:00:00,7,6,일요일,4,0.4871512848715127
2025-07-06 05:00:00,7,6,일요일,5,0.8567143285671431
2025-07-06 06:00:00,7,6,일요일,6,1.4278572142785717
2025-07-06 07:00:00,7,6,일요일,7,2.0157984201579837
2025-07-06 08:00:00,7,6,일요일,8,2.2341765823417656
2025-07-06 09:00:00,7,6,일요일,9,1.9150084991500844
2025-07-06 10:00:00,7,6,일요일,10,1.5958404159584036
2025-07-06 11:00:00,7,6,일요일,11,1.6714328567143282
2025-07-06 12:00:00,7,6,일요일,12,1.7638236176382358
2025-07-06 13:00:00,7,6,일요일,13,1.696630336966303
2025-07-06 14:00:00,7,6,일요일,14,1.7470252974702525
2025-07-06 15:00:00,7,6,일요일,15,1.9150084991500844
2025-07-06 16:00:00,7,6,일요일,16,2.0829917008299166
2025-07-06 17:00:00,7,6,일요일,17,2.284571542845715
2025-07-06 18:00:00,7,6,일요일,18,2.133386661333866
2025-07-06 19:00:00,7,6,일요일,19,1.8142185781421856
2025-07-06 20:00:00,7,6,일요일,20,1.5202479752024793
2025-07-06 21:00:00,7,6,일요일,21,1.2514748525147483
2025-07-06 22:00:00,7,6,일요일,22,1.0582941705829414
2025-07-06 23:00:00,7,6,일요일,23,0.9323067693230676
2025-07-07 00:00:00,7,7,월요일,0,1.1053294670532943
2025-07-07 01:00:00,7,7,월요일,1,0.7172882711728825
2025-07-07 02:00:00,7,7,월요일,2,0.6232176782321767
2025-07-07 03:00:00,7,7,월요일,3,0.5173882611738825
2025-07-07 04:00:00,7,7,월요일,4,0.6820117988201178
2025-07-07 05:00:00,7,7,월요일,5,1.1994000599940005
2025-07-07 06:00:00,7,7,월요일,6,1.9990000999900004
2025-07-07 07:00:00,7,7,월요일,7,2.822117788221177
2025-07-07 08:00:00,7,7,월요일,8,3.1278472152784715
2025-07-07 09:00:00,7,7,월요일,9,2.681011898810118
2025-07-07 10:00:00,7,7,월요일,10,2.234176582341765
2025-07-07 11:00:00,7,7,월요일,11,2.3400059994000593
2025-07-07 12:00:00,7,7,월요일,12,2.46935306469353
2025-07-07 13:00:00,7,7,월요일,13,2.375282471752824
2025-07-07 14:00:00,7,7,월요일,14,2.4458354164583533
2025-07-07 15:00:00,7,7,월요일,15,2.681011898810118
2025-07-07 16:00:00,7,7,월요일,16,2.9161883811618834
2025-07-07 17:00:00,7,7,월요일,17,3.198400159984001
2025-07-07 18:00:00,7,7,월요일,18,2.9867413258674125
2025-07-07 19:00:00,7,7,월요일,19,2.5399060093990595
2025-07-07 20:00:00,7,7,월요일,20,2.128347165283471
2025-07-07 21:00:00,7,7,월요일,21,1.7520647935206477
2025-07-07 22:00:00,7,7,월요일,22,1.481611838816118
2025-07-07 23:00:00,7,7,월요일,23,1.3052294770522945
2025-07-08 00:00:00,7,8,화요일,0,1.052694730526947
2025-07-08 01:00:00,7,8,화요일,1,0.6831316868313168
2025-07-08 02:00:00,7,8,화요일,2,0.5935406459354063
2025-07-08 03:00:00,7,8,화요일,3,0.49275072492750716
2025-07-08 04:00:00,7,8,화요일,4,0.6495350464953503
2025-07-08 05:00:00,7,8,화요일,5,1.1422857714228576
2025-07-08 06:00:00,7,8,화요일,6,1.9038096190380958
2025-07-08 07:00:00,7,8,화요일,7,2.6877312268773115
2025-07-08 08:00:00,7,8,화요일,8,2.9789021097890207
2025-07-08 09:00:00,7,8,화요일,9,2.5533446655334457
2025-07-08 10:00:00,7,8,화요일,10,2.1277872212778717
2025-07-08 11:00:00,7,8,화요일,11,2.2285771422857708
2025-07-08 12:00:00,7,8,화요일,12,2.351764823517648
2025-07-08 13:00:00,7,8,화요일,13,2.2621737826217374
2025-07-08 14:00:00,7,8,화요일,14,2.3293670632936703
2025-07-08 15:00:00,7,8,화요일,15,2.5533446655334457
2025-07-08 16:00:00,7,8,화요일,16,2.777322267773222
2025-07-08 17:00:00,7,8,화요일,17,3.0460953904609536
2025-07-08 18:00:00,7,8,화요일,18,2.844515548445155
2025-07-08 19:00:00,7,8,화요일,19,2.418958104189581
2025-07-08 20:00:00,7,8,화요일,20,2.0269973002699726
2025-07-08 21:00:00,7,8,화요일,21,1.6686331366863312
2025-07-08 22:00:00,7,8,화요일,22,1.4110588941105886
2025-07-08 23:00:00,7,8,화요일,23,1.2430756924307569
2025-07-09 00:00:00,7,9,수요일,0,1.073748625137486
2025-07-09 01:00:00,7,9,수요일,1,0.696794320567943
2025-07-09 02:00:00,7,9,수요일,2,0.6054114588541144
2025-07-09 03:00:00,7,9,수요일,3,0.5026057394260572
2025-07-09 04:00:00,7,9,수요일,4,0.6625257474252573
2025-07-09 05:00:00,7,9,수요일,5,1.1651314868513145
2025-07-09 06:00:00,7,9,수요일,6,1.9418858114188575
2025-07-09 07:00:00,7,9,수요일,7,2.7414858514148577
2025-07-09 08:00:00,7,9,수요일,8,3.038480151984801
2025-07-09 09:00:00,7,9,수요일,9,2.604411558844115
2025-07-09 10:00:00,7,9,수요일,10,2.170342965703429
2025-07-09 11:00:00,7,9,수요일,11,2.273148685131486
2025-07-09 12:00:00,7,9,수요일,12,2.398800119988001
2025-07-09 13:00:00,7,9,수요일,13,2.307417258274172
2025-07-09 14:00:00,7,9,수요일,14,2.3759544045595433
2025-07-09 15:00:00,7,9,수요일,15,2.604411558844115
2025-07-09 16:00:00,7,9,수요일,16,2.8328687131286867
2025-07-09 17:00:00,7,9,수요일,17,3.1070172982701725
2025-07-09 18:00:00,7,9,수요일,18,2.901405859414058
2025-07-09 19:00:00,7,9,수요일,19,2.4673372662733724
2025-07-09 20:00:00,7,9,수요일,20,2.067537246275372
2025-07-09 21:00:00,7,9,수요일,21,1.7020057994200577
2025-07-09 22:00:00,7,9,수요일,22,1.4392800719928003
2025-07-09 23:00:00,7,9,수요일,23,1.267937206279372
2025-07-10 00:00:00,7,10,목요일,0,1.0842755724427555
2025-07-10 01:00:00,7,10,목요일,1,0.7036256374362562
2025-07-10 02:00:00,7,10,목요일,2,0.6113468653134685
2025-07-10 03:00:00,7,10,목요일,3,0.5075332466753324
2025-07-10 04:00:00,7,10,목요일,4,0.6690210978902108
2025-07-10 05:00:00,7,10,목요일,5,1.1765543445655433
2025-07-10 06:00:00,7,10,목요일,6,1.9609239076092386
2025-07-10 07:00:00,7,10,목요일,7,2.768363163683631
2025-07-10 08:00:00,7,10,목요일,8,3.068269173082691
2025-07-10 09:00:00,7,10,목요일,9,2.629945005499449
2025-07-10 10:00:00,7,10,목요일,10,2.191620837916208
2025-07-10 11:00:00,7,10,목요일,11,2.295434456554344
2025-07-10 12:00:00,7,10,목요일,12,2.422317768223177
2025-07-10 13:00:00,7,10,목요일,13,2.3300389961003893
2025-07-10 14:00:00,7,10,목요일,14,2.3992480751924803
2025-07-10 15:00:00,7,10,목요일,15,2.629945005499449
2025-07-10 16:00:00,7,10,목요일,16,2.860641935806419
2025-07-10 17:00:00,7,10,목요일,17,3.137478252174782
2025-07-10 18:00:00,7,10,목요일,18,2.9298510148985097
2025-07-10 19:00:00,7,10,목요일,19,2.491526847315268
2025-07-10 20:00:00,7,10,목요일,20,2.087807219278072
2025-07-10 21:00:00,7,10,목요일,21,1.718692130786921
2025-07-10 22:00:00,7,10,목요일,22,1.4533906609339062
2025-07-10 23:00:00,7,10,목요일,23,1.2803679632036795
2025-07-11 00:00:00,7,11,금요일,0,1.1369103089691028
2025-07-11 01:00:00,7,11,금요일,1,0.7377822217778222
2025-07-11 02:00:00,7,11,금요일,2,0.6410238976102389
2025-07-11 03:00:00,7,11,금요일,3,0.5321707829217078
2025-07-11 04:00:00,7,11,금요일,4,0.7014978502149783
2025-07-11 05:00:00,7,11,금요일,5,1.2336686331366862
2025-07-11 06:00:00,7,11,금요일,6,2.0561143885611437
2025-07-11 07:00:00,7,11,금요일,7,2.9027497250274967
2025-07-11 08:00:00,7,11,금요일,8,3.217214278572143
2025-07-11 09:00:00,7,11,금요일,9,2.757612238776122
2025-07-11 10:00:00,7,11,금요일,10,2.2980101989801014
2025-07-11 11:00:00,7,11,금요일,11,2.406863313668633
2025-07-11 12:00:00,7,11,금요일,12,2.53990600939906
2025-07-11 13:00:00,7,11,금요일,13,2.4431476852314766
2025-07-11 14:00:00,7,11,금요일,14,2.515716428357164
2025-07-11 15:00:00,7,11,금요일,15,2.757612238776122
2025-07-11 16:00:00,7,11,금요일,16,2.9995080491950805
2025-07-11 17:00:00,7,11,금요일,17,3.28978302169783
2025-07-11 18:00:00,7,11,금요일,18,3.0720767923207677
2025-07-11 19:00:00,7,11,금요일,19,2.6124747525247476
2025-07-11 20:00:00,7,11,금요일,20,2.1891570842915704
2025-07-11 21:00:00,7,11,금요일,21,1.8021237876212377
2025-07-11 22:00:00,7,11,금요일,22,1.523943605639436
2025-07-11 23:00:00,7,11,금요일,23,1.3425217478252176
2025-07-12 00:00:00,7,12,토요일,0,0.8947905209479049
2025-07-12 01:00:00,7,12,토요일,1,0.5806619338066191
2025-07-12 02:00:00,7,12,토요일,2,0.5045095490450954
2025-07-12 03:00:00,7,12,토요일,3,0.41883811618838107
2025-07-12 04:00:00,7,12,토요일,4,0.5521047895210477
2025-07-12 05:00:00,7,12,토요일,5,0.9709429057094288
2025-07-12 06:00:00,7,12,토요일,6,1.6182381761823812
2025-07-12 07:00:00,7,12,토요일,7,2.2845715428457147
2025-07-12 08:00:00,7,12,토요일,8,2.5320667933206673
2025-07-12 09:00:00,7,12,토요일,9,2.1703429657034286
2025-07-12 10:00:00,7,12,토요일,10,1.8086191380861907
2025-07-12 11:00:00,7,12,토요일,11,1.894290570942905
2025-07-12 12:00:00,7,12,토요일,12,1.9990000999900006
2025-07-12 13:00:00,7,12,토요일,13,1.9228477152284764
2025-07-12 14:00:00,7,12,토요일,14,1.9799620037996195
2025-07-12 15:00:00,7,12,토요일,15,2.1703429657034286
2025-07-12 16:00:00,7,12,토요일,16,2.3607239276072387
2025-07-12 17:00:00,7,12,토요일,17,2.58918108189181
2025-07-12 18:00:00,7,12,토요일,18,2.4178382161783816
2025-07-12 19:00:00,7,12,토요일,19,2.0561143885611433
2025-07-12 20:00:00,7,12,토요일,20,1.7229477052294766
2025-07-12 21:00:00,7,12,토요일,21,1.4183381661833814
2025-07-12 22:00:00,7,12,토요일,22,1.1994000599940002
2025-07-12 23:00:00,7,12,토요일,23,1.0566143385661433
2025-07-13 00:00:00,7,13,일요일,0,0.7895210478952103
2025-07-13 01:00:00,7,13,일요일,1,0.5123487651234875
2025-07-13 02:00:00,7,13,일요일,2,0.4451554844515548
2025-07-13 03:00:00,7,13,일요일,3,0.36956304369563037
2025-07-13 04:00:00,7,13,일요일,4,0.4871512848715127
2025-07-13 05:00:00,7,13,일요일,5,0.8567143285671431
2025-07-13 06:00:00,7,13,일요일,6,1.4278572142785717
2025-07-13 07:00:00,7,13,일요일,7,2.0157984201579837
2025-07-13 08:00:00,7,13,일요일,8,2.2341765823417656
2025-07-13 09:00:00,7,13,일요일,9,1.9150084991500844
2025-07-13 10:00:00,7,13,일요일,10,1.5958404159584036
2025-07-13 11:00:00,7,13,일요일,11,1.6714328567143282
2025-07-13 12:00:00,7,13,일요일,12,1.7638236176382358
2025-07-13 13:00:00,7,13,일요일,13,1.696630336966303
2025-07-13 14:00:00,7,13,일요일,14,1.7470252974702525
2025-07-13 15:00:00,7,13,일요일,15,1.9150084991500844
2025-07-13 16:00:00,7,13,일요일,16,2.0829917008299166
2025-07-13 17:00:00,7,13,일요일,17,2.284571542845715
2025-07-13 18:00:00,7,13,일요일,18,2.133386661333866
2025-07-13 19:00:00,7,13,일요일,19,1.8142185781421856
2025-07-13 20:00:00,7,13,일요일,20,1.5202479752024793
2025-07-13 21:00:00,7,13,일요일,21,1.2514748525147483
2025-07-13 22:00:00,7,13,일요일,22,1.0582941705829414
2025-07-13 23:00:00,7,13,일요일,23,0.9323067693230676
2025-07-14 00:00:00,7,14,월요일,0,1.1053294670532943
2025-07-14 01:00:00,7,14,월요일,1,0.7172882711728825
2025-07-14 02:00:00,7,14,월요일,2,0.6232176782321767
2025-07-14 03:00:00,7,14,월요일,3,0.5173882611738825
2025-07-14 04:00:00,7,14,월요일,4,0.6820117988201178
2025-07-14 05:00:00,7,14,월요일,5,1.1994000599940005
2025-07-14 06:00:00,7,14,월요일,6,1.9990000999900004
2025-07-14 07:00:00,7,14,월요일,7,2.822117788221177
2025-07-14 08:00:00,7,14,월요일,8,3.1278472152784715
2025-07-14 09:00:00,7,14,월요일,9,2.681011898810118
2025-07-14 10:00:00,7,14,월요일,10,2.234176582341765
2025-07-14 11:00:00,7,14,월요일,11,2.3400059994000593
2025-07-14 12:00:00,7,14,월요일,12,2.46935306469353
2025-07-14 13:00:00,7,14,월요일,13,2.375282471752824
2025-07-14 14:00:00,7,14,월요일,14,2.4458354164583533
2025-07-14 15:00:00,7,14,월요일,15,2.681011898810118
2025-07-14 16:00:00,7,14,월요일,16,2.9161883811618834
2025-07-14 17:00:00,7,14,월요일,17,3.198400159984001
2025-07-14 18:00:00,7,14,월요일,18,2.9867413258674125
2025-07-14 19:00:00,7,14,월요일,19,2.5399060093990595
2025-07-14 20:00:00,7,14,월요일,20,2.128347165283471
2025-07-14 21:00:00,7,14,월요일,21,1.7520647935206477
2025-07-14 22:00:00,7,14,월요일,22,1.481611838816118
2025-07-14 23:00:00,7,14,월요일,23,1.3052294770522945
2025-07-15 00:00:00,7,15,화요일,0,1.052694730526947
2025-07-15 01:00:00,7,15,화요일,1,0.6831316868313168
2025-07-15 02:00:00,7,15,화요일,2,0.5935406459354063
2025-07-15 03:00:00,7,15,화요일,3,0.49275072492750716
2025-07-15 04:00:00,7,15,화요일,4,0.6495350464953503
2025-07-15 05:00:00,7,15,화요일,5,1.1422857714228576
2025-07-15 06:00:00,7,15,화요일,6,1.9038096190380958
2025-07-15 07:00:00,7,15,화요일,7,2.6877312268773115
2025-07-15 08:00:00,7,15,화요일,8,2.9789021097890207
2025-07-15 09:00:00,7,15,화요일,9,2.5533446655334457
2025-07-15 10:00:00,7,15,화요일,10,2.1277872212778717
2025-07-15 11:00:00,7,15,화요일,11,2.2285771422857708
2025-07-15 12:00:00,7,15,화요일,12,2.351764823517648
2025-07-15 13:00:00,7,15,화요일,13,2.2621737826217374
2025-07-15 14:00:00,7,15,화요일,14,2.3293670632936703
2025-07-15 15:00:00,7,15,화요일,15,2.5533446655334457
2025-07-15 16:00:00,7,15,화요일,16,2.777322267773222
2025-07-15 17:00:00,7,15,화요일,17,3.0460953904609536
2025-07-15 18:00:00,7,15,화요일,18,2.844515548445155
2025-07-15 19:00:00,7,15,화요일,19,2.418958104189581
2025-07-15 20:00:00,7,15,화요일,20,2.0269973002699726
2025-07-15 21:00:00,7,15,화요일,21,1.6686331366863312
2025-07-15 22:00:00,7,15,화요일,22,1.4110588941105886
2025-07-15 23:00:00,7,15,화요일,23,1.2430756924307569
2025-07-16 00:00:00,7,16,수요일,0,1.073748625137486
2025-07-16 01:00:00,7,16,수요일,1,0.696794320567943
2025-07-16 02:00:00,7,16,수요일,2,0.6054114588541144
2025-07-16 03:00:00,7,16,수요일,3,0.5026057394260572
2025-07-16 04:00:00,7,16,수요일,4,0.6625257474252573
2025-07-16 05:00:00,7,16,수요일,5,1.1651314868513145
2025-07-16 06:00:00,7,16,수요일,6,1.9418858114188575
2025-07-16 07:00:00,7,16,수요일,7,2.7414858514148577
2025-07-16 08:00:00,7,16,수요일,8,3.038480151984801
2025-07-16 09:00:00,7,16,수요일,9,2.604411558844115
2025-07-16 10:00:00,7,16,수요일,10,2.170342965703429
2025-07-16 11:00:00,7,16,수요일,11,2.273148685131486
2025-07-16 12:00:00,7,16,수요일,12,2.398800119988001
2025-07-16 13:00:00,7,16,수요일,13,2.307417258274172
2025-07-16 14:00:00,7,16,수요일,14,2.3759544045595433
2025-07-16 15:00:00,7,16,수요일,15,2.604411558844115
2025-07-16 16:00:00,7,16,수요일,16,2.8328687131286867
2025-07-16 17:00:00,7,16,수요일,17,3.1070172982701725
2025-07-16 18:00:00,7,16,수요일,18,2.901405859414058
2025-07-16 19:00:00,7,16,수요일,19,2.4673372662733724
2025-07-16 20:00:00,7,16,수요일,20,2.067537246275372
2025-07-16 21:00:00,7,16,수요일,21,1.7020057994200577
2025-07-16 22:00:00,7,16,수요일,22,1.4392800719928003
2025-07-16 23:00:00,7,16,수요일,23,1.267937206279372
2025-07-17 00:00:00,7,17,목요일,0,1.0842755724427555
2025-07-17 01:00:00,7,17,목요일,1,0.7036256374362562
2025-07-17 02:00:00,7,17,목요일,2,0.6113468653134685
2025-07-17 03:00:00,7,17,목요일,3,0.5075332466753324
2025-07-17 04:00:00,7,17,목요일,4,0.6690210978902108
2025-07-17 05:00:00,7,17,목요일,5,1.1765543445655433
2025-07-17 06:00:00,7,17,목요일,6,1.9609239076092386
2025-07-17 07:00:00,7,17,목요일,7,2.768363163683631
2025-07-17 08:00:00,7,17,목요일,8,3.068269173082691
2025-07-17 09:00:00,7,17,목요일,9,2.629945005499449
2025-07-17 10:00:00,7,17,목요일,10,2.191620837916208
2025-07-17 11:00:00,7,17,목요일,11,2.295434456554344
2025-07-17 12:00:00,7,17,목요일,12,2.422317768223177
2025-07-17 13:00:00,7,17,목요일,13,2.3300389961003893
2025-07-17 14:00:00,7,17,목요일,14,2.3992480751924803
2025-07-17 15:00:00,7,17,목요일,15,2.629945005499449
2025-07-17 16:00:00,7,17,목요일,16,2.860641935806419
2025-07-17 17:00:00,7,17,목요일,17,3.137478252174782
2025-07-17 18:00:00,7,17,목요일,18,2.9298510148985097
2025-07-17 19:00:00,7,17,목요일,19,2.491526847315268
2025-07-17 20:00:00,7,17,목요일,20,2.087807219278072
2025-07-17 21:00:00,7,17,목요일,21,1.718692130786921
2025-07-17 22:00:00,7,17,목요일,22,1.4533906609339062
2025-07-17 23:00:00,7,17,목요일,23,1.2803679632036795
2025-07-18 00:00:00,7,18,금요일,0,1.1369103089691028
2025-07-18 01:00:00,7,18,금요일,1,0.7377822217778222
2025-07-18 02:00:00,7,18,금요일,2,0.6410238976102389
2025-07-18 03:00:00,7,18,금요일,3,0.5321707829217078
2025-07-18 04:00:00,7,18,금요일,4,0.7014978502149783
2025-07-18 05:00:00,7,18,금요일,5,1.2336686331366862
2025-07-18 06:00:00,7,18,금요일,6,2.0561143885611437
2025-07-18 07:00:00,7,18,금요일,7,2.9027497250274967
2025-07-18 08:00:00,7,18,금요일,8,3.217214278572143
2025-07-18 09:00:00,7,18,금요일,9,2.757612238776122
2025-07-18 10:00:00,7,18,금요일,10,2.2980101989801014
2025-07-18 11:00:00,7,18,금요일,11,2.406863313668633
2025-07-18 12:00:00,7,18,금요일,12,2.53990600939906
2025-07-18 13:00:00,7,18,금요일,13,2.4431476852314766
2025-07-18 14:00:00,7,18,금요일,14,2.515716428357164
2025-07-18 15:00:00,7,18,금요일,15,2.757612238776122
2025-07-18 16:00:00,7,18,금요일,16,2.9995080491950805
2025-07-18 17:00:00,7,18,금요일,17,3.28978302169783
2025-07-18 18:00:00,7,18,금요일,18,3.0720767923207677
2025-07-18 19:00:00,7,18,금요일,19,2.6124747525247476
2025-07-18 20:00:00,7,18,금요일,20,2.1891570842915704
2025-07-18 21:00:00,7,18,금요일,21,1.8021237876212377
2025-07-18 22:00:00,7,18,금요일,22,1.523943605639436
2025-07-18 23:00:00,7,18,금요일,23,1.3425217478252176
2025-07-19 00:00:00,7,19,토요일,0,0.8947905209479049
2025-07-19 01:00:00,7,19,토요일,1,0.5806619338066191
2025-07-19 02:00:00,7,19,토요일,2,0.5045095490450954
2025-07-19 03:00:00,7,19,토요일,3,0.41883811618838107
2025-07-19 04:00:00,7,19,토요일,4,0.5521047895210477
2025-07-19 05:00:00,7,19,토요일,5,0.9709429057094288
2025-07-19 06:00:00,7,19,토요일,6,1.6182381761823812
2025-07-19 07:00:00,7,19,토요일,7,2.2845715428457147
2025-07-19 08:00:00,7,19,토요일,8,2.5320667933206673
2025-07-19 09:00:00,7,19,토요일,9,2.1703429657034286
2025-07-19 10:00:00,7,19,토요일,10,1.8086191380861907
2025-07-19 11:00:00,7,19,토요일,11,1.894290570942905
2025-07-19 12:00:00,7,19,토요일,12,1.9990000999900006
2025-07-19 13:00:00,7,19,토요일,13,1.9228477152284764
2025-07-19 14:00:00,7,19,토요일,14,1.9799620037996195
2025-07-19 15:00:00,7,19,토요일,15,2.1703429657034286
2025-07-19 16:00:00,7,19,토요일,16,2.3607239276072387
2025-07-19 17:00:00,7,19,토요일,17,2.58918108189181
2025-07-19 18:00:00,7,19,토요일,18,2.4178382161783816
2025-07-19 19:00:00,7,19,토요일,19,2.0561143885611433
2025-07-19 20:00:00,7,19,토요일,20,1.7229477052294766
2025-07-19 21:00:00,7,19,토요일,21,1.4183381661833814
2025-07-19 22:00:00,7,19,토요일,22,1.1994000599940002
2025-07-19 23:00:00,7,19,토요일,23,1.0566143385661433
2025-07-20 00:00:00,7,20,일요일,0,0.7895210478952103
2025-07-20 01:00:00,7,20,일요일,1,0.5123487651234875
2025-07-20 02:00:00,7,20,일요일,2,0.4451554844515548
2025-07-20 03:00:00,7,20,일요일,3,0.36956304369563037
2025-07-20 04:00:00,7,20,일요일,4,0.4871512848715127
2025-07-20 05:00:00,7,20,일요일,5,0.8567143285671431
2025-07-20 06:00:00,7,20,일요일,6,1.4278572142785717
2025-07-20 07:00:00,7,20,일요일,7,2.0157984201579837
2025-07-20 08:00:00,7,20,일요일,8,2.2341765823417656
2025-07-20 09:00:00,7,20,일요일,9,1.9150084991500844
2025-07-20 10:00:00,7,20,일요일,10,1.5958404159584036
2025-07-20 11:00:00,7,20,일요일,11,1.6714328567143282
2025-07-20 12:00:00,7,20,일요일,12,1.7638236176382358
2025-07-20 13:00:00,7,20,일요일,13,1.696630336966303
2025-07-20 14:00:00,7,20,일요일,14,1.7470252974702525
2025-07-20 15:00:00,7,20,일요일,15,1.9150084991500844
2025-07-20 16:00:00,7,20,일요일,16,2.0829917008299166
2025-07-20 17:00:00,7,20,일요일,17,2.284571542845715
2025-07-20 18:00:00,7,20,일요일,18,2.133386661333866
2025-07-20 19:00:00,7,20,일요일,19,1.8142185781421856
2025-07-20 20:00:00,7,20,일요일,20,1.5202479752024793
2025-07-20 21:00:00,7,20,일요일,21,1.2514748525147483
2025-07-20 22:00:00,7,20,일요일,22,1.0582941705829414
2025-07-20 23:00:00,7,20,일요일,23,0.9323067693230676
2025-07-21 00:00:00,7,21,월요일,0,1.1053294670532943
2025-07-21 01:00:00,7,21,월요일,1,0.7172882711728825
2025-07-21 02:00:00,7,21,월요일,2,0.6232176782321767
2025-07-21 03:00:00,7,21,월요일,3,0.5173882611738825
2025-07-21 04:00:00,7,21,월요일,4,0.6820117988201178
2025-07-21 05:00:00,7,21,월요일,5,1.1994000599940005
2025-07-21 06:00:00,7,21,월요일,6,1.9990000999900004
2025-07-21 07:00:00,7,21,월요일,7,2.822117788221177
2025-07-21 08:00:00,7,21,월요일,8,3.1278472152784715
2025-07-21 09:00:00,7,21,월요일,9,2.681011898810118
2025-07-21 10:00:00,7,21,월요일,10,2.234176582341765
2025-07-21 11:00:00,7,21,월요일,11,2.3400059994000593
2025-07-21 12:00:00,7,21,월요일,12,2.46935306469353
2025-07-21 13:00:00,7,21,월요일,13,2.375282471752824
2025-07-21 14:00:00,7,21,월요일,14,2.4458354164583533
2025-07-21 15:00:00,7,21,월요일,15,2.681011898810118
2025-07-21 16:00:00,7,21,월요일,16,2.9161883811618834
2025-07-21 17:00:00,7,21,월요일,17,3.198400159984001
2025-07-21 18:00:00,7,21,월요일,18,2.9867413258674125
2025-07-21 19:00:00,7,21,월요일,19,2.5399060093990595
2025-07-21 20:00:00,7,21,월요일,20,2.128347165283471
2025-07-21 21:00:00,7,21,월요일,21,1.7520647935206477
2025-07-21 22:00:00,7,21,월요일,22,1.481611838816118
2025-07-21 23:00:00,7,21,월요일,23,1.3052294770522945
2025-07-22 00:00:00,7,22,화요일,0,1.052694730526947
2025-07-22 01:00:00,7,22,화요일,1,0.6831316868313168
2025-07-22 02:00:00,7,22,화요일,2,0.5935406459354063
2025-07-22 03:00:00,7,22,화요일,3,0.49275072492750716
2025-07-22 04:00:00,7,22,화요일,4,0.6495350464953503
2025-07-22 05:00:00,7,22,화요일,5,1.1422857714228576
2025-07-22 06:00:00,7,22,화요일,6,1.9038096190380958
2025-07-22 07:00:00,7,22,화요일,7,2.6877312268773115
2025-07-22 08:00:00,7,22,화요일,8,2.9789021097890207
2025-07-22 09:00:00,7,22,화요일,9,2.5533446655334457
2025-07-22 10:00:00,7,22,화요일,10,2.1277872212778717
2025-07-22 11:00:00,7,22,화요일,11,2.2285771422857708
2025-07-22 12:00:00,7,22,화요일,12,2.351764823517648
2025-07-22 13:00:00,7,22,화요일,13,2.2621737826217374
2025-07-22 14:00:00,7,22,화요일,14,2.3293670632936703
2025-07-22 15:00:00,7,22,화요일,15,2.5533446655334457
2025-07-22 16:00:00,7,22,화요일,16,2.777322267773222
2025-07-22 17:00:00,7,22,화요일,17,3.0460953904609536
2025-07-22 18:00:00,7,22,화요일,18,2.844515548445155
2025-07-22 19:00:00,7,22,화요일,19,2.418958104189581
2025-07-22 20:00:00,7,22,화요일,20,2.0269973002699726
2025-07-22 21:00:00,7,22,화요일,21,1.6686331366863312
2025-07-22 22:00:00,7,22,화요일,22,1.4110588941105886
2025-07-22 23:00:00,7,22,화요일,23,1.2430756924307569
2025-07-23 00:00:00,7,23,수요일,0,1.073748625137486
2025-07-23 01:00:00,7,23,수요일,1,0.696794320567943
2025-07-23 02:00:00,7,23,수요일,2,0.6054114588541144
2025-07-23 03:00:00,7,23,수요일,3,0.5026057394260572
2025-07-23 04:00:00,7,23,수요일,4,0.6625257474252573
2025-07-23 05:00:00,7,23,수요일,5,1.1651314868513145
2025-07-23 06:00:00,7,23,수요일,6,1.9418858114188575
2025-07-23 07:00:00,7,23,수요일,7,2.7414858514148577
2025-07-23 08:00:00,7,23,수요일,8,3.038480151984801
2025-07-23 09:00:00,7,23,수요일,9,2.604411558844115
2025-07-23 10:00:00,7,23,수요일,10,2.170342965703429
2025-07-23 11:00:00,7,23,수요일,11,2.273148685131486
2025-07-23 12:00:00,7,23,수요일,12,2.398800119988001
2025-07-23 13:00:00,7,23,수요일,13,2.307417258274172
2025-07-23 14:00:00,7,23,수요일,14,2.3759544045595433
2025-07-23 15:00:00,7,23,수요일,15,2.604411558844115
2025-07-23 16:00:00,7,23,수요일,16,2.8328687131286867
2025-07-23 17:00:00,7,23,수요일,17,3.1070172982701725
2025-07-23 18:00:00,7,23,수요일,18,2.901405859414058
2025-07-23 19:00:00,7,23,수요일,19,2.4673372662733724
2025-07-23 20:00:00,7,23,수요일,20,2.067537246275372
2025-07-23 21:00:00,7,23,수요일,21,1.7020057994200577
2025-07-23 22:00:00,7,23,수요일,22,1.4392800719928003
2025-07-23 23:00:00,7,23,수요일,23,1.267937206279372
2025-07-24 00:00:00,7,24,목요일,0,1.0842755724427555
2025-07-24 01:00:00,7,24,목요일,1,0.7036256374362562
2025-07-24 02:00:00,7,24,목요일,2,0.6113468653134685
2025-07-24 03:00:00,7,24,목요일,3,0.5075332466753324
2025-07-24 04:00:00,7,24,목요일,4,0.6690210978902108
2025-07-24 05:00:00,7,24,목요일,5,1.1765543445655433
2025-07-24 06:00:00,7,24,목요일,6,1.9609239076092386
2025-07-24 07:00:00,7,24,목요일,7,2.768363163683631
2025-07-24 08:00:00,7,24,목요일,8,3.068269173082691
2025-07-24 09:00:00,7,24,목요일,9,2.629945005499449
2025-07-24 10:00:00,7,24,목요일,10,2.191620837916208
2025-07-24 11:00:00,7,24,목요일,11,2.295434456554344
2025-07-24 12:00:00,7,24,목요일,12,2.422317768223177
2025-07-24 13:00:00,7,24,목요일,13,2.3300389961003893
2025-07-24 14:00:00,7,24,목요일,14,2.3992480751924803
2025-07-24 15:00:00,7,24,목요일,15,2.629945005499449
2025-07-24 16:00:00,7,24,목요일,16,2.860641935806419
2025-07-24 17:00:00,7,24,목요일,17,3.137478252174782
2025-07-24 18:00:00,7,24,목요일,18,2.9298510148985097
2025-07-24 19:00:00,7,24,목요일,19,2.491526847315268
2025-07-24 20:00:00,7,24,목요일,20,2.087807219278072
2025-07-24 21:00:00,7,24,목요일,21,1.718692130786921
2025-07-24 22:00:00,7,24,목요일,22,1.4533906609339062
2025-07-24 23:00:00,7,24,목요일,23,1.2803679632036795
2025-07-25 00:00:00,7,25,금요일,0,1.1369103089691028
2025-07-25 01:00:00,7,25,금요일,1,0.7377822217778222
2025-07-25 02:00:00,7,25,금요일,2,0.6410238976102389
2025-07-25 03:00:00,7,25,금요일,3,0.5321707829217078
2025-07-25 04:00:00,7,25,금요일,4,0.7014978502149783
2025-07-25 05:00:00,7,25,금요일,5,1.2336686331366862
2025-07-25 06:00:00,7,25,금요일,6,2.0561143885611437
2025-07-25 07:00:00,7,25,금요일,7,2.9027497250274967
2025-07-25 08:00:00,7,25,금요일,8,3.217214278572143
2025-07-25 09:00:00,7,25,금요일,9,2.757612238776122
2025-07-25 10:00:00,7,25,금요일,10,2.2980101989801014
2025-07-25 11:00:00,7,25,금요일,11,2.406863313668633
2025-07-25 12:00:00,7,25,금요일,12,2.53990600939906
2025-07-25 13:00:00,7,25,금요일,13,2.4431476852314766
2025-07-25 14:00:00,7,25,금요일,14,2.515716428357164
2025-07-25 15:00:00,7,25,금요일,15,2.757612238776122
2025-07-25 16:00:00,7,25,금요일,16,2.9995080491950805
2025-07-25 17:00:00,7,25,금요일,17,3.28978302169783
2025-07-25 18:00:00,7,25,금요일,18,3.0720767923207677
2025-07-25 19:00:00,7,25,금요일,19,2.6124747525247476
2025-07-25 20:00:00,7,25,금요일,20,2.1891570842915704
2025-07-25 21:00:00,7,25,금요일,21,1.8021237876212377
2025-07-25 22:00:00,7,25,금요일,22,1.523943605639436
2025-07-25 23:00:00,7,25,금요일,23,1.3425217478252176
2025-07-26 00:00:00,7,26,토요일,0,0.8947905209479049
2025-07-26 01:00:00,7,26,토요일,1,0.5806619338066191
2025-07-26 02:00:00,7,26,토요일,2,0.5045095490450954
2025-07-26 03:00:00,7,26,토요일,3,0.41883811618838107
2025-07-26 04:00:00,7,26,토요일,4,0.5521047895210477
2025-07-26 05:00:00,7,26,토요일,5,0.9709429057094288
2025-07-26 06:00:00,7,26,토요일,6,1.6182381761823812
2025-07-26 07:00:00,7,26,토요일,7,2.2845715428457147
2025-07-26 08:00:00,7,26,토요일,8,2.5320667933206673
2025-07-26 09:00:00,7,26,토요일,9,2.1703429657034286
2025-07-26 10:00:00,7,26,토요일,10,1.8086191380861907
2025-07-26 11:00:00,7,26,토요일,11,1.894290570942905
2025-07-26 12:00:00,7,26,토요일,12,1.9990000999900006
2025-07-26 13:00:00,7,26,토요일,13,1.9228477152284764
2025-07-26 14:00:00,7,26,토요일,14,1.9799620037996195
2025-07-26 15:00:00,7,26,토요일,15,2.1703429657034286
2025-07-26 16:00:00,7,26,토요일,16,2.3607239276072387
2025-07-26 17:00:00,7,26,토요일,17,2.58918108189181
2025-07-26 18:00:00,7,26,토요일,18,2.4178382161783816
2025-07-26 19:00:00,7,26,토요일,19,2.0561143885611433
2025-07-26 20:00:00,7,26,토요일,20,1.7229477052294766
2025-07-26 21:00:00,7,26,토요일,21,1.4183381661833814
2025-07-26 22:00:00,7,26,토요일,22,1.1994000599940002
2025-07-26 23:00:00,7,26,토요일,23,1.0566143385661433
2025-07-27 00:00:00,7,27,일요일,0,0.7895210478952103
2025-07-27 01:00:00,7,27,일요일,1,0.5123487651234875
2025-07-27 02:00:00,7,27,일요일,2,0.4451554844515548
2025-07-27 03:00:00,7,27,일요일,3,0.36956304369563037
2025-07-27 04:00:00,7,27,일요일,4,0.4871512848715127
2025-07-27 05:00:00,7,27,일요일,5,0.8567143285671431
2025-07-27 06:00:00,7,27,일요일,6,1.4278572142785717
2025-07-27 07:00:00,7,27,일요일,7,2.0157984201579837
2025-07-27 08:00:00,7,27,일요일,8,2.2341765823417656
2025-07-27 09:00:00,7,27,일요일,9,1.9150084991500844
2025-07-27 10:00:00,7,27,일요일,10,1.5958404159584036
2025-07-27 11:00:00,7,27,일요일,11,1.6714328567143282
2025-07-27 12:00:00,7,27,일요일,12,1.7638236176382358
2025-07-27 13:00:00,7,27,일요일,13,1.696630336966303
2025-07-27 14:00:00,7,27,일요일,14,1.7470252974702525
2025-07-27 15:00:00,7,27,일요일,15,1.9150084991500844
2025-07-27 16:00:00,7,27,일요일,16,2.0829917008299166
2025-07-27 17:00:00,7,27,일요일,17,2.284571542845715
2025-07-27 18:00:00,7,27,일요일,18,2.133386661333866
2025-07-27 19:00:00,7,27,일요일,19,1.8142185781421856
2025-07-27 20:00:00,7,27,일요일,20,1.5202479752024793
2025-07-27 21:00:00,7,27,일요일,21,1.2514748525147483
2025-07-27 22:00:00,7,27,일요일,22,1.0582941705829414
2025-07-27 23:00:00,7,27,일요일,23,0.9323067693230676
2025-07-28 00:00:00,7,28,월요일,0,1.1053294670532943
2025-07-28 01:00:00,7,28,월요일,1,0.7172882711728825
2025-07-28 02:00:00,7,28,월요일,2,0.6232176782321767
2025-07-28 03:00:00,7,28,월요일,3,0.5173882611738825
2025-07-28 04:00:00,7,28,월요일,4,0.6820117988201178
2025-07-28 05:00:00,7,28,월요일,5,1.1994000599940005
2025-07-28 06:00:00,7,28,월요일,6,1.9990000999900004
2025-07-28 07:00:00,7,28,월요일,7,2.822117788221177
2025-07-28 08:00:00,7,28,월요일,8,3.1278472152784715
2025-07-28 09:00:00,7,28,월요일,9,2.681011898810118
2025-07-28 10:00:00,7,28,월요일,10,2.234176582341765
2025-07-28 11:00:00,7,28,월요일,11,2.3400059994000593
2025-07-28 12:00:00,7,28,월요일,12,2.46935306469353
2025-07-28 13:00:00,7,28,월요일,13,2.375282471752824
2025-07-28 14:00:00,7,28,월요일,14,2.4458354164583533
2025-07-28 15:00:00,7,28,월요일,15,2.681011898810118
2025-07-28 16:00:00,7,28,월요일,16,2.9161883811618834
2025-07-28 17:00:00,7,28,월요일,17,3.198400159984001
2025-07-28 18:00:00,7,28,월요일,18,2.9867413258674125
2025-07-28 19:00:00,7,28,월요일,19,2.5399060093990595
2025-07-28 20:00:00,7,28,월요일,20,2.128347165283471
2025-07-28 21:00:00,7,28,월요일,21,1.7520647935206477
2025-07-28 22:00:00,7,28,월요일,22,1.481611838816118
2025-07-28 23:00:00,7,28,월요일,23,1.3052294770522945
2025-07-29 00:00:00,7,29,화요일,0,1.052694730526947
2025-07-29 01:00:00,7,29,화요일,1,0.6831316868313168
2025-07-29 02:00:00,7,29,화요일,2,0.5935406459354063
2025-07-29 03:00:00,7,29,화요일,3,0.49275072492750716
2025-07-29 04:00:00,7,29,화요일,4,0.6495350464953503
2025-07-29 05:00:00,7,29,화요일,5,1.1422857714228576
2025-07-29 06:00:00,7,29,화요일,6,1.9038096190380958
2025-07-29 07:00:00,7,29,화요일,7,2.6877312268773115
2025-07-29 08:00:00,7,29,화요일,8,2.9789021097890207
2025-07-29 09:00:00,7,29,화요일,9,2.5533446655334457
2025-07-29 10:00:00,7,29,화요일,10,2.1277872212778717
2025-07-29 11:00:00,7,29,화요일,11,2.2285771422857708
2025-07-29 12:00:00,7,29,화요일,12,2.351764823517648
2025-07-29 13:00:00,7,29,화요일,13,2.2621737826217374
2025-07-29 14:00:00,7,29,화요일,14,2.3293670632936703
2025-07-29 15:00:00,7,29,화요일,15,2.5533446655334457
2025-07-29 16:00:00,7,29,화요일,16,2.777322267773222
2025-07-29 17:00:00,7,29,화요일,17,3.0460953904609536
2025-07-29 18:00:00,7,29,화요일,18,2.844515548445155
2025-07-29 19:00:00,7,29,화요일,19,2.418958104189581
2025-07-29 20:00:00,7,29,화요일,20,2.0269973002699726
2025-07-29 21:00:00,7,29,화요일,21,1.6686331366863312
2025-07-29 22:00:00,7,29,화요일,22,1.4110588941105886
2025-07-29 23:00:00,7,29,화요일,23,1.2430756924307569
2025-07-30 00:00:00,7,30,수요일,0,1.073748625137486
2025-07-30 01:00:00,7,30,수요일,1,0.696794320567943
2025-07-30 02:00:00,7,30,수요일,2,0.6054114588541144
2025-07-30 03:00:00,7,30,수요일,3,0.5026057394260572
2025-07-30 04:00:00,7,30,수요일,4,0.6625257474252573
2025-07-30 05:00:00,7,30,수요일,5,1.1651314868513145
2025-07-30 06:00:00,7,30,수요일,6,1.9418858114188575
2025-07-30 07:00:00,7,30,수요일,7,2.7414858514148577
2025-07-30 08:00:00,7,30,수요일,8,3.038480151984801
2025-07-30 09:00:00,7,30,수요일,9,2.604411558844115
2025-07-30 10:00:00,7,30,수요일,10,2.170342965703429
2025-07-30 11:00:00,7,30,수요일,11,2.273148685131486
2025-07-30 12:00:00,7,30,수요일,12,2.398800119988001
2025-07-30 13:00:00,7,30,수요일,13,2.307417258274172
2025-07-30 14:00:00,7,30,수요일,14,2.3759544045595433
2025-07-30 15:00:00,7,30,수요일,15,2.604411558844115
2025-07-30 16:00:00,7,30,수요일,16,2.8328687131286867
2025-07-30 17:00:00,7,30,수요일,17,3.1070172982701725
2025-07-30 18:00:00,7,30,수요일,18,2.901405859414058
2025-07-30 19:00:00,7,30,수요일,19,2.4673372662733724
2025-07-30 20:00:00,7,30,수요일,20,2.067537246275372
2025-07-30 21:00:00,7,30,수요일,21,1.7020057994200577
2025-07-30 22:00:00,7,30,수요일,22,1.4392800719928003
2025-07-30 23:00:00,7,30,수요일,23,1.267937206279372
2025-07-31 00:00:00,7,31,목요일,0,1.0842755724427555
2025-07-31 01:00:00,7,31,목요일,1,0.7036256374362562
2025-07-31 02:00:00,7,31,목요일,2,0.6113468653134685
2025-07-31 03:00:00,7,31,목요일,3,0.5075332466753324
2025-07-31 04:00:00,7,31,목요일,4,0.6690210978902108
2025-07-31 05:00:00,7,31,목요일,5,1.1765543445655433
2025-07-31 06:00:00,7,31,목요일,6,1.9609239076092386
2025-07-31 07:00:00,7,31,목요일,7,2.768363163683631
2025-07-31 08:00:00,7,31,목요일,8,3.068269173082691
2025-07-31 09:00:00,7,31,목요일,9,2.629945005499449
2025-07-31 10:00:00,7,31,목요일,10,2.191620837916208
2025-07-31 11:00:00,7,31,목요일,11,2.295434456554344
2025-07-31 12:00:00,7,31,목요일,12,2.422317768223177
2025-07-31 13:00:00,7,31,목요일,13,2.3300389961003893
2025-07-31 14:00:00,7,31,목요일,14,2.3992480751924803
2025-07-31 15:00:00,7,31,목요일,15,2.629945005499449
2025-07-31 16:00:00,7,31,목요일,16,2.860641935806419
2025-07-31 17:00:00,7,31,목요일,17,3.137478252174782
2025-07-31 18:00:00,7,31,목요일,18,2.9298510148985097
2025-07-31 19:00:00,7,31,목요일,19,2.491526847315268
2025-07-31 20:00:00,7,31,목요일,20,2.087807219278072
2025-07-31 21:00:00,7,31,목요일,21,1.718692130786921
2025-07-31 22:00:00,7,31,목요일,22,1.4533906609339062
2025-07-31 23:00:00,7,31,목요일,23,1.2803679632036795
2025-08-01 00:00:00,8,1,금요일,0,1.1673632636736322
2025-08-01 01:00:00,8,1,금요일,1,0.7575442455754423
2025-08-01 02:00:00,8,1,금요일,2,0.6581941805819417
2025-08-01 03:00:00,8,1,금요일,3,0.5464253574642535
2025-08-01 04:00:00,8,1,금요일,4,0.7202879712028795
2025-08-01 05:00:00,8,1,금요일,5,1.266713328667133
2025-08-01 06:00:00,8,1,금요일,6,2.111188881111888
2025-08-01 07:00:00,8,1,금요일,7,2.9805019498050185
2025-08-01 08:00:00,8,1,금요일,8,3.303389661033896
2025-08-01 09:00:00,8,1,금요일,9,2.8314768523147675
2025-08-01 10:00:00,8,1,금요일,10,2.3595640435956398
2025-08-01 11:00:00,8,1,금요일,11,2.471332866713328
2025-08-01 12:00:00,8,1,금요일,12,2.607939206079392
2025-08-01 13:00:00,8,1,금요일,13,2.5085891410858907
2025-08-01 14:00:00,8,1,금요일,14,2.5831016898310164
2025-08-01 15:00:00,8,1,금요일,15,2.8314768523147675
2025-08-01 16:00:00,8,1,금요일,16,3.0798520147985196
2025-08-01 17:00:00,8,1,금요일,17,3.377902209779022
2025-08-01 18:00:00,8,1,금요일,18,3.1543645635436453
2025-08-01 19:00:00,8,1,금요일,19,2.682451754824517
2025-08-01 20:00:00,8,1,금요일,20,2.247795220477952
2025-08-01 21:00:00,8,1,금요일,21,1.8503949605039494
2025-08-01 22:00:00,8,1,금요일,22,1.564763523647635
2025-08-01 23:00:00,8,1,금요일,23,1.3784821517848214
2025-08-02 00:00:00,8,2,토요일,0,0.9187581241875807
2025-08-02 01:00:00,8,2,토요일,1,0.5962153784621534
2025-08-02 02:00:00,8,2,토요일,2,0.5180231976802318
2025-08-02 03:00:00,8,2,토요일,3,0.43005699430056976
2025-08-02 04:00:00,8,2,토요일,4,0.5668933106689328
2025-08-02 05:00:00,8,2,토요일,5,0.9969503049695025
2025-08-02 06:00:00,8,2,토요일,6,1.6615838416158375
2025-08-02 07:00:00,8,2,토요일,7,2.345765423457653
2025-08-02 08:00:00,8,2,토요일,8,2.599890010998899
2025-08-02 09:00:00,8,2,토요일,9,2.22847715228477
2025-08-02 10:00:00,8,2,토요일,10,1.8570642935706418
2025-08-02 11:00:00,8,2,토요일,11,1.9450304969503038
2025-08-02 12:00:00,8,2,토요일,12,2.0525447455254464
2025-08-02 13:00:00,8,2,토요일,13,1.9743525647435245
2025-08-02 14:00:00,8,2,토요일,14,2.032996700329966
2025-08-02 15:00:00,8,2,토요일,15,2.22847715228477
2025-08-02 16:00:00,8,2,토요일,16,2.423957604239575
2025-08-02 17:00:00,8,2,토요일,17,2.6585341465853403
2025-08-02 18:00:00,8,2,토요일,18,2.4826017398260163
2025-08-02 19:00:00,8,2,토요일,19,2.1111888811118877
2025-08-02 20:00:00,8,2,토요일,20,1.76909809019098
2025-08-02 21:00:00,8,2,토요일,21,1.456329367063293
2025-08-02 22:00:00,8,2,토요일,22,1.2315268473152678
2025-08-02 23:00:00,8,2,토요일,23,1.0849165083491648
2025-08-03 00:00:00,8,3,일요일,0,0.810668933106689
2025-08-03 01:00:00,8,3,일요일,1,0.5260723927607237
2025-08-03 02:00:00,8,3,일요일,2,0.4570792920707928
2025-08-03 03:00:00,8,3,일요일,3,0.3794620537946204
2025-08-03 04:00:00,8,3,일요일,4,0.5001999800019996
2025-08-03 05:00:00,8,3,일요일,5,0.8796620337966201
2025-08-03 06:00:00,8,3,일요일,6,1.4661033896610334
2025-08-03 07:00:00,8,3,일요일,7,2.0697930206979294
2025-08-03 08:00:00,8,3,일요일,8,2.2940205979402055
2025-08-03 09:00:00,8,3,일요일,9,1.9663033696630328
2025-08-03 10:00:00,8,3,일요일,10,1.6385861413858607
2025-08-03 11:00:00,8,3,일요일,11,1.716203379662033
2025-08-03 12:00:00,8,3,일요일,12,1.8110688931106884
2025-08-03 13:00:00,8,3,일요일,13,1.7420757924207573
2025-08-03 14:00:00,8,3,일요일,14,1.7938206179382055
2025-08-03 15:00:00,8,3,일요일,15,1.9663033696630328
2025-08-03 16:00:00,8,3,일요일,16,2.1387861213878607
2025-08-03 17:00:00,8,3,일요일,17,2.3457654234576535
2025-08-03 18:00:00,8,3,일요일,18,2.1905309469053087
2025-08-03 19:00:00,8,3,일요일,19,1.8628137186281366
2025-08-03 20:00:00,8,3,일요일,20,1.5609689031096885
2025-08-03 21:00:00,8,3,일요일,21,1.2849965003499646
2025-08-03 22:00:00,8,3,일요일,22,1.0866413358664129
2025-08-03 23:00:00,8,3,일요일,23,0.9572792720727925
2025-08-04 00:00:00,8,4,월요일,0,1.1349365063493646
2025-08-04 01:00:00,8,4,월요일,1,0.7365013498650131
2025-08-04 02:00:00,8,4,월요일,2,0.6399110088991098
2025-08-04 03:00:00,8,4,월요일,3,0.5312468753124685
2025-08-04 04:00:00,8,4,월요일,4,0.7002799720027993
2025-08-04 05:00:00,8,4,월요일,5,1.231526847315268
2025-08-04 06:00:00,8,4,월요일,6,2.0525447455254464
2025-08-04 07:00:00,8,4,월요일,7,2.897710228977101
2025-08-04 08:00:00,8,4,월요일,8,3.2116288371162875
2025-08-04 09:00:00,8,4,월요일,9,2.7528247175282456
2025-08-04 10:00:00,8,4,월요일,10,2.2940205979402046
2025-08-04 11:00:00,8,4,월요일,11,2.402684731526846
2025-08-04 12:00:00,8,4,월요일,12,2.5354964503549637
2025-08-04 13:00:00,8,4,월요일,13,2.43890610938906
2025-08-04 14:00:00,8,4,월요일,14,2.5113488651134874
2025-08-04 15:00:00,8,4,월요일,15,2.7528247175282456
2025-08-04 16:00:00,8,4,월요일,16,2.9943005699430048
2025-08-04 17:00:00,8,4,월요일,17,3.284071592840715
2025-08-04 18:00:00,8,4,월요일,18,3.0667433256674324
2025-08-04 19:00:00,8,4,월요일,19,2.6079392060793913
2025-08-04 20:00:00,8,4,월요일,20,2.1853564643535637
2025-08-04 21:00:00,8,4,월요일,21,1.7989951004899503
2025-08-04 22:00:00,8,4,월요일,22,1.521297870212978
2025-08-04 23:00:00,8,4,월요일,23,1.3401909809019095
2025-08-05 00:00:00,8,5,화요일,0,1.0808919108089186
2025-08-05 01:00:00,8,5,화요일,1,0.7014298570142983
2025-08-05 02:00:00,8,5,화요일,2,0.6094390560943903
2025-08-05 03:00:00,8,5,화요일,3,0.5059494050594939
2025-08-05 04:00:00,8,5,화요일,4,0.6669333066693328
2025-08-05 05:00:00,8,5,화요일,5,1.1728827117288267
2025-08-05 06:00:00,8,5,화요일,6,1.9548045195480446
2025-08-05 07:00:00,8,5,화요일,7,2.759724027597239
2025-08-05 08:00:00,8,5,화요일,8,3.0586941305869404
2025-08-05 09:00:00,8,5,화요일,9,2.621737826217377
2025-08-05 10:00:00,8,5,화요일,10,2.1847815218478144
2025-08-05 11:00:00,8,5,화요일,11,2.2882711728827108
2025-08-05 12:00:00,8,5,화요일,12,2.4147585241475844
2025-08-05 13:00:00,8,5,화요일,13,2.322767723227676
2025-08-05 14:00:00,8,5,화요일,14,2.391760823917607
2025-08-05 15:00:00,8,5,화요일,15,2.621737826217377
2025-08-05 16:00:00,8,5,화요일,16,2.851714828517147
2025-08-05 17:00:00,8,5,화요일,17,3.1276872312768718
2025-08-05 18:00:00,8,5,화요일,18,2.9207079292070786
2025-08-05 19:00:00,8,5,화요일,19,2.4837516248375158
2025-08-05 20:00:00,8,5,화요일,20,2.081291870812918
2025-08-05 21:00:00,8,5,화요일,21,1.7133286671332861
2025-08-05 22:00:00,8,5,화요일,22,1.4488551144885506
2025-08-05 23:00:00,8,5,화요일,23,1.2763723627637233
2025-08-06 00:00:00,8,6,수요일,0,1.102509749025097
2025-08-06 01:00:00,8,6,수요일,1,0.7154584541545843
2025-08-06 02:00:00,8,6,수요일,2,0.6216278372162782
2025-08-06 03:00:00,8,6,수요일,3,0.5160683931606838
2025-08-06 04:00:00,8,6,수요일,4,0.6802719728027194
2025-08-06 05:00:00,8,6,수요일,5,1.1963403659634033
2025-08-06 06:00:00,8,6,수요일,6,1.9939006099390055
2025-08-06 07:00:00,8,6,수요일,7,2.814918508149184
2025-08-06 08:00:00,8,6,수요일,8,3.1198680131986793
2025-08-06 09:00:00,8,6,수요일,9,2.6741725827417246
2025-08-06 10:00:00,8,6,수요일,10,2.2284771522847704
2025-08-06 11:00:00,8,6,수요일,11,2.334036596340365
2025-08-06 12:00:00,8,6,수요일,12,2.463053694630536
2025-08-06 13:00:00,8,6,수요일,13,2.36922307769223
2025-08-06 14:00:00,8,6,수요일,14,2.4395960403959593
2025-08-06 15:00:00,8,6,수요일,15,2.6741725827417246
2025-08-06 16:00:00,8,6,수요일,16,2.9087491250874904
2025-08-06 17:00:00,8,6,수요일,17,3.1902409759024093
2025-08-06 18:00:00,8,6,수요일,18,2.97912208779122
2025-08-06 19:00:00,8,6,수요일,19,2.533426657334266
2025-08-06 20:00:00,8,6,수요일,20,2.1229177082291764
2025-08-06 21:00:00,8,6,수요일,21,1.7475952404759518
2025-08-06 22:00:00,8,6,수요일,22,1.4778322167783216
2025-08-06 23:00:00,8,6,수요일,23,1.3018998100189978
2025-08-07 00:00:00,8,7,목요일,0,1.1133186681331864
2025-08-07 01:00:00,8,7,목요일,1,0.7224727527247273
2025-08-07 02:00:00,8,7,목요일,2,0.6277222277772221
2025-08-07 03:00:00,8,7,목요일,3,0.5211278872112787
2025-08-07 04:00:00,8,7,목요일,4,0.6869413058694128
2025-08-07 05:00:00,8,7,목요일,5,1.2080691930806917
2025-08-07 06:00:00,8,7,목요일,6,2.013448655134486
2025-08-07 07:00:00,8,7,목요일,7,2.8425157484251566
2025-08-07 08:00:00,8,7,목요일,8,3.150454954504549
2025-08-07 09:00:00,8,7,목요일,9,2.7003899610038986
2025-08-07 10:00:00,8,7,목요일,10,2.2503249675032486
2025-08-07 11:00:00,8,7,목요일,11,2.3569193080691924
2025-08-07 12:00:00,8,7,목요일,12,2.487201279872012
2025-08-07 13:00:00,8,7,목요일,13,2.3924507549245067
2025-08-07 14:00:00,8,7,목요일,14,2.4635136486351357
2025-08-07 15:00:00,8,7,목요일,15,2.7003899610038986
2025-08-07 16:00:00,8,7,목요일,16,2.937266273372662
2025-08-07 17:00:00,8,7,목요일,17,3.221517848215178
2025-08-07 18:00:00,8,7,목요일,18,3.008329167083291
2025-08-07 19:00:00,8,7,목요일,19,2.558264173582641
2025-08-07 20:00:00,8,7,목요일,20,2.1437306269373058
2025-08-07 21:00:00,8,7,목요일,21,1.7647285271472848
2025-08-07 22:00:00,8,7,목요일,22,1.4923207679232071
2025-08-07 23:00:00,8,7,목요일,23,1.314663533646635
2025-08-08 00:00:00,8,8,금요일,0,1.1673632636736322
2025-08-08 01:00:00,8,8,금요일,1,0.7575442455754423
2025-08-08 02:00:00,8,8,금요일,2,0.6581941805819417
2025-08-08 03:00:00,8,8,금요일,3,0.5464253574642535
2025-08-08 04:00:00,8,8,금요일,4,0.7202879712028795
2025-08-08 05:00:00,8,8,금요일,5,1.266713328667133
2025-08-08 06:00:00,8,8,금요일,6,2.111188881111888
2025-08-08 07:00:00,8,8,금요일,7,2.9805019498050185
2025-08-08 08:00:00,8,8,금요일,8,3.303389661033896
2025-08-08 09:00:00,8,8,금요일,9,2.8314768523147675
2025-08-08 10:00:00,8,8,금요일,10,2.3595640435956398
2025-08-08 11:00:00,8,8,금요일,11,2.471332866713328
2025-08-08 12:00:00,8,8,금요일,12,2.607939206079392
2025-08-08 13:00:00,8,8,금요일,13,2.5085891410858907
2025-08-08 14:00:00,8,8,금요일,14,2.5831016898310164
2025-08-08 15:00:00,8,8,금요일,15,2.8314768523147675
2025-08-08 16:00:00,8,8,금요일,16,3.0798520147985196
2025-08-08 17:00:00,8,8,금요일,17,3.377902209779022
2025-08-08 18:00:00,8,8,금요일,18,3.1543645635436453
2025-08-08 19:00:00,8,8,금요일,19,2.682451754824517
2025-08-08 20:00:00,8,8,금요일,20,2.247795220477952
2025-08-08 21:00:00,8,8,금요일,21,1.8503949605039494
2025-08-08 22:00:00,8,8,금요일,22,1.564763523647635
2025-08-08 23:00:00,8,8,금요일,23,1.3784821517848214
2025-08-09 00:00:00,8,9,토요일,0,0.9187581241875807
2025-08-09 01:00:00,8,9,토요일,1,0.5962153784621534
2025-08-09 02:00:00,8,9,토요일,2,0.5180231976802318
2025-08-09 03:00:00,8,9,토요일,3,0.43005699430056976
2025-08-09 04:00:00,8,9,토요일,4,0.5668933106689328
2025-08-09 05:00:00,8,9,토요일,5,0.9969503049695025
2025-08-09 06:00:00,8,9,토요일,6,1.6615838416158375
2025-08-09 07:00:00,8,9,토요일,7,2.345765423457653
2025-08-09 08:00:00,8,9,토요일,8,2.599890010998899
2025-08-09 09:00:00,8,9,토요일,9,2.22847715228477
2025-08-09 10:00:00,8,9,토요일,10,1.8570642935706418
2025-08-09 11:00:00,8,9,토요일,11,1.9450304969503038
2025-08-09 12:00:00,8,9,토요일,12,2.0525447455254464
2025-08-09 13:00:00,8,9,토요일,13,1.9743525647435245
2025-08-09 14:00:00,8,9,토요일,14,2.032996700329966
2025-08-09 15:00:00,8,9,토요일,15,2.22847715228477
2025-08-09 16:00:00,8,9,토요일,16,2.423957604239575
2025-08-09 17:00:00,8,9,토요일,17,2.6585341465853403
2025-08-09 18:00:00,8,9,토요일,18,2.4826017398260163
2025-08-09 19:00:00,8,9,토요일,19,2.1111888811118877
2025-08-09 20:00:00,8,9,토요일,20,1.76909809019098
2025-08-09 21:00:00,8,9,토요일,21,1.456329367063293
2025-08-09 22:00:00,8,9,토요일,22,1.2315268473152678
2025-08-09 23:00:00,8,9,토요일,23,1.0849165083491648
2025-08-10 00:00:00,8,10,일요일,0,0.810668933106689
2025-08-10 01:00:00,8,10,일요일,1,0.5260723927607237
2025-08-10 02:00:00,8,10,일요일,2,0.4570792920707928
2025-08-10 03:00:00,8,10,일요일,3,0.3794620537946204
2025-08-10 04:00:00,8,10,일요일,4,0.5001999800019996
2025-08-10 05:00:00,8,10,일요일,5,0.8796620337966201
2025-08-10 06:00:00,8,10,일요일,6,1.4661033896610334
2025-08-10 07:00:00,8,10,일요일,7,2.0697930206979294
2025-08-10 08:00:00,8,10,일요일,8,2.2940205979402055
2025-08-10 09:00:00,8,10,일요일,9,1.9663033696630328
2025-08-10 10:00:00,8,10,일요일,10,1.6385861413858607
2025-08-10 11:00:00,8,10,일요일,11,1.716203379662033
2025-08-10 12:00:00,8,10,일요일,12,1.8110688931106884
2025-08-10 13:00:00,8,10,일요일,13,1.7420757924207573
2025-08-10 14:00:00,8,10,일요일,14,1.7938206179382055
2025-08-10 15:00:00,8,10,일요일,15,1.9663033696630328
2025-08-10 16:00:00,8,10,일요일,16,2.1387861213878607
2025-08-10 17:00:00,8,10,일요일,17,2.3457654234576535
2025-08-10 18:00:00,8,10,일요일,18,2.1905309469053087
2025-08-10 19:00:00,8,10,일요일,19,1.8628137186281366
2025-08-10 20:00:00,8,10,일요일,20,1.5609689031096885
2025-08-10 21:00:00,8,10,일요일,21,1.2849965003499646
2025-08-10 22:00:00,8,10,일요일,22,1.0866413358664129
2025-08-10 23:00:00,8,10,일요일,23,0.9572792720727925
2025-08-11 00:00:00,8,11,월요일,0,1.1349365063493646
2025-08-11 01:00:00,8,11,월요일,1,0.7365013498650131
2025-08-11 02:00:00,8,11,월요일,2,0.6399110088991098
2025-08-11 03:00:00,8,11,월요일,3,0.5312468753124685
2025-08-11 04:00:00,8,11,월요일,4,0.7002799720027993
2025-08-11 05:00:00,8,11,월요일,5,1.231526847315268
2025-08-11 06:00:00,8,11,월요일,6,2.0525447455254464
2025-08-11 07:00:00,8,11,월요일,7,2.897710228977101
2025-08-11 08:00:00,8,11,월요일,8,3.2116288371162875
2025-08-11 09:00:00,8,11,월요일,9,2.7528247175282456
2025-08-11 10:00:00,8,11,월요일,10,2.2940205979402046
2025-08-11 11:00:00,8,11,월요일,11,2.402684731526846
2025-08-11 12:00:00,8,11,월요일,12,2.5354964503549637
2025-08-11 13:00:00,8,11,월요일,13,2.43890610938906
2025-08-11 14:00:00,8,11,월요일,14,2.5113488651134874
2025-08-11 15:00:00,8,11,월요일,15,2.7528247175282456
2025-08-11 16:00:00,8,11,월요일,16,2.9943005699430048
2025-08-11 17:00:00,8,11,월요일,17,3.284071592840715
2025-08-11 18:00:00,8,11,월요일,18,3.0667433256674324
2025-08-11 19:00:00,8,11,월요일,19,2.6079392060793913
2025-08-11 20:00:00,8,11,월요일,20,2.1853564643535637
2025-08-11 21:00:00,8,11,월요일,21,1.7989951004899503
2025-08-11 22:00:00,8,11,월요일,22,1.521297870212978
2025-08-11 23:00:00,8,11,월요일,23,1.3401909809019095
2025-08-12 00:00:00,8,12,화요일,0,1.0808919108089186
2025-08-12 01:00:00,8,12,화요일,1,0.7014298570142983
2025-08-12 02:00:00,8,12,화요일,2,0.6094390560943903
2025-08-12 03:00:00,8,12,화요일,3,0.5059494050594939
2025-08-12 04:00:00,8,12,화요일,4,0.6669333066693328
2025-08-12 05:00:00,8,12,화요일,5,1.1728827117288267
2025-08-12 06:00:00,8,12,화요일,6,1.9548045195480446
2025-08-12 07:00:00,8,12,화요일,7,2.759724027597239
2025-08-12 08:00:00,8,12,화요일,8,3.0586941305869404
2025-08-12 09:00:00,8,12,화요일,9,2.621737826217377
2025-08-12 10:00:00,8,12,화요일,10,2.1847815218478144
2025-08-12 11:00:00,8,12,화요일,11,2.2882711728827108
2025-08-12 12:00:00,8,12,화요일,12,2.4147585241475844
2025-08-12 13:00:00,8,12,화요일,13,2.322767723227676
2025-08-12 14:00:00,8,12,화요일,14,2.391760823917607
2025-08-12 15:00:00,8,12,화요일,15,2.621737826217377
2025-08-12 16:00:00,8,12,화요일,16,2.851714828517147
2025-08-12 17:00:00,8,12,화요일,17,3.1276872312768718
2025-08-12 18:00:00,8,12,화요일,18,2.9207079292070786
2025-08-12 19:00:00,8,12,화요일,19,2.4837516248375158
2025-08-12 20:00:00,8,12,화요일,20,2.081291870812918
2025-08-12 21:00:00,8,12,화요일,21,1.7133286671332861
2025-08-12 22:00:00,8,12,화요일,22,1.4488551144885506
2025-08-12 23:00:00,8,12,화요일,23,1.2763723627637233
2025-08-13 00:00:00,8,13,수요일,0,1.102509749025097
2025-08-13 01:00:00,8,13,수요일,1,0.7154584541545843
2025-08-13 02:00:00,8,13,수요일,2,0.6216278372162782
2025-08-13 03:00:00,8,13,수요일,3,0.5160683931606838
2025-08-13 04:00:00,8,13,수요일,4,0.6802719728027194
2025-08-13 05:00:00,8,13,수요일,5,1.1963403659634033
2025-08-13 06:00:00,8,13,수요일,6,1.9939006099390055
2025-08-13 07:00:00,8,13,수요일,7,2.814918508149184
2025-08-13 08:00:00,8,13,수요일,8,3.1198680131986793
2025-08-13 09:00:00,8,13,수요일,9,2.6741725827417246
2025-08-13 10:00:00,8,13,수요일,10,2.2284771522847704
2025-08-13 11:00:00,8,13,수요일,11,2.334036596340365
2025-08-13 12:00:00,8,13,수요일,12,2.463053694630536
2025-08-13 13:00:00,8,13,수요일,13,2.36922307769223
2025-08-13 14:00:00,8,13,수요일,14,2.4395960403959593
2025-08-13 15:00:00,8,13,수요일,15,2.6741725827417246
2025-08-13 16:00:00,8,13,수요일,16,2.9087491250874904
2025-08-13 17:00:00,8,13,수요일,17,3.1902409759024093
2025-08-13 18:00:00,8,13,수요일,18,2.97912208779122
2025-08-13 19:00:00,8,13,수요일,19,2.533426657334266
2025-08-13 20:00:00,8,13,수요일,20,2.1229177082291764
2025-08-13 21:00:00,8,13,수요일,21,1.7475952404759518
2025-08-13 22:00:00,8,13,수요일,22,1.4778322167783216
2025-08-13 23:00:00,8,13,수요일,23,1.3018998100189978
2025-08-14 00:00:00,8,14,목요일,0,1.1133186681331864
2025-08-14 01:00:00,8,14,목요일,1,0.7224727527247273
2025-08-14 02:00:00,8,14,목요일,2,0.6277222277772221
2025-08-14 03:00:00,8,14,목요일,3,0.5211278872112787
2025-08-14 04:00:00,8,14,목요일,4,0.6869413058694128
2025-08-14 05:00:00,8,14,목요일,5,1.2080691930806917
2025-08-14 06:00:00,8,14,목요일,6,2.013448655134486
2025-08-14 07:00:00,8,14,목요일,7,2.8425157484251566
2025-08-14 08:00:00,8,14,목요일,8,3.150454954504549
2025-08-14 09:00:00,8,14,목요일,9,2.7003899610038986
2025-08-14 10:00:00,8,14,목요일,10,2.2503249675032486
2025-08-14 11:00:00,8,14,목요일,11,2.3569193080691924
2025-08-14 12:00:00,8,14,목요일,12,2.487201279872012
2025-08-14 13:00:00,8,14,목요일,13,2.3924507549245067
2025-08-14 14:00:00,8,14,목요일,14,2.4635136486351357
2025-08-14 15:00:00,8,14,목요일,15,2.7003899610038986
2025-08-14 16:00:00,8,14,목요일,16,2.937266273372662
2025-08-14 17:00:00,8,14,목요일,17,3.221517848215178
2025-08-14 18:00:00,8,14,목요일,18,3.008329167083291
2025-08-14 19:00:00,8,14,목요일,19,2.558264173582641
2025-08-14 20:00:00,8,14,목요일,20,2.1437306269373058
2025-08-14 21:00:00,8,14,목요일,21,1.7647285271472848
2025-08-14 22:00:00,8,14,목요일,22,1.4923207679232071
2025-08-14 23:00:00,8,14,목요일,23,1.314663533646635
2025-08-15 00:00:00,8,15,금요일,0,1.1673632636736322
2025-08-15 01:00:00,8,15,금요일,1,0.7575442455754423
2025-08-15 02:00:00,8,15,금요일,2,0.6581941805819417
2025-08-15 03:00:00,8,15,금요일,3,0.5464253574642535
2025-08-15 04:00:00,8,15,금요일,4,0.7202879712028795
2025-08-15 05:00:00,8,15,금요일,5,1.266713328667133
2025-08-15 06:00:00,8,15,금요일,6,2.111188881111888
2025-08-15 07:00:00,8,15,금요일,7,2.9805019498050185
2025-08-15 08:00:00,8,15,금요일,8,3.303389661033896
2025-08-15 09:00:00,8,15,금요일,9,2.8314768523147675
2025-08-15 10:00:00,8,15,금요일,10,2.3595640435956398
2025-08-15 11:00:00,8,15,금요일,11,2.471332866713328
2025-08-15 12:00:00,8,15,금요일,12,2.607939206079392
2025-08-15 13:00:00,8,15,금요일,13,2.5085891410858907
2025-08-15 14:00:00,8,15,금요일,14,2.5831016898310164
2025-08-15 15:00:00,8,15,금요일,15,2.8314768523147675
2025-08-15 16:00:00,8,15,금요일,16,3.0798520147985196
2025-08-15 17:00:00,8,15,금요일,17,3.377902209779022
2025-08-15 18:00:00,8,15,금요일,18,3.1543645635436453
2025-08-15 19:00:00,8,15,금요일,19,2.682451754824517
2025-08-15 20:00:00,8,15,금요일,20,2.247795220477952
2025-08-15 21:00:00,8,15,금요일,21,1.8503949605039494
2025-08-15 22:00:00,8,15,금요일,22,1.564763523647635
2025-08-15 23:00:00,8,15,금요일,23,1.3784821517848214
2025-08-16 00:00:00,8,16,토요일,0,0.9187581241875807
2025-08-16 01:00:00,8,16,토요일,1,0.5962153784621534
2025-08-16 02:00:00,8,16,토요일,2,0.5180231976802318
2025-08-16 03:00:00,8,16,토요일,3,0.43005699430056976
2025-08-16 04:00:00,8,16,토요일,4,0.5668933106689328
2025-08-16 05:00:00,8,16,토요일,5,0.9969503049695025
2025-08-16 06:00:00,8,16,토요일,6,1.6615838416158375
2025-08-16 07:00:00,8,16,토요일,7,2.345765423457653
2025-08-16 08:00:00,8,16,토요일,8,2.599890010998899
2025-08-16 09:00:00,8,16,토요일,9,2.22847715228477
2025-08-16 10:00:00,8,16,토요일,10,1.8570642935706418
2025-08-16 11:00:00,8,16,토요일,11,1.9450304969503038
2025-08-16 12:00:00,8,16,토요일,12,2.0525447455254464
2025-08-16 13:00:00,8,16,토요일,13,1.9743525647435245
2025-08-16 14:00:00,8,16,토요일,14,2.032996700329966
2025-08-16 15:00:00,8,16,토요일,15,2.22847715228477
2025-08-16 16:00:00,8,16,토요일,16,2.423957604239575
2025-08-16 17:00:00,8,16,토요일,17,2.6585341465853403
2025-08-16 18:00:00,8,16,토요일,18,2.4826017398260163
2025-08-16 19:00:00,8,16,토요일,19,2.1111888811118877
2025-08-16 20:00:00,8,16,토요일,20,1.76909809019098
2025-08-16 21:00:00,8,16,토요일,21,1.456329367063293
2025-08-16 22:00:00,8,16,토요일,22,1.2315268473152678
2025-08-16 23:00:00,8,16,토요일,23,1.0849165083491648
2025-08-17 00:00:00,8,17,일요일,0,0.810668933106689
2025-08-17 01:00:00,8,17,일요일,1,0.5260723927607237
2025-08-17 02:00:00,8,17,일요일,2,0.4570792920707928
2025-08-17 03:00:00,8,17,일요일,3,0.3794620537946204
2025-08-17 04:00:00,8,17,일요일,4,0.5001999800019996
2025-08-17 05:00:00,8,17,일요일,5,0.8796620337966201
2025-08-17 06:00:00,8,17,일요일,6,1.4661033896610334
2025-08-17 07:00:00,8,17,일요일,7,2.0697930206979294
2025-08-17 08:00:00,8,17,일요일,8,2.2940205979402055
2025-08-17 09:00:00,8,17,일요일,9,1.9663033696630328
2025-08-17 10:00:00,8,17,일요일,10,1.6385861413858607
2025-08-17 11:00:00,8,17,일요일,11,1.716203379662033
2025-08-17 12:00:00,8,17,일요일,12,1.8110688931106884
2025-08-17 13:00:00,8,17,일요일,13,1.7420757924207573
2025-08-17 14:00:00,8,17,일요일,14,1.7938206179382055
2025-08-17 15:00:00,8,17,일요일,15,1.9663033696630328
2025-08-17 16:00:00,8,17,일요일,16,2.1387861213878607
2025-08-17 17:00:00,8,17,일요일,17,2.3457654234576535
2025-08-17 18:00:00,8,17,일요일,18,2.1905309469053087
2025-08-17 19:00:00,8,17,일요일,19,1.8628137186281366
2025-08-17 20:00:00,8,17,일요일,20,1.5609689031096885
2025-08-17 21:00:00,8,17,일요일,21,1.2849965003499646
2025-08-17 22:00:00,8,17,일요일,22,1.0866413358664129
2025-08-17 23:00:00,8,17,일요일,23,0.9572792720727925
2025-08-18 00:00:00,8,18,월요일,0,1.1349365063493646
2025-08-18 01:00:00,8,18,월요일,1,0.7365013498650131
2025-08-18 02:00:00,8,18,월요일,2,0.6399110088991098
2025-08-18 03:00:00,8,18,월요일,3,0.5312468753124685
2025-08-18 04:00:00,8,18,월요일,4,0.7002799720027993
2025-08-18 05:00:00,8,18,월요일,5,1.231526847315268
2025-08-18 06:00:00,8,18,월요일,6,2.0525447455254464
2025-08-18 07:00:00,8,18,월요일,7,2.897710228977101
2025-08-18 08:00:00,8,18,월요일,8,3.2116288371162875
2025-08-18 09:00:00,8,18,월요일,9,2.7528247175282456
2025-08-18 10:00:00,8,18,월요일,10,2.2940205979402046
2025-08-18 11:00:00,8,18,월요일,11,2.402684731526846
2025-08-18 12:00:00,8,18,월요일,12,2.5354964503549637
2025-08-18 13:00:00,8,18,월요일,13,2.43890610938906
2025-08-18 14:00:00,8,18,월요일,14,2.5113488651134874
2025-08-18 15:00:00,8,18,월요일,15,2.7528247175282456
2025-08-18 16:00:00,8,18,월요일,16,2.9943005699430048
2025-08-18 17:00:00,8,18,월요일,17,3.284071592840715
2025-08-18 18:00:00,8,18,월요일,18,3.0667433256674324
2025-08-18 19:00:00,8,18,월요일,19,2.6079392060793913
2025-08-18 20:00:00,8,18,월요일,20,2.1853564643535637
2025-08-18 21:00:00,8,18,월요일,21,1.7989951004899503
2025-08-18 22:00:00,8,18,월요일,22,1.521297870212978
2025-08-18 23:00:00,8,18,월요일,23,1.3401909809019095
2025-08-19 00:00:00,8,19,화요일,0,1.0808919108089186
2025-08-19 01:00:00,8,19,화요일,1,0.7014298570142983
2025-08-19 02:00:00,8,19,화요일,2,0.6094390560943903
2025-08-19 03:00:00,8,19,화요일,3,0.5059494050594939
2025-08-19 04:00:00,8,19,화요일,4,0.6669333066693328
2025-08-19 05:00:00,8,19,화요일,5,1.1728827117288267
2025-08-19 06:00:00,8,19,화요일,6,1.9548045195480446
2025-08-19 07:00:00,8,19,화요일,7,2.759724027597239
2025-08-19 08:00:00,8,19,화요일,8,3.0586941305869404
2025-08-19 09:00:00,8,19,화요일,9,2.621737826217377
2025-08-19 10:00:00,8,19,화요일,10,2.1847815218478144
2025-08-19 11:00:00,8,19,화요일,11,2.2882711728827108
2025-08-19 12:00:00,8,19,화요일,12,2.4147585241475844
2025-08-19 13:00:00,8,19,화요일,13,2.322767723227676
2025-08-19 14:00:00,8,19,화요일,14,2.391760823917607
2025-08-19 15:00:00,8,19,화요일,15,2.621737826217377
2025-08-19 16:00:00,8,19,화요일,16,2.851714828517147
2025-08-19 17:00:00,8,19,화요일,17,3.1276872312768718
2025-08-19 18:00:00,8,19,화요일,18,2.9207079292070786
2025-08-19 19:00:00,8,19,화요일,19,2.4837516248375158
2025-08-19 20:00:00,8,19,화요일,20,2.081291870812918
2025-08-19 21:00:00,8,19,화요일,21,1.7133286671332861
2025-08-19 22:00:00,8,19,화요일,22,1.4488551144885506
2025-08-19 23:00:00,8,19,화요일,23,1.2763723627637233
2025-08-20 00:00:00,8,20,수요일,0,1.102509749025097
2025-08-20 01:00:00,8,20,수요일,1,0.7154584541545843
2025-08-20 02:00:00,8,20,수요일,2,0.6216278372162782
2025-08-20 03:00:00,8,20,수요일,3,0.5160683931606838
2025-08-20 04:00:00,8,20,수요일,4,0.6802719728027194
2025-08-20 05:00:00,8,20,수요일,5,1.1963403659634033
2025-08-20 06:00:00,8,20,수요일,6,1.9939006099390055
2025-08-20 07:00:00,8,20,수요일,7,2.814918508149184
2025-08-20 08:00:00,8,20,수요일,8,3.1198680131986793
2025-08-20 09:00:00,8,20,수요일,9,2.6741725827417246
2025-08-20 10:00:00,8,20,수요일,10,2.2284771522847704
2025-08-20 11:00:00,8,20,수요일,11,2.334036596340365
2025-08-20 12:00:00,8,20,수요일,12,2.463053694630536
2025-08-20 13:00:00,8,20,수요일,13,2.36922307769223
2025-08-20 14:00:00,8,20,수요일,14,2.4395960403959593
2025-08-20 15:00:00,8,20,수요일,15,2.6741725827417246
2025-08-20 16:00:00,8,20,수요일,16,2.9087491250874904
2025-08-20 17:00:00,8,20,수요일,17,3.1902409759024093
2025-08-20 18:00:00,8,20,수요일,18,2.97912208779122
2025-08-20 19:00:00,8,20,수요일,19,2.533426657334266
2025-08-20 20:00:00,8,20,수요일,20,2.1229177082291764
2025-08-20 21:00:00,8,20,수요일,21,1.7475952404759518
2025-08-20 22:00:00,8,20,수요일,22,1.4778322167783216
2025-08-20 23:00:00,8,20,수요일,23,1.3018998100189978
2025-08-21 00:00:00,8,21,목요일,0,1.1133186681331864
2025-08-21 01:00:00,8,21,목요일,1,0.7224727527247273
2025-08-21 02:00:00,8,21,목요일,2,0.6277222277772221
2025-08-21 03:00:00,8,21,목요일,3,0.5211278872112787
2025-08-21 04:00:00,8,21,목요일,4,0.6869413058694128
2025-08-21 05:00:00,8,21,목요일,5,1.2080691930806917
2025-08-21 06:00:00,8,21,목요일,6,2.013448655134486
2025-08-21 07:00:00,8,21,목요일,7,2.8425157484251566
2025-08-21 08:00:00,8,21,목요일,8,3.150454954504549
2025-08-21 09:00:00,8,21,목요일,9,2.7003899610038986
2025-08-21 10:00:00,8,21,목요일,10,2.2503249675032486
2025-08-21 11:00:00,8,21,목요일,11,2.3569193080691924
2025-08-21 12:00:00,8,21,목요일,12,2.487201279872012
2025-08-21 13:00:00,8,21,목요일,13,2.3924507549245067
2025-08-21 14:00:00,8,21,목요일,14,2.4635136486351357
2025-08-21 15:00:00,8,21,목요일,15,2.7003899610038986
2025-08-21 16:00:00,8,21,목요일,16,2.937266273372662
2025-08-21 17:00:00,8,21,목요일,17,3.221517848215178
2025-08-21 18:00:00,8,21,목요일,18,3.008329167083291
2025-08-21 19:00:00,8,21,목요일,19,2.558264173582641
2025-08-21 20:00:00,8,21,목요일,20,2.1437306269373058
2025-08-21 21:00:00,8,21,목요일,21,1.7647285271472848
2025-08-21 22:00:00,8,21,목요일,22,1.4923207679232071
2025-08-21 23:00:00,8,21,목요일,23,1.314663533646635
2025-08-22 00:00:00,8,22,금요일,0,1.1673632636736322
2025-08-22 01:00:00,8,22,금요일,1,0.7575442455754423
2025-08-22 02:00:00,8,22,금요일,2,0.6581941805819417
2025-08-22 03:00:00,8,22,금요일,3,0.5464253574642535
2025-08-22 04:00:00,8,22,금요일,4,0.7202879712028795
2025-08-22 05:00:00,8,22,금요일,5,1.266713328667133
2025-08-22 06:00:00,8,22,금요일,6,2.111188881111888
2025-08-22 07:00:00,8,22,금요일,7,2.9805019498050185
2025-08-22 08:00:00,8,22,금요일,8,3.303389661033896
2025-08-22 09:00:00,8,22,금요일,9,2.8314768523147675
2025-08-22 10:00:00,8,22,금요일,10,2.3595640435956398
2025-08-22 11:00:00,8,22,금요일,11,2.471332866713328
2025-08-22 12:00:00,8,22,금요일,12,2.607939206079392
2025-08-22 13:00:00,8,22,금요일,13,2.5085891410858907
2025-08-22 14:00:00,8,22,금요일,14,2.5831016898310164
2025-08-22 15:00:00,8,22,금요일,15,2.8314768523147675
2025-08-22 16:00:00,8,22,금요일,16,3.0798520147985196
2025-08-22 17:00:00,8,22,금요일,17,3.377902209779022
2025-08-22 18:00:00,8,22,금요일,18,3.1543645635436453
2025-08-22 19:00:00,8,22,금요일,19,2.682451754824517
2025-08-22 20:00:00,8,22,금요일,20,2.247795220477952
2025-08-22 21:00:00,8,22,금요일,21,1.8503949605039494
2025-08-22 22:00:00,8,22,금요일,22,1.564763523647635
2025-08-22 23:00:00,8,22,금요일,23,1.3784821517848214
2025-08-23 00:00:00,8,23,토요일,0,0.9187581241875807
2025-08-23 01:00:00,8,23,토요일,1,0.5962153784621534
2025-08-23 02:00:00,8,23,토요일,2,0.5180231976802318
2025-08-23 03:00:00,8,23,토요일,3,0.43005699430056976
2025-08-23 04:00:00,8,23,토요일,4,0.5668933106689328
2025-08-23 05:00:00,8,23,토요일,5,0.9969503049695025
2025-08-23 06:00:00,8,23,토요일,6,1.6615838416158375
2025-08-23 07:00:00,8,23,토요일,7,2.345765423457653
2025-08-23 08:00:00,8,23,토요일,8,2.599890010998899
2025-08-23 09:00:00,8,23,토요일,9,2.22847715228477
2025-08-23 10:00:00,8,23,토요일,10,1.8570642935706418
2025-08-23 11:00:00,8,23,토요일,11,1.9450304969503038
2025-08-23 12:00:00,8,23,토요일,12,2.0525447455254464
2025-08-23 13:00:00,8,23,토요일,13,1.9743525647435245
2025-08-23 14:00:00,8,23,토요일,14,2.032996700329966
2025-08-23 15:00:00,8,23,토요일,15,2.22847715228477
2025-08-23 16:00:00,8,23,토요일,16,2.423957604239575
2025-08-23 17:00:00,8,23,토요일,17,2.6585341465853403
2025-08-23 18:00:00,8,23,토요일,18,2.4826017398260163
2025-08-23 19:00:00,8,23,토요일,19,2.1111888811118877
2025-08-23 20:00:00,8,23,토요일,20,1.76909809019098
2025-08-23 21:00:00,8,23,토요일,21,1.456329367063293
2025-08-23 22:00:00,8,23,토요일,22,1.2315268473152678
2025-08-23 23:00:00,8,23,토요일,23,1.0849165083491648
2025-08-24 00:00:00,8,24,일요일,0,0.810668933106689
2025-08-24 01:00:00,8,24,일요일,1,0.5260723927607237
2025-08-24 02:00:00,8,24,일요일,2,0.4570792920707928
2025-08-24 03:00:00,8,24,일요일,3,0.3794620537946204
2025-08-24 04:00:00,8,24,일요일,4,0.5001999800019996
2025-08-24 05:00:00,8,24,일요일,5,0.8796620337966201
2025-08-24 06:00:00,8,24,일요일,6,1.4661033896610334
2025-08-24 07:00:00,8,24,일요일,7,2.0697930206979294
2025-08-24 08:00:00,8,24,일요일,8,2.2940205979402055
2025-08-24 09:00:00,8,24,일요일,9,1.9663033696630328
2025-08-24 10:00:00,8,24,일요일,10,1.6385861413858607
2025-08-24 11:00:00,8,24,일요일,11,1.716203379662033
2025-08-24 12:00:00,8,24,일요일,12,1.8110688931106884
2025-08-24 13:00:00,8,24,일요일,13,1.7420757924207573
2025-08-24 14:00:00,8,24,일요일,14,1.7938206179382055
2025-08-24 15:00:00,8,24,일요일,15,1.9663033696630328
2025-08-24 16:00:00,8,24,일요일,16,2.1387861213878607
2025-08-24 17:00:00,8,24,일요일,17,2.3457654234576535
2025-08-24 18:00:00,8,24,일요일,18,2.1905309469053087
2025-08-24 19:00:00,8,24,일요일,19,1.8628137186281366
2025-08-24 20:00:00,8,24,일요일,20,1.5609689031096885
2025-08-24 21:00:00,8,24,일요일,21,1.2849965003499646
2025-08-24 22:00:00,8,24,일요일,22,1.0866413358664129
2025-08-24 23:00:00,8,24,일요일,23,0.9572792720727925
2025-08-25 00:00:00,8,25,월요일,0,1.1349365063493646
2025-08-25 01:00:00,8,25,월요일,1,0.7365013498650131
2025-08-25 02:00:00,8,25,월요일,2,0.6399110088991098
2025-08-25 03:00:00,8,25,월요일,3,0.5312468753124685
2025-08-25 04:00:00,8,25,월요일,4,0.7002799720027993
2025-08-25 05:00:00,8,25,월요일,5,1.231526847315268
2025-08-25 06:00:00,8,25,월요일,6,2.0525447455254464
2025-08-25 07:00:00,8,25,월요일,7,2.897710228977101
2025-08-25 08:00:00,8,25,월요일,8,3.2116288371162875
2025-08-25 09:00:00,8,25,월요일,9,2.7528247175282456
2025-08-25 10:00:00,8,25,월요일,10,2.2940205979402046
2025-08-25 11:00:00,8,25,월요일,11,2.402684731526846
2025-08-25 12:00:00,8,25,월요일,12,2.5354964503549637
2025-08-25 13:00:00,8,25,월요일,13,2.43890610938906
2025-08-25 14:00:00,8,25,월요일,14,2.5113488651134874
2025-08-25 15:00:00,8,25,월요일,15,2.7528247175282456
2025-08-25 16:00:00,8,25,월요일,16,2.9943005699430048
2025-08-25 17:00:00,8,25,월요일,17,3.284071592840715
2025-08-25 18:00:00,8,25,월요일,18,3.0667433256674324
2025-08-25 19:00:00,8,25,월요일,19,2.6079392060793913
2025-08-25 20:00:00,8,25,월요일,20,2.1853564643535637
2025-08-25 21:00:00,8,25,월요일,21,1.7989951004899503
2025-08-25 22:00:00,8,25,월요일,22,1.521297870212978
2025-08-25 23:00:00,8,25,월요일,23,1.3401909809019095
2025-08-26 00:00:00,8,26,화요일,0,1.0808919108089186
2025-08-26 01:00:00,8,26,화요일,1,0.7014298570142983
2025-08-26 02:00:00,8,26,화요일,2,0.6094390560943903
2025-08-26 03:00:00,8,26,화요일,3,0.5059494050594939
2025-08-26 04:00:00,8,26,화요일,4,0.6669333066693328
2025-08-26 05:00:00,8,26,화요일,5,1.1728827117288267
2025-08-26 06:00:00,8,26,화요일,6,1.9548045195480446
2025-08-26 07:00:00,8,26,화요일,7,2.759724027597239
2025-08-26 08:00:00,8,26,화요일,8,3.0586941305869404
2025-08-26 09:00:00,8,26,화요일,9,2.621737826217377
2025-08-26 10:00:00,8,26,화요일,10,2.1847815218478144
2025-08-26 11:00:00,8,26,화요일,11,2.2882711728827108
2025-08-26 12:00:00,8,26,화요일,12,2.4147585241475844
2025-08-26 13:00:00,8,26,화요일,13,2.322767723227676
2025-08-26 14:00:00,8,26,화요일,14,2.391760823917607
2025-08-26 15:00:00,8,26,화요일,15,2.621737826217377
2025-08-26 16:00:00,8,26,화요일,16,2.851714828517147
2025-08-26 17:00:00,8,26,화요일,17,3.1276872312768718
2025-08-26 18:00:00,8,26,화요일,18,2.9207079292070786
2025-08-26 19:00:00,8,26,화요일,19,2.4837516248375158
2025-08-26 20:00:00,8,26,화요일,20,2.081291870812918
2025-08-26 21:00:00,8,26,화요일,21,1.7133286671332861
2025-08-26 22:00:00,8,26,화요일,22,1.4488551144885506
2025-08-26 23:00:00,8,26,화요일,23,1.2763723627637233
2025-08-27 00:00:00,8,27,수요일,0,1.102509749025097
2025-08-27 01:00:00,8,27,수요일,1,0.7154584541545843
2025-08-27 02:00:00,8,27,수요일,2,0.6216278372162782
2025-08-27 03:00:00,8,27,수요일,3,0.5160683931606838
2025-08-27 04:00:00,8,27,수요일,4,0.6802719728027194
2025-08-27 05:00:00,8,27,수요일,5,1.1963403659634033
2025-08-27 06:00:00,8,27,수요일,6,1.9939006099390055
2025-08-27 07:00:00,8,27,수요일,7,2.814918508149184
2025-08-27 08:00:00,8,27,수요일,8,3.1198680131986793
2025-08-27 09:00:00,8,27,수요일,9,2.6741725827417246
2025-08-27 10:00:00,8,27,수요일,10,2.2284771522847704
2025-08-27 11:00:00,8,27,수요일,11,2.334036596340365
2025-08-27 12:00:00,8,27,수요일,12,2.463053694630536
2025-08-27 13:00:00,8,27,수요일,13,2.36922307769223
2025-08-27 14:00:00,8,27,수요일,14,2.4395960403959593
2025-08-27 15:00:00,8,27,수요일,15,2.6741725827417246
2025-08-27 16:00:00,8,27,수요일,16,2.9087491250874904
2025-08-27 17:00:00,8,27,수요일,17,3.1902409759024093
2025-08-27 18:00:00,8,27,수요일,18,2.97912208779122
2025-08-27 19:00:00,8,27,수요일,19,2.533426657334266
2025-08-27 20:00:00,8,27,수요일,20,2.1229177082291764
2025-08-27 21:00:00,8,27,수요일,21,1.7475952404759518
2025-08-27 22:00:00,8,27,수요일,22,1.4778322167783216
2025-08-27 23:00:00,8,27,수요일,23,1.3018998100189978
2025-08-28 00:00:00,8,28,목요일,0,1.1133186681331864
2025-08-28 01:00:00,8,28,목요일,1,0.7224727527247273
2025-08-28 02:00:00,8,28,목요일,2,0.6277222277772221
2025-08-28 03:00:00,8,28,목요일,3,0.5211278872112787
2025-08-28 04:00:00,8,28,목요일,4,0.6869413058694128
2025-08-28 05:00:00,8,28,목요일,5,1.2080691930806917
2025-08-28 06:00:00,8,28,목요일,6,2.013448655134486
2025-08-28 07:00:00,8,28,목요일,7,2.8425157484251566
2025-08-28 08:00:00,8,28,목요일,8,3.150454954504549
2025-08-28 09:00:00,8,28,목요일,9,2.7003899610038986
2025-08-28 10:00:00,8,28,목요일,10,2.2503249675032486
2025-08-28 11:00:00,8,28,목요일,11,2.3569193080691924
2025-08-28 12:00:00,8,28,목요일,12,2.487201279872012
2025-08-28 13:00:00,8,28,목요일,13,2.3924507549245067
2025-08-28 14:00:00,8,28,목요일,14,2.4635136486351357
2025-08-28 15:00:00,8,28,목요일,15,2.7003899610038986
2025-08-28 16:00:00,8,28,목요일,16,2.937266273372662
2025-08-28 17:00:00,8,28,목요일,17,3.221517848215178
2025-08-28 18:00:00,8,28,목요일,18,3.008329167083291
2025-08-28 19:00:00,8,28,목요일,19,2.558264173582641
2025-08-28 20:00:00,8,28,목요일,20,2.1437306269373058
2025-08-28 21:00:00,8,28,목요일,21,1.7647285271472848
2025-08-28 22:00:00,8,28,목요일,22,1.4923207679232071
2025-08-28 23:00:00,8,28,목요일,23,1.314663533646635
2025-08-29 00:00:00,8,29,금요일,0,1.1673632636736322
2025-08-29 01:00:00,8,29,금요일,1,0.7575442455754423
2025-08-29 02:00:00,8,29,금요일,2,0.6581941805819417
2025-08-29 03:00:00,8,29,금요일,3,0.5464253574642535
2025-08-29 04:00:00,8,29,금요일,4,0.7202879712028795
2025-08-29 05:00:00,8,29,금요일,5,1.266713328667133
2025-08-29 06:00:00,8,29,금요일,6,2.111188881111888
2025-08-29 07:00:00,8,29,금요일,7,2.9805019498050185
2025-08-29 08:00:00,8,29,금요일,8,3.303389661033896
2025-08-29 09:00:00,8,29,금요일,9,2.8314768523147675
2025-08-29 10:00:00,8,29,금요일,10,2.3595640435956398
2025-08-29 11:00:00,8,29,금요일,11,2.471332866713328
2025-08-29 12:00:00,8,29,금요일,12,2.607939206079392
2025-08-29 13:00:00,8,29,금요일,13,2.5085891410858907
2025-08-29 14:00:00,8,29,금요일,14,2.5831016898310164
2025-08-29 15:00:00,8,29,금요일,15,2.8314768523147675
2025-08-29 16:00:00,8,29,금요일,16,3.0798520147985196
2025-08-29 17:00:00,8,29,금요일,17,3.377902209779022
2025-08-29 18:00:00,8,29,금요일,18,3.1543645635436453
2025-08-29 19:00:00,8,29,금요일,19,2.682451754824517
2025-08-29 20:00:00,8,29,금요일,20,2.247795220477952
2025-08-29 21:00:00,8,29,금요일,21,1.8503949605039494
2025-08-29 22:00:00,8,29,금요일,22,1.564763523647635
2025-08-29 23:00:00,8,29,금요일,23,1.3784821517848214
2025-08-30 00:00:00,8,30,토요일,0,0.9187581241875807
2025-08-30 01:00:00,8,30,토요일,1,0.5962153784621534
2025-08-30 02:00:00,8,30,토요일,2,0.5180231976802318
2025-08-30 03:00:00,8,30,토요일,3,0.43005699430056976
2025-08-30 04:00:00,8,30,토요일,4,0.5668933106689328
2025-08-30 05:00:00,8,30,토요일,5,0.9969503049695025
2025-08-30 06:00:00,8,30,토요일,6,1.6615838416158375
2025-08-30 07:00:00,8,30,토요일,7,2.345765423457653
2025-08-30 08:00:00,8,30,토요일,8,2.599890010998899
2025-08-30 09:00:00,8,30,토요일,9,2.22847715228477
2025-08-30 10:00:00,8,30,토요일,10,1.8570642935706418
2025-08-30 11:00:00,8,30,토요일,11,1.9450304969503038
2025-08-30 12:00:00,8,30,토요일,12,2.0525447455254464
2025-08-30 13:00:00,8,30,토요일,13,1.9743525647435245
2025-08-30 14:00:00,8,30,토요일,14,2.032996700329966
2025-08-30 15:00:00,8,30,토요일,15,2.22847715228477
2025-08-30 16:00:00,8,30,토요일,16,2.423957604239575
2025-08-30 17:00:00,8,30,토요일,17,2.6585341465853403
2025-08-30 18:00:00,8,30,토요일,18,2.4826017398260163
2025-08-30 19:00:00,8,30,토요일,19,2.1111888811118877
2025-08-30 20:00:00,8,30,토요일,20,1.76909809019098
2025-08-30 21:00:00,8,30,토요일,21,1.456329367063293
2025-08-30 22:00:00,8,30,토요일,22,1.2315268473152678
2025-08-30 23:00:00,8,30,토요일,23,1.0849165083491648
2025-08-31 00:00:00,8,31,일요일,0,0.810668933106689
2025-08-31 01:00:00,8,31,일요일,1,0.5260723927607237
2025-08-31 02:00:00,8,31,일요일,2,0.4570792920707928
2025-08-31 03:00:00,8,31,일요일,3,0.3794620537946204
2025-08-31 04:00:00,8,31,일요일,4,0.5001999800019996
2025-08-31 05:00:00,8,31,일요일,5,0.8796620337966201
2025-08-31 06:00:00,8,31,일요일,6,1.4661033896610334
2025-08-31 07:00:00,8,31,일요일,7,2.0697930206979294
2025-08-31 08:00:00,8,31,일요일,8,2.2940205979402055
2025-08-31 09:00:00,8,31,일요일,9,1.9663033696630328
2025-08-31 10:00:00,8,31,일요일,10,1.6385861413858607
2025-08-31 11:00:00,8,31,일요일,11,1.716203379662033
2025-08-31 12:00:00,8,31,일요일,12,1.8110688931106884
2025-08-31 13:00:00,8,31,일요일,13,1.7420757924207573
2025-08-31 14:00:00,8,31,일요일,14,1.7938206179382055
2025-08-31 15:00:00,8,31,일요일,15,1.9663033696630328
2025-08-31 16:00:00,8,31,일요일,16,2.1387861213878607
2025-08-31 17:00:00,8,31,일요일,17,2.3457654234576535
2025-08-31 18:00:00,8,31,일요일,18,2.1905309469053087
2025-08-31 19:00:00,8,31,일요일,19,1.8628137186281366
2025-08-31 20:00:00,8,31,일요일,20,1.5609689031096885
2025-08-31 21:00:00,8,31,일요일,21,1.2849965003499646
2025-08-31 22:00:00,8,31,일요일,22,1.0866413358664129
2025-08-31 23:00:00,8,31,일요일,23,0.9572792720727925
2025-09-01 00:00:00,9,1,월요일,0,1.016508349165083
2025-09-01 01:00:00,9,1,월요일,1,0.6596490350964901
2025-09-01 02:00:00,9,1,월요일,2,0.5731376862313767
2025-09-01 03:00:00,9,1,월요일,3,0.475812418758124
2025-09-01 04:00:00,9,1,월요일,4,0.6272072792720725
2025-09-01 05:00:00,9,1,월요일,5,1.1030196980301967
2025-09-01 06:00:00,9,1,월요일,6,1.838366163383661
2025-09-01 07:00:00,9,1,월요일,7,2.5953404659534036
2025-09-01 08:00:00,9,1,월요일,8,2.8765023497650226
2025-09-01 09:00:00,9,1,월요일,9,2.4655734426557334
2025-09-01 10:00:00,9,1,월요일,10,2.0546445355464447
2025-09-01 11:00:00,9,1,월요일,11,2.151969803019697
2025-09-01 12:00:00,9,1,월요일,12,2.2709229077092283
2025-09-01 13:00:00,9,1,월요일,13,2.184411558844115
2025-09-01 14:00:00,9,1,월요일,14,2.2492950704929497
2025-09-01 15:00:00,9,1,월요일,15,2.4655734426557334
2025-09-01 16:00:00,9,1,월요일,16,2.6818518148185175
2025-09-01 17:00:00,9,1,월요일,17,2.941385861413858
2025-09-01 18:00:00,9,1,월요일,18,2.7467353264673524
2025-09-01 19:00:00,9,1,월요일,19,2.3358064193580637
2025-09-01 20:00:00,9,1,월요일,20,1.9573192680731921
2025-09-01 21:00:00,9,1,월요일,21,1.6112738726127382
2025-09-01 22:00:00,9,1,월요일,22,1.362553744625537
2025-09-01 23:00:00,9,1,월요일,23,1.2003449655034495
2025-09-02 00:00:00,9,2,화요일,0,0.9681031896810316
2025-09-02 01:00:00,9,2,화요일,1,0.6282371762823716
2025-09-02 02:00:00,9,2,화요일,2,0.545845415458454
2025-09-02 03:00:00,9,2,화요일,3,0.4531546845315467
2025-09-02 04:00:00,9,2,화요일,4,0.5973402659734025
2025-09-02 05:00:00,9,2,화요일,5,1.0504949505049492
2025-09-02 06:00:00,9,2,화요일,6,1.7508249175082486
2025-09-02 07:00:00,9,2,화요일,7,2.4717528247175276
2025-09-02 08:00:00,9,2,화요일,8,2.73952604739526
2025-09-02 09:00:00,9,2,화요일,9,2.348165183481651
2025-09-02 10:00:00,9,2,화요일,10,1.9568043195680425
2025-09-02 11:00:00,9,2,화요일,11,2.04949505049495
2025-09-02 12:00:00,9,2,화요일,12,2.1627837216278367
2025-09-02 13:00:00,9,2,화요일,13,2.0803919608039187
2025-09-02 14:00:00,9,2,화요일,14,2.142185781421857
2025-09-02 15:00:00,9,2,화요일,15,2.348165183481651
2025-09-02 16:00:00,9,2,화요일,16,2.5541445855414455
2025-09-02 17:00:00,9,2,화요일,17,2.801319868013198
2025-09-02 18:00:00,9,2,화요일,18,2.6159384061593833
2025-09-02 19:00:00,9,2,화요일,19,2.224577542245775
2025-09-02 20:00:00,9,2,화요일,20,1.8641135886411353
2025-09-02 21:00:00,9,2,화요일,21,1.5345465453454652
2025-09-02 22:00:00,9,2,화요일,22,1.297670232976702
2025-09-02 23:00:00,9,2,화요일,23,1.1431856814318566
2025-09-03 00:00:00,9,3,수요일,0,0.9874652534746522
2025-09-03 01:00:00,9,3,수요일,1,0.640801919808019
2025-09-03 02:00:00,9,3,수요일,2,0.5567623237676231
2025-09-03 03:00:00,9,3,수요일,3,0.4622177782221777
2025-09-03 04:00:00,9,3,수요일,4,0.6092870712928705
2025-09-03 05:00:00,9,3,수요일,5,1.0715048495150483
2025-09-03 06:00:00,9,3,수요일,6,1.7858414158584137
2025-09-03 07:00:00,9,3,수요일,7,2.521187881211878
2025-09-03 08:00:00,9,3,수요일,8,2.794316568343165
2025-09-03 09:00:00,9,3,수요일,9,2.395128487151284
2025-09-03 10:00:00,9,3,수요일,10,1.9959404059594035
2025-09-03 11:00:00,9,3,수요일,11,2.0904849515048487
2025-09-03 12:00:00,9,3,수요일,12,2.2060393960603935
2025-09-03 13:00:00,9,3,수요일,13,2.1219998000199976
2025-09-03 14:00:00,9,3,수요일,14,2.1850294970502944
2025-09-03 15:00:00,9,3,수요일,15,2.395128487151284
2025-09-03 16:00:00,9,3,수요일,16,2.6052274772522743
2025-09-03 17:00:00,9,3,수요일,17,2.8573462653734625
2025-09-03 18:00:00,9,3,수요일,18,2.668257174282571
2025-09-03 19:00:00,9,3,수요일,19,2.2690690930906907
2025-09-03 20:00:00,9,3,수요일,20,1.9013958604139582
2025-09-03 21:00:00,9,3,수요일,21,1.5652374762523744
2025-09-03 22:00:00,9,3,수요일,22,1.323623637636236
2025-09-03 23:00:00,9,3,수요일,23,1.1660493950604938
2025-09-04 00:00:00,9,4,목요일,0,0.9971462853714625
2025-09-04 01:00:00,9,4,목요일,1,0.6470842915708428
2025-09-04 02:00:00,9,4,목요일,2,0.5622207779222077
2025-09-04 03:00:00,9,4,목요일,3,0.46674932506749317
2025-09-04 04:00:00,9,4,목요일,4,0.6152604739526045
2025-09-04 05:00:00,9,4,목요일,5,1.0820097990200979
2025-09-04 06:00:00,9,4,목요일,6,1.8033496650334964
2025-09-04 07:00:00,9,4,목요일,7,2.545905409459053
2025-09-04 08:00:00,9,4,목요일,8,2.821711828817118
2025-09-04 09:00:00,9,4,목요일,9,2.4186101389861006
2025-09-04 10:00:00,9,4,목요일,10,2.015508449155084
2025-09-04 11:00:00,9,4,목요일,11,2.1109799020097983
2025-09-04 12:00:00,9,4,목요일,12,2.227667233276672
2025-09-04 13:00:00,9,4,목요일,13,2.1428037196280365
2025-09-04 14:00:00,9,4,목요일,14,2.206451354864513
2025-09-04 15:00:00,9,4,목요일,15,2.4186101389861006
2025-09-04 16:00:00,9,4,목요일,16,2.6307689231076887
2025-09-04 17:00:00,9,4,목요일,17,2.8853594640535944
2025-09-04 18:00:00,9,4,목요일,18,2.694416558344165
2025-09-04 19:00:00,9,4,목요일,19,2.2913148685131484
2025-09-04 20:00:00,9,4,목요일,20,1.9200369963003696
2025-09-04 21:00:00,9,4,목요일,21,1.5805829417058292
2025-09-04 22:00:00,9,4,목요일,22,1.3366003399660031
2025-09-04 23:00:00,9,4,목요일,23,1.1774812518748123
2025-09-05 00:00:00,9,5,금요일,0,1.0455514448555143
2025-09-05 01:00:00,9,5,금요일,1,0.6784961503849614
2025-09-05 02:00:00,9,5,금요일,2,0.5895130486951304
2025-09-05 03:00:00,9,5,금요일,3,0.4894070592940705
2025-09-05 04:00:00,9,5,금요일,4,0.6451274872512748
2025-09-05 05:00:00,9,5,금요일,5,1.1345345465453454
2025-09-05 06:00:00,9,5,금요일,6,1.890890910908909
2025-09-05 07:00:00,9,5,금요일,7,2.66949305069493
2025-09-05 08:00:00,9,5,금요일,8,2.9586881311868813
2025-09-05 09:00:00,9,5,금요일,9,2.5360183981601834
2025-09-05 10:00:00,9,5,금요일,10,2.1133486651334863
2025-09-05 11:00:00,9,5,금요일,11,2.213454654534546
2025-09-05 12:00:00,9,5,금요일,12,2.335806419358064
2025-09-05 13:00:00,9,5,금요일,13,2.2468233176682326
2025-09-05 14:00:00,9,5,금요일,14,2.313560643935606
2025-09-05 15:00:00,9,5,금요일,15,2.5360183981601834
2025-09-05 16:00:00,9,5,금요일,16,2.758476152384761
2025-09-05 17:00:00,9,5,금요일,17,3.0254254574542547
2025-09-05 18:00:00,9,5,금요일,18,2.8252134786521346
2025-09-05 19:00:00,9,5,금요일,19,2.4025437456254375
2025-09-05 20:00:00,9,5,금요일,20,2.0132426757324264
2025-09-05 21:00:00,9,5,금요일,21,1.6573102689731025
2025-09-05 22:00:00,9,5,금요일,22,1.4014838516148382
2025-09-05 23:00:00,9,5,금요일,23,1.2346405359464054
2025-09-06 00:00:00,9,6,토요일,0,0.8228877112288767
2025-09-06 01:00:00,9,6,토요일,1,0.5340015998400158
2025-09-06 02:00:00,9,6,토요일,2,0.46396860313968585
2025-09-06 03:00:00,9,6,토요일,3,0.38518148185181467
2025-09-06 04:00:00,9,6,토요일,4,0.5077392260773921
2025-09-06 05:00:00,9,6,토요일,5,0.8929207079292067
2025-09-06 06:00:00,9,6,토요일,6,1.4882011798820112
2025-09-06 07:00:00,9,6,토요일,7,2.100989901009898
2025-09-06 08:00:00,9,6,토요일,8,2.3285971402859706
2025-09-06 09:00:00,9,6,토요일,9,1.995940405959403
2025-09-06 10:00:00,9,6,토요일,10,1.6632836716328359
2025-09-06 11:00:00,9,6,토요일,11,1.742070792920707
2025-09-06 12:00:00,9,6,토요일,12,1.838366163383661
2025-09-06 13:00:00,9,6,토요일,13,1.7683331666833308
2025-09-06 14:00:00,9,6,토요일,14,1.8208579142085783
2025-09-06 15:00:00,9,6,토요일,15,1.995940405959403
2025-09-06 16:00:00,9,6,토요일,16,2.171022897710228
2025-09-06 17:00:00,9,6,토요일,17,2.381121887811218
2025-09-06 18:00:00,9,6,토요일,18,2.2235476452354757
2025-09-06 19:00:00,9,6,토요일,19,1.8908909109089085
2025-09-06 20:00:00,9,6,토요일,20,1.5844965503449648
2025-09-06 21:00:00,9,6,토요일,21,1.3043645635436452
2025-09-06 22:00:00,9,6,토요일,22,1.1030196980301965
2025-09-06 23:00:00,9,6,토요일,23,0.971707829217078
2025-09-07 00:00:00,9,7,일요일,0,0.7260773922607737
2025-09-07 01:00:00,9,7,일요일,1,0.4711778822117787
2025-09-07 02:00:00,9,7,일요일,2,0.40938406159384055
2025-09-07 03:00:00,9,7,일요일,3,0.33986601339866007
2025-09-07 04:00:00,9,7,일요일,4,0.44800519948005185
2025-09-07 05:00:00,9,7,일요일,5,0.787871212878712
2025-09-07 06:00:00,9,7,일요일,6,1.3131186881311867
2025-09-07 07:00:00,9,7,일요일,7,1.8538146185381457
2025-09-07 08:00:00,9,7,일요일,8,2.054644535546445
2025-09-07 09:00:00,9,7,일요일,9,1.7611238876112383
2025-09-07 10:00:00,9,7,일요일,10,1.467603239676032
2025-09-07 11:00:00,9,7,일요일,11,1.5371212878712124
2025-09-07 12:00:00,9,7,일요일,12,1.6220877912208778
2025-09-07 13:00:00,9,7,일요일,13,1.5602939706029393
2025-09-07 14:00:00,9,7,일요일,14,1.606639336066393
2025-09-07 15:00:00,9,7,일요일,15,1.7611238876112383
2025-09-07 16:00:00,9,7,일요일,16,1.9156084391560841
2025-09-07 17:00:00,9,7,일요일,17,2.100989901009899
2025-09-07 18:00:00,9,7,일요일,18,1.9619538046195377
2025-09-07 19:00:00,9,7,일요일,19,1.6684331566843313
2025-09-07 20:00:00,9,7,일요일,20,1.3980851914808516
2025-09-07 21:00:00,9,7,일요일,21,1.1509099090090988
2025-09-07 22:00:00,9,7,일요일,22,0.9732526747325265
2025-09-07 23:00:00,9,7,일요일,23,0.8573892610738926
2025-09-08 00:00:00,9,8,월요일,0,1.016508349165083
2025-09-08 01:00:00,9,8,월요일,1,0.6596490350964901
2025-09-08 02:00:00,9,8,월요일,2,0.5731376862313767
2025-09-08 03:00:00,9,8,월요일,3,0.475812418758124
2025-09-08 04:00:00,9,8,월요일,4,0.6272072792720725
2025-09-08 05:00:00,9,8,월요일,5,1.1030196980301967
2025-09-08 06:00:00,9,8,월요일,6,1.838366163383661
2025-09-08 07:00:00,9,8,월요일,7,2.5953404659534036
2025-09-08 08:00:00,9,8,월요일,8,2.8765023497650226
2025-09-08 09:00:00,9,8,월요일,9,2.4655734426557334
2025-09-08 10:00:00,9,8,월요일,10,2.0546445355464447
2025-09-08 11:00:00,9,8,월요일,11,2.151969803019697
2025-09-08 12:00:00,9,8,월요일,12,2.2709229077092283
2025-09-08 13:00:00,9,8,월요일,13,2.184411558844115
2025-09-08 14:00:00,9,8,월요일,14,2.2492950704929497
2025-09-08 15:00:00,9,8,월요일,15,2.4655734426557334
2025-09-08 16:00:00,9,8,월요일,16,2.6818518148185175
2025-09-08 17:00:00,9,8,월요일,17,2.941385861413858
2025-09-08 18:00:00,9,8,월요일,18,2.7467353264673524
2025-09-08 19:00:00,9,8,월요일,19,2.3358064193580637
2025-09-08 20:00:00,9,8,월요일,20,1.9573192680731921
2025-09-08 21:00:00,9,8,월요일,21,1.6112738726127382
2025-09-08 22:00:00,9,8,월요일,22,1.362553744625537
2025-09-08 23:00:00,9,8,월요일,23,1.2003449655034495
2025-09-09 00:00:00,9,9,화요일,0,0.9681031896810316
2025-09-09 01:00:00,9,9,화요일,1,0.6282371762823716
2025-09-09 02:00:00,9,9,화요일,2,0.545845415458454
2025-09-09 03:00:00,9,9,화요일,3,0.4531546845315467
2025-09-09 04:00:00,9,9,화요일,4,0.5973402659734025
2025-09-09 05:00:00,9,9,화요일,5,1.0504949505049492
2025-09-09 06:00:00,9,9,화요일,6,1.7508249175082486
2025-09-09 07:00:00,9,9,화요일,7,2.4717528247175276
2025-09-09 08:00:00,9,9,화요일,8,2.73952604739526
2025-09-09 09:00:00,9,9,화요일,9,2.348165183481651
2025-09-09 10:00:00,9,9,화요일,10,1.9568043195680425
2025-09-09 11:00:00,9,9,화요일,11,2.04949505049495
2025-09-09 12:00:00,9,9,화요일,12,2.1627837216278367
2025-09-09 13:00:00,9,9,화요일,13,2.0803919608039187
2025-09-09 14:00:00,9,9,화요일,14,2.142185781421857
2025-09-09 15:00:00,9,9,화요일,15,2.348165183481651
2025-09-09 16:00:00,9,9,화요일,16,2.5541445855414455
2025-09-09 17:00:00,9,9,화요일,17,2.801319868013198
2025-09-09 18:00:00,9,9,화요일,18,2.6159384061593833
2025-09-09 19:00:00,9,9,화요일,19,2.224577542245775
2025-09-09 20:00:00,9,9,화요일,20,1.8641135886411353
2025-09-09 21:00:00,9,9,화요일,21,1.5345465453454652
2025-09-09 22:00:00,9,9,화요일,22,1.297670232976702
2025-09-09 23:00:00,9,9,화요일,23,1.1431856814318566
2025-09-10 00:00:00,9,10,수요일,0,0.9874652534746522
2025-09-10 01:00:00,9,10,수요일,1,0.640801919808019
2025-09-10 02:00:00,9,10,수요일,2,0.5567623237676231
2025-09-10 03:00:00,9,10,수요일,3,0.4622177782221777
2025-09-10 04:00:00,9,10,수요일,4,0.6092870712928705
2025-09-10 05:00:00,9,10,수요일,5,1.0715048495150483
2025-09-10 06:00:00,9,10,수요일,6,1.7858414158584137
2025-09-10 07:00:00,9,10,수요일,7,2.521187881211878
2025-09-10 08:00:00,9,10,수요일,8,2.794316568343165
2025-09-10 09:00:00,9,10,수요일,9,2.395128487151284
2025-09-10 10:00:00,9,10,수요일,10,1.9959404059594035
2025-09-10 11:00:00,9,10,수요일,11,2.0904849515048487
2025-09-10 12:00:00,9,10,수요일,12,2.2060393960603935
2025-09-10 13:00:00,9,10,수요일,13,2.1219998000199976
2025-09-10 14:00:00,9,10,수요일,14,2.1850294970502944
2025-09-10 15:00:00,9,10,수요일,15,2.395128487151284
2025-09-10 16:00:00,9,10,수요일,16,2.6052274772522743
2025-09-10 17:00:00,9,10,수요일,17,2.8573462653734625
2025-09-10 18:00:00,9,10,수요일,18,2.668257174282571
2025-09-10 19:00:00,9,10,수요일,19,2.2690690930906907
2025-09-10 20:00:00,9,10,수요일,20,1.9013958604139582
2025-09-10 21:00:00,9,10,수요일,21,1.5652374762523744
2025-09-10 22:00:00,9,10,수요일,22,1.323623637636236
2025-09-10 23:00:00,9,10,수요일,23,1.1660493950604938
2025-09-11 00:00:00,9,11,목요일,0,0.9971462853714625
2025-09-11 01:00:00,9,11,목요일,1,0.6470842915708428
2025-09-11 02:00:00,9,11,목요일,2,0.5622207779222077
2025-09-11 03:00:00,9,11,목요일,3,0.46674932506749317
2025-09-11 04:00:00,9,11,목요일,4,0.6152604739526045
2025-09-11 05:00:00,9,11,목요일,5,1.0820097990200979
2025-09-11 06:00:00,9,11,목요일,6,1.8033496650334964
2025-09-11 07:00:00,9,11,목요일,7,2.545905409459053
2025-09-11 08:00:00,9,11,목요일,8,2.821711828817118
2025-09-11 09:00:00,9,11,목요일,9,2.4186101389861006
2025-09-11 10:00:00,9,11,목요일,10,2.015508449155084
2025-09-11 11:00:00,9,11,목요일,11,2.1109799020097983
2025-09-11 12:00:00,9,11,목요일,12,2.227667233276672
2025-09-11 13:00:00,9,11,목요일,13,2.1428037196280365
2025-09-11 14:00:00,9,11,목요일,14,2.206451354864513
2025-09-11 15:00:00,9,11,목요일,15,2.4186101389861006
2025-09-11 16:00:00,9,11,목요일,16,2.6307689231076887
2025-09-11 17:00:00,9,11,목요일,17,2.8853594640535944
2025-09-11 18:00:00,9,11,목요일,18,2.694416558344165
2025-09-11 19:00:00,9,11,목요일,19,2.2913148685131484
2025-09-11 20:00:00,9,11,목요일,20,1.9200369963003696
2025-09-11 21:00:00,9,11,목요일,21,1.5805829417058292
2025-09-11 22:00:00,9,11,목요일,22,1.3366003399660031
2025-09-11 23:00:00,9,11,목요일,23,1.1774812518748123
2025-09-12 00:00:00,9,12,금요일,0,1.0455514448555143
2025-09-12 01:00:00,9,12,금요일,1,0.6784961503849614
2025-09-12 02:00:00,9,12,금요일,2,0.5895130486951304
2025-09-12 03:00:00,9,12,금요일,3,0.4894070592940705
2025-09-12 04:00:00,9,12,금요일,4,0.6451274872512748
2025-09-12 05:00:00,9,12,금요일,5,1.1345345465453454
2025-09-12 06:00:00,9,12,금요일,6,1.890890910908909
2025-09-12 07:00:00,9,12,금요일,7,2.66949305069493
2025-09-12 08:00:00,9,12,금요일,8,2.9586881311868813
2025-09-12 09:00:00,9,12,금요일,9,2.5360183981601834
2025-09-12 10:00:00,9,12,금요일,10,2.1133486651334863
2025-09-12 11:00:00,9,12,금요일,11,2.213454654534546
2025-09-12 12:00:00,9,12,금요일,12,2.335806419358064
2025-09-12 13:00:00,9,12,금요일,13,2.2468233176682326
2025-09-12 14:00:00,9,12,금요일,14,2.313560643935606
2025-09-12 15:00:00,9,12,금요일,15,2.5360183981601834
2025-09-12 16:00:00,9,12,금요일,16,2.758476152384761
2025-09-12 17:00:00,9,12,금요일,17,3.0254254574542547
2025-09-12 18:00:00,9,12,금요일,18,2.8252134786521346
2025-09-12 19:00:00,9,12,금요일,19,2.4025437456254375
2025-09-12 20:00:00,9,12,금요일,20,2.0132426757324264
2025-09-12 21:00:00,9,12,금요일,21,1.6573102689731025
2025-09-12 22:00:00,9,12,금요일,22,1.4014838516148382
2025-09-12 23:00:00,9,12,금요일,23,1.2346405359464054
2025-09-13 00:00:00,9,13,토요일,0,0.8228877112288767
2025-09-13 01:00:00,9,13,토요일,1,0.5340015998400158
2025-09-13 02:00:00,9,13,토요일,2,0.46396860313968585
2025-09-13 03:00:00,9,13,토요일,3,0.38518148185181467
2025-09-13 04:00:00,9,13,토요일,4,0.5077392260773921
2025-09-13 05:00:00,9,13,토요일,5,0.8929207079292067
2025-09-13 06:00:00,9,13,토요일,6,1.4882011798820112
2025-09-13 07:00:00,9,13,토요일,7,2.100989901009898
2025-09-13 08:00:00,9,13,토요일,8,2.3285971402859706
2025-09-13 09:00:00,9,13,토요일,9,1.995940405959403
2025-09-13 10:00:00,9,13,토요일,10,1.6632836716328359
2025-09-13 11:00:00,9,13,토요일,11,1.742070792920707
2025-09-13 12:00:00,9,13,토요일,12,1.838366163383661
2025-09-13 13:00:00,9,13,토요일,13,1.7683331666833308
2025-09-13 14:00:00,9,13,토요일,14,1.8208579142085783
2025-09-13 15:00:00,9,13,토요일,15,1.995940405959403
2025-09-13 16:00:00,9,13,토요일,16,2.171022897710228
2025-09-13 17:00:00,9,13,토요일,17,2.381121887811218
2025-09-13 18:00:00,9,13,토요일,18,2.2235476452354757
2025-09-13 19:00:00,9,13,토요일,19,1.8908909109089085
2025-09-13 20:00:00,9,13,토요일,20,1.5844965503449648
2025-09-13 21:00:00,9,13,토요일,21,1.3043645635436452
2025-09-13 22:00:00,9,13,토요일,22,1.1030196980301965
2025-09-13 23:00:00,9,13,토요일,23,0.971707829217078
2025-09-14 00:00:00,9,14,일요일,0,0.7260773922607737
2025-09-14 01:00:00,9,14,일요일,1,0.4711778822117787
2025-09-14 02:00:00,9,14,일요일,2,0.40938406159384055
2025-09-14 03:00:00,9,14,일요일,3,0.33986601339866007
2025-09-14 04:00:00,9,14,일요일,4,0.44800519948005185
2025-09-14 05:00:00,9,14,일요일,5,0.787871212878712
2025-09-14 06:00:00,9,14,일요일,6,1.3131186881311867
2025-09-14 07:00:00,9,14,일요일,7,1.8538146185381457
2025-09-14 08:00:00,9,14,일요일,8,2.054644535546445
2025-09-14 09:00:00,9,14,일요일,9,1.7611238876112383
2025-09-14 10:00:00,9,14,일요일,10,1.467603239676032
2025-09-14 11:00:00,9,14,일요일,11,1.5371212878712124
2025-09-14 12:00:00,9,14,일요일,12,1.6220877912208778
2025-09-14 13:00:00,9,14,일요일,13,1.5602939706029393
2025-09-14 14:00:00,9,14,일요일,14,1.606639336066393
2025-09-14 15:00:00,9,14,일요일,15,1.7611238876112383
2025-09-14 16:00:00,9,14,일요일,16,1.9156084391560841
2025-09-14 17:00:00,9,14,일요일,17,2.100989901009899
2025-09-14 18:00:00,9,14,일요일,18,1.9619538046195377
2025-09-14 19:00:00,9,14,일요일,19,1.6684331566843313
2025-09-14 20:00:00,9,14,일요일,20,1.3980851914808516
2025-09-14 21:00:00,9,14,일요일,21,1.1509099090090988
2025-09-14 22:00:00,9,14,일요일,22,0.9732526747325265
2025-09-14 23:00:00,9,14,일요일,23,0.8573892610738926
2025-09-15 00:00:00,9,15,월요일,0,1.016508349165083
2025-09-15 01:00:00,9,15,월요일,1,0.6596490350964901
2025-09-15 02:00:00,9,15,월요일,2,0.5731376862313767
2025-09-15 03:00:00,9,15,월요일,3,0.475812418758124
2025-09-15 04:00:00,9,15,월요일,4,0.6272072792720725
2025-09-15 05:00:00,9,15,월요일,5,1.1030196980301967
2025-09-15 06:00:00,9,15,월요일,6,1.838366163383661
2025-09-15 07:00:00,9,15,월요일,7,2.5953404659534036
2025-09-15 08:00:00,9,15,월요일,8,2.8765023497650226
2025-09-15 09:00:00,9,15,월요일,9,2.4655734426557334
2025-09-15 10:00:00,9,15,월요일,10,2.0546445355464447
2025-09-15 11:00:00,9,15,월요일,11,2.151969803019697
2025-09-15 12:00:00,9,15,월요일,12,2.2709229077092283
2025-09-15 13:00:00,9,15,월요일,13,2.184411558844115
2025-09-15 14:00:00,9,15,월요일,14,2.2492950704929497
2025-09-15 15:00:00,9,15,월요일,15,2.4655734426557334
2025-09-15 16:00:00,9,15,월요일,16,2.6818518148185175
2025-09-15 17:00:00,9,15,월요일,17,2.941385861413858
2025-09-15 18:00:00,9,15,월요일,18,2.7467353264673524
2025-09-15 19:00:00,9,15,월요일,19,2.3358064193580637
2025-09-15 20:00:00,9,15,월요일,20,1.9573192680731921
2025-09-15 21:00:00,9,15,월요일,21,1.6112738726127382
2025-09-15 22:00:00,9,15,월요일,22,1.362553744625537
2025-09-15 23:00:00,9,15,월요일,23,1.2003449655034495
2025-09-16 00:00:00,9,16,화요일,0,0.9681031896810316
2025-09-16 01:00:00,9,16,화요일,1,0.6282371762823716
2025-09-16 02:00:00,9,16,화요일,2,0.545845415458454
2025-09-16 03:00:00,9,16,화요일,3,0.4531546845315467
2025-09-16 04:00:00,9,16,화요일,4,0.5973402659734025
2025-09-16 05:00:00,9,16,화요일,5,1.0504949505049492
2025-09-16 06:00:00,9,16,화요일,6,1.7508249175082486
2025-09-16 07:00:00,9,16,화요일,7,2.4717528247175276
2025-09-16 08:00:00,9,16,화요일,8,2.73952604739526
2025-09-16 09:00:00,9,16,화요일,9,2.348165183481651
2025-09-16 10:00:00,9,16,화요일,10,1.9568043195680425
2025-09-16 11:00:00,9,16,화요일,11,2.04949505049495
2025-09-16 12:00:00,9,16,화요일,12,2.1627837216278367
2025-09-16 13:00:00,9,16,화요일,13,2.0803919608039187
2025-09-16 14:00:00,9,16,화요일,14,2.142185781421857
2025-09-16 15:00:00,9,16,화요일,15,2.348165183481651
2025-09-16 16:00:00,9,16,화요일,16,2.5541445855414455
2025-09-16 17:00:00,9,16,화요일,17,2.801319868013198
2025-09-16 18:00:00,9,16,화요일,18,2.6159384061593833
2025-09-16 19:00:00,9,16,화요일,19,2.224577542245775
2025-09-16 20:00:00,9,16,화요일,20,1.8641135886411353
2025-09-16 21:00:00,9,16,화요일,21,1.5345465453454652
2025-09-16 22:00:00,9,16,화요일,22,1.297670232976702
2025-09-16 23:00:00,9,16,화요일,23,1.1431856814318566
2025-09-17 00:00:00,9,17,수요일,0,0.9874652534746522
2025-09-17 01:00:00,9,17,수요일,1,0.640801919808019
2025-09-17 02:00:00,9,17,수요일,2,0.5567623237676231
2025-09-17 03:00:00,9,17,수요일,3,0.4622177782221777
2025-09-17 04:00:00,9,17,수요일,4,0.6092870712928705
2025-09-17 05:00:00,9,17,수요일,5,1.0715048495150483
2025-09-17 06:00:00,9,17,수요일,6,1.7858414158584137
2025-09-17 07:00:00,9,17,수요일,7,2.521187881211878
2025-09-17 08:00:00,9,17,수요일,8,2.794316568343165
2025-09-17 09:00:00,9,17,수요일,9,2.395128487151284
2025-09-17 10:00:00,9,17,수요일,10,1.9959404059594035
2025-09-17 11:00:00,9,17,수요일,11,2.0904849515048487
2025-09-17 12:00:00,9,17,수요일,12,2.2060393960603935
2025-09-17 13:00:00,9,17,수요일,13,2.1219998000199976
2025-09-17 14:00:00,9,17,수요일,14,2.1850294970502944
2025-09-17 15:00:00,9,17,수요일,15,2.395128487151284
2025-09-17 16:00:00,9,17,수요일,16,2.6052274772522743
2025-09-17 17:00:00,9,17,수요일,17,2.8573462653734625
2025-09-17 18:00:00,9,17,수요일,18,2.668257174282571
2025-09-17 19:00:00,9,17,수요일,19,2.2690690930906907
2025-09-17 20:00:00,9,17,수요일,20,1.9013958604139582
2025-09-17 21:00:00,9,17,수요일,21,1.5652374762523744
2025-09-17 22:00:00,9,17,수요일,22,1.323623637636236
2025-09-17 23:00:00,9,17,수요일,23,1.1660493950604938
2025-09-18 00:00:00,9,18,목요일,0,0.9971462853714625
2025-09-18 01:00:00,9,18,목요일,1,0.6470842915708428
2025-09-18 02:00:00,9,18,목요일,2,0.5622207779222077
2025-09-18 03:00:00,9,18,목요일,3,0.46674932506749317
2025-09-18 04:00:00,9,18,목요일,4,0.6152604739526045
2025-09-18 05:00:00,9,18,목요일,5,1.0820097990200979
2025-09-18 06:00:00,9,18,목요일,6,1.8033496650334964
2025-09-18 07:00:00,9,18,목요일,7,2.545905409459053
2025-09-18 08:00:00,9,18,목요일,8,2.821711828817118
2025-09-18 09:00:00,9,18,목요일,9,2.4186101389861006
2025-09-18 10:00:00,9,18,목요일,10,2.015508449155084
2025-09-18 11:00:00,9,18,목요일,11,2.1109799020097983
2025-09-18 12:00:00,9,18,목요일,12,2.227667233276672
2025-09-18 13:00:00,9,18,목요일,13,2.1428037196280365
2025-09-18 14:00:00,9,18,목요일,14,2.206451354864513
2025-09-18 15:00:00,9,18,목요일,15,2.4186101389861006
2025-09-18 16:00:00,9,18,목요일,16,2.6307689231076887
2025-09-18 17:00:00,9,18,목요일,17,2.8853594640535944
2025-09-18 18:00:00,9,18,목요일,18,2.694416558344165
2025-09-18 19:00:00,9,18,목요일,19,2.2913148685131484
2025-09-18 20:00:00,9,18,목요일,20,1.9200369963003696
2025-09-18 21:00:00,9,18,목요일,21,1.5805829417058292
2025-09-18 22:00:00,9,18,목요일,22,1.3366003399660031
2025-09-18 23:00:00,9,18,목요일,23,1.1774812518748123
2025-09-19 00:00:00,9,19,금요일,0,1.0455514448555143
2025-09-19 01:00:00,9,19,금요일,1,0.6784961503849614
2025-09-19 02:00:00,9,19,금요일,2,0.5895130486951304
2025-09-19 03:00:00,9,19,금요일,3,0.4894070592940705
2025-09-19 04:00:00,9,19,금요일,4,0.6451274872512748
2025-09-19 05:00:00,9,19,금요일,5,1.1345345465453454
2025-09-19 06:00:00,9,19,금요일,6,1.890890910908909
2025-09-19 07:00:00,9,19,금요일,7,2.66949305069493
2025-09-19 08:00:00,9,19,금요일,8,2.9586881311868813
2025-09-19 09:00:00,9,19,금요일,9,2.5360183981601834
2025-09-19 10:00:00,9,19,금요일,10,2.1133486651334863
2025-09-19 11:00:00,9,19,금요일,11,2.213454654534546
2025-09-19 12:00:00,9,19,금요일,12,2.335806419358064
2025-09-19 13:00:00,9,19,금요일,13,2.2468233176682326
2025-09-19 14:00:00,9,19,금요일,14,2.313560643935606
2025-09-19 15:00:00,9,19,금요일,15,2.5360183981601834
2025-09-19 16:00:00,9,19,금요일,16,2.758476152384761
2025-09-19 17:00:00,9,19,금요일,17,3.0254254574542547
2025-09-19 18:00:00,9,19,금요일,18,2.8252134786521346
2025-09-19 19:00:00,9,19,금요일,19,2.4025437456254375
2025-09-19 20:00:00,9,19,금요일,20,2.0132426757324264
2025-09-19 21:00:00,9,19,금요일,21,1.6573102689731025
2025-09-19 22:00:00,9,19,금요일,22,1.4014838516148382
2025-09-19 23:00:00,9,19,금요일,23,1.2346405359464054
2025-09-20 00:00:00,9,20,토요일,0,0.8228877112288767
2025-09-20 01:00:00,9,20,토요일,1,0.5340015998400158
2025-09-20 02:00:00,9,20,토요일,2,0.46396860313968585
2025-09-20 03:00:00,9,20,토요일,3,0.38518148185181467
2025-09-20 04:00:00,9,20,토요일,4,0.5077392260773921
2025-09-20 05:00:00,9,20,토요일,5,0.8929207079292067
2025-09-20 06:00:00,9,20,토요일,6,1.4882011798820112
2025-09-20 07:00:00,9,20,토요일,7,2.100989901009898
2025-09-20 08:00:00,9,20,토요일,8,2.3285971402859706
2025-09-20 09:00:00,9,20,토요일,9,1.995940405959403
2025-09-20 10:00:00,9,20,토요일,10,1.6632836716328359
2025-09-20 11:00:00,9,20,토요일,11,1.742070792920707
2025-09-20 12:00:00,9,20,토요일,12,1.838366163383661
2025-09-20 13:00:00,9,20,토요일,13,1.7683331666833308
2025-09-20 14:00:00,9,20,토요일,14,1.8208579142085783
2025-09-20 15:00:00,9,20,토요일,15,1.995940405959403
2025-09-20 16:00:00,9,20,토요일,16,2.171022897710228
2025-09-20 17:00:00,9,20,토요일,17,2.381121887811218
2025-09-20 18:00:00,9,20,토요일,18,2.2235476452354757
2025-09-20 19:00:00,9,20,토요일,19,1.8908909109089085
2025-09-20 20:00:00,9,20,토요일,20,1.5844965503449648
2025-09-20 21:00:00,9,20,토요일,21,1.3043645635436452
2025-09-20 22:00:00,9,20,토요일,22,1.1030196980301965
2025-09-20 23:00:00,9,20,토요일,23,0.971707829217078
2025-09-21 00:00:00,9,21,일요일,0,0.7260773922607737
2025-09-21 01:00:00,9,21,일요일,1,0.4711778822117787
2025-09-21 02:00:00,9,21,일요일,2,0.40938406159384055
2025-09-21 03:00:00,9,21,일요일,3,0.33986601339866007
2025-09-21 04:00:00,9,21,일요일,4,0.44800519948005185
2025-09-21 05:00:00,9,21,일요일,5,0.787871212878712
2025-09-21 06:00:00,9,21,일요일,6,1.3131186881311867
2025-09-21 07:00:00,9,21,일요일,7,1.8538146185381457
2025-09-21 08:00:00,9,21,일요일,8,2.054644535546445
2025-09-21 09:00:00,9,21,일요일,9,1.7611238876112383
2025-09-21 10:00:00,9,21,일요일,10,1.467603239676032
2025-09-21 11:00:00,9,21,일요일,11,1.5371212878712124
2025-09-21 12:00:00,9,21,일요일,12,1.6220877912208778
2025-09-21 13:00:00,9,21,일요일,13,1.5602939706029393
2025-09-21 14:00:00,9,21,일요일,14,1.606639336066393
2025-09-21 15:00:00,9,21,일요일,15,1.7611238876112383
2025-09-21 16:00:00,9,21,일요일,16,1.9156084391560841
2025-09-21 17:00:00,9,21,일요일,17,2.100989901009899
2025-09-21 18:00:00,9,21,일요일,18,1.9619538046195377
2025-09-21 19:00:00,9,21,일요일,19,1.6684331566843313
2025-09-21 20:00:00,9,21,일요일,20,1.3980851914808516
2025-09-21 21:00:00,9,21,일요일,21,1.1509099090090988
2025-09-21 22:00:00,9,21,일요일,22,0.9732526747325265
2025-09-21 23:00:00,9,21,일요일,23,0.8573892610738926
2025-09-22 00:00:00,9,22,월요일,0,1.016508349165083
2025-09-22 01:00:00,9,22,월요일,1,0.6596490350964901
2025-09-22 02:00:00,9,22,월요일,2,0.5731376862313767
2025-09-22 03:00:00,9,22,월요일,3,0.475812418758124
2025-09-22 04:00:00,9,22,월요일,4,0.6272072792720725
2025-09-22 05:00:00,9,22,월요일,5,1.1030196980301967
2025-09-22 06:00:00,9,22,월요일,6,1.838366163383661
2025-09-22 07:00:00,9,22,월요일,7,2.5953404659534036
2025-09-22 08:00:00,9,22,월요일,8,2.8765023497650226
2025-09-22 09:00:00,9,22,월요일,9,2.4655734426557334
2025-09-22 10:00:00,9,22,월요일,10,2.0546445355464447
2025-09-22 11:00:00,9,22,월요일,11,2.151969803019697
2025-09-22 12:00:00,9,22,월요일,12,2.2709229077092283
2025-09-22 13:00:00,9,22,월요일,13,2.184411558844115
2025-09-22 14:00:00,9,22,월요일,14,2.2492950704929497
2025-09-22 15:00:00,9,22,월요일,15,2.4655734426557334
2025-09-22 16:00:00,9,22,월요일,16,2.6818518148185175
2025-09-22 17:00:00,9,22,월요일,17,2.941385861413858
2025-09-22 18:00:00,9,22,월요일,18,2.7467353264673524
2025-09-22 19:00:00,9,22,월요일,19,2.3358064193580637
2025-09-22 20:00:00,9,22,월요일,20,1.9573192680731921
2025-09-22 21:00:00,9,22,월요일,21,1.6112738726127382
2025-09-22 22:00:00,9,22,월요일,22,1.362553744625537
2025-09-22 23:00:00,9,22,월요일,23,1.2003449655034495
2025-09-23 00:00:00,9,23,화요일,0,0.9681031896810316
2025-09-23 01:00:00,9,23,화요일,1,0.6282371762823716
2025-09-23 02:00:00,9,23,화요일,2,0.545845415458454
2025-09-23 03:00:00,9,23,화요일,3,0.4531546845315467
2025-09-23 04:00:00,9,23,화요일,4,0.5973402659734025
2025-09-23 05:00:00,9,23,화요일,5,1.0504949505049492
2025-09-23 06:00:00,9,23,화요일,6,1.7508249175082486
2025-09-23 07:00:00,9,23,화요일,7,2.4717528247175276
2025-09-23 08:00:00,9,23,화요일,8,2.73952604739526
2025-09-23 09:00:00,9,23,화요일,9,2.348165183481651
2025-09-23 10:00:00,9,23,화요일,10,1.9568043195680425
2025-09-23 11:00:00,9,23,화요일,11,2.04949505049495
2025-09-23 12:00:00,9,23,화요일,12,2.1627837216278367
2025-09-23 13:00:00,9,23,화요일,13,2.0803919608039187
2025-09-23 14:00:00,9,23,화요일,14,2.142185781421857
2025-09-23 15:00:00,9,23,화요일,15,2.348165183481651
2025-09-23 16:00:00,9,23,화요일,16,2.5541445855414455
2025-09-23 17:00:00,9,23,화요일,17,2.801319868013198
2025-09-23 18:00:00,9,23,화요일,18,2.6159384061593833
2025-09-23 19:00:00,9,23,화요일,19,2.224577542245775
2025-09-23 20:00:00,9,23,화요일,20,1.8641135886411353
2025-09-23 21:00:00,9,23,화요일,21,1.5345465453454652
2025-09-23 22:00:00,9,23,화요일,22,1.297670232976702
2025-09-23 23:00:00,9,23,화요일,23,1.1431856814318566
2025-09-24 00:00:00,9,24,수요일,0,0.9874652534746522
2025-09-24 01:00:00,9,24,수요일,1,0.640801919808019
2025-09-24 02:00:00,9,24,수요일,2,0.5567623237676231
2025-09-24 03:00:00,9,24,수요일,3,0.4622177782221777
2025-09-24 04:00:00,9,24,수요일,4,0.6092870712928705
2025-09-24 05:00:00,9,24,수요일,5,1.0715048495150483
2025-09-24 06:00:00,9,24,수요일,6,1.7858414158584137
2025-09-24 07:00:00,9,24,수요일,7,2.521187881211878
2025-09-24 08:00:00,9,24,수요일,8,2.794316568343165
2025-09-24 09:00:00,9,24,수요일,9,2.395128487151284
2025-09-24 10:00:00,9,24,수요일,10,1.9959404059594035
2025-09-24 11:00:00,9,24,수요일,11,2.0904849515048487
2025-09-24 12:00:00,9,24,수요일,12,2.2060393960603935
2025-09-24 13:00:00,9,24,수요일,13,2.1219998000199976
2025-09-24 14:00:00,9,24,수요일,14,2.1850294970502944
2025-09-24 15:00:00,9,24,수요일,15,2.395128487151284
2025-09-24 16:00:00,9,24,수요일,16,2.6052274772522743
2025-09-24 17:00:00,9,24,수요일,17,2.8573462653734625
2025-09-24 18:00:00,9,24,수요일,18,2.668257174282571
2025-09-24 19:00:00,9,24,수요일,19,2.2690690930906907
2025-09-24 20:00:00,9,24,수요일,20,1.9013958604139582
2025-09-24 21:00:00,9,24,수요일,21,1.5652374762523744
2025-09-24 22:00:00,9,24,수요일,22,1.323623637636236
2025-09-24 23:00:00,9,24,수요일,23,1.1660493950604938
2025-09-25 00:00:00,9,25,목요일,0,0.9971462853714625
2025-09-25 01:00:00,9,25,목요일,1,0.6470842915708428
2025-09-25 02:00:00,9,25,목요일,2,0.5622207779222077
2025-09-25 03:00:00,9,25,목요일,3,0.46674932506749317
2025-09-25 04:00:00,9,25,목요일,4,0.6152604739526045
2025-09-25 05:00:00,9,25,목요일,5,1.0820097990200979
2025-09-25 06:00:00,9,25,목요일,6,1.8033496650334964
2025-09-25 07:00:00,9,25,목요일,7,2.545905409459053
2025-09-25 08:00:00,9,25,목요일,8,2.821711828817118
2025-09-25 09:00:00,9,25,목요일,9,2.4186101389861006
2025-09-25 10:00:00,9,25,목요일,10,2.015508449155084
2025-09-25 11:00:00,9,25,목요일,11,2.1109799020097983
2025-09-25 12:00:00,9,25,목요일,12,2.227667233276672
2025-09-25 13:00:00,9,25,목요일,13,2.1428037196280365
2025-09-25 14:00:00,9,25,목요일,14,2.206451354864513
2025-09-25 15:00:00,9,25,목요일,15,2.4186101389861006
2025-09-25 16:00:00,9,25,목요일,16,2.6307689231076887
2025-09-25 17:00:00,9,25,목요일,17,2.8853594640535944
2025-09-25 18:00:00,9,25,목요일,18,2.694416558344165
2025-09-25 19:00:00,9,25,목요일,19,2.2913148685131484
2025-09-25 20:00:00,9,25,목요일,20,1.9200369963003696
2025-09-25 21:00:00,9,25,목요일,21,1.5805829417058292
2025-09-25 22:00:00,9,25,목요일,22,1.3366003399660031
2025-09-25 23:00:00,9,25,목요일,23,1.1774812518748123
2025-09-26 00:00:00,9,26,금요일,0,1.0455514448555143
2025-09-26 01:00:00,9,26,금요일,1,0.6784961503849614
2025-09-26 02:00:00,9,26,금요일,2,0.5895130486951304
2025-09-26 03:00:00,9,26,금요일,3,0.4894070592940705
2025-09-26 04:00:00,9,26,금요일,4,0.6451274872512748
2025-09-26 05:00:00,9,26,금요일,5,1.1345345465453454
2025-09-26 06:00:00,9,26,금요일,6,1.890890910908909
2025-09-26 07:00:00,9,26,금요일,7,2.66949305069493
2025-09-26 08:00:00,9,26,금요일,8,2.9586881311868813
2025-09-26 09:00:00,9,26,금요일,9,2.5360183981601834
2025-09-26 10:00:00,9,26,금요일,10,2.1133486651334863
2025-09-26 11:00:00,9,26,금요일,11,2.213454654534546
2025-09-26 12:00:00,9,26,금요일,12,2.335806419358064
2025-09-26 13:00:00,9,26,금요일,13,2.2468233176682326
2025-09-26 14:00:00,9,26,금요일,14,2.313560643935606
2025-09-26 15:00:00,9,26,금요일,15,2.5360183981601834
2025-09-26 16:00:00,9,26,금요일,16,2.758476152384761
2025-09-26 17:00:00,9,26,금요일,17,3.0254254574542547
2025-09-26 18:00:00,9,26,금요일,18,2.8252134786521346
2025-09-26 19:00:00,9,26,금요일,19,2.4025437456254375
2025-09-26 20:00:00,9,26,금요일,20,2.0132426757324264
2025-09-26 21:00:00,9,26,금요일,21,1.6573102689731025
2025-09-26 22:00:00,9,26,금요일,22,1.4014838516148382
2025-09-26 23:00:00,9,26,금요일,23,1.2346405359464054
2025-09-27 00:00:00,9,27,토요일,0,0.8228877112288767
2025-09-27 01:00:00,9,27,토요일,1,0.5340015998400158
2025-09-27 02:00:00,9,27,토요일,2,0.46396860313968585
2025-09-27 03:00:00,9,27,토요일,3,0.38518148185181467
2025-09-27 04:00:00,9,27,토요일,4,0.5077392260773921
2025-09-27 05:00:00,9,27,토요일,5,0.8929207079292067
2025-09-27 06:00:00,9,27,토요일,6,1.4882011798820112
2025-09-27 07:00:00,9,27,토요일,7,2.100989901009898
2025-09-27 08:00:00,9,27,토요일,8,2.3285971402859706
2025-09-27 09:00:00,9,27,토요일,9,1.995940405959403
2025-09-27 10:00:00,9,27,토요일,10,1.6632836716328359
2025-09-27 11:00:00,9,27,토요일,11,1.742070792920707
2025-09-27 12:00:00,9,27,토요일,12,1.838366163383661
2025-09-27 13:00:00,9,27,토요일,13,1.7683331666833308
2025-09-27 14:00:00,9,27,토요일,14,1.8208579142085783
2025-09-27 15:00:00,9,27,토요일,15,1.995940405959403
2025-09-27 16:00:00,9,27,토요일,16,2.171022897710228
2025-09-27 17:00:00,9,27,토요일,17,2.381121887811218
2025-09-27 18:00:00,9,27,토요일,18,2.2235476452354757
2025-09-27 19:00:00,9,27,토요일,19,1.8908909109089085
2025-09-27 20:00:00,9,27,토요일,20,1.5844965503449648
2025-09-27 21:00:00,9,27,토요일,21,1.3043645635436452
2025-09-27 22:00:00,9,27,토요일,22,1.1030196980301965
2025-09-27 23:00:00,9,27,토요일,23,0.971707829217078
2025-09-28 00:00:00,9,28,일요일,0,0.7260773922607737
2025-09-28 01:00:00,9,28,일요일,1,0.4711778822117787
2025-09-28 02:00:00,9,28,일요일,2,0.40938406159384055
2025-09-28 03:00:00,9,28,일요일,3,0.33986601339866007
2025-09-28 04:00:00,9,28,일요일,4,0.44800519948005185
2025-09-28 05:00:00,9,28,일요일,5,0.787871212878712
2025-09-28 06:00:00,9,28,일요일,6,1.3131186881311867
2025-09-28 07:00:00,9,28,일요일,7,1.8538146185381457
2025-09-28 08:00:00,9,28,일요일,8,2.054644535546445
2025-09-28 09:00:00,9,28,일요일,9,1.7611238876112383
2025-09-28 10:00:00,9,28,일요일,10,1.467603239676032
2025-09-28 11:00:00,9,28,일요일,11,1.5371212878712124
2025-09-28 12:00:00,9,28,일요일,12,1.6220877912208778
2025-09-28 13:00:00,9,28,일요일,13,1.5602939706029393
2025-09-28 14:00:00,9,28,일요일,14,1.606639336066393
2025-09-28 15:00:00,9,28,일요일,15,1.7611238876112383
2025-09-28 16:00:00,9,28,일요일,16,1.9156084391560841
2025-09-28 17:00:00,9,28,일요일,17,2.100989901009899
2025-09-28 18:00:00,9,28,일요일,18,1.9619538046195377
2025-09-28 19:00:00,9,28,일요일,19,1.6684331566843313
2025-09-28 20:00:00,9,28,일요일,20,1.3980851914808516
2025-09-28 21:00:00,9,28,일요일,21,1.1509099090090988
2025-09-28 22:00:00,9,28,일요일,22,0.9732526747325265
2025-09-28 23:00:00,9,28,일요일,23,0.8573892610738926
2025-09-29 00:00:00,9,29,월요일,0,1.016508349165083
2025-09-29 01:00:00,9,29,월요일,1,0.6596490350964901
2025-09-29 02:00:00,9,29,월요일,2,0.5731376862313767
2025-09-29 03:00:00,9,29,월요일,3,0.475812418758124
2025-09-29 04:00:00,9,29,월요일,4,0.6272072792720725
2025-09-29 05:00:00,9,29,월요일,5,1.1030196980301967
2025-09-29 06:00:00,9,29,월요일,6,1.838366163383661
2025-09-29 07:00:00,9,29,월요일,7,2.5953404659534036
2025-09-29 08:00:00,9,29,월요일,8,2.8765023497650226
2025-09-29 09:00:00,9,29,월요일,9,2.4655734426557334
2025-09-29 10:00:00,9,29,월요일,10,2.0546445355464447
2025-09-29 11:00:00,9,29,월요일,11,2.151969803019697
2025-09-29 12:00:00,9,29,월요일,12,2.2709229077092283
2025-09-29 13:00:00,9,29,월요일,13,2.184411558844115
2025-09-29 14:00:00,9,29,월요일,14,2.2492950704929497
2025-09-29 15:00:00,9,29,월요일,15,2.4655734426557334
2025-09-29 16:00:00,9,29,월요일,16,2.6818518148185175
2025-09-29 17:00:00,9,29,월요일,17,2.941385861413858
2025-09-29 18:00:00,9,29,월요일,18,2.7467353264673524
2025-09-29 19:00:00,9,29,월요일,19,2.3358064193580637
2025-09-29 20:00:00,9,29,월요일,20,1.9573192680731921
2025-09-29 21:00:00,9,29,월요일,21,1.6112738726127382
2025-09-29 22:00:00,9,29,월요일,22,1.362553744625537
2025-09-29 23:00:00,9,29,월요일,23,1.2003449655034495
2025-09-30 00:00:00,9,30,화요일,0,0.9681031896810316
2025-09-30 01:00:00,9,30,화요일,1,0.6282371762823716
2025-09-30 02:00:00,9,30,화요일,2,0.545845415458454
2025-09-30 03:00:00,9,30,화요일,3,0.4531546845315467
2025-09-30 04:00:00,9,30,화요일,4,0.5973402659734025
2025-09-30 05:00:00,9,30,화요일,5,1.0504949505049492
2025-09-30 06:00:00,9,30,화요일,6,1.7508249175082486
2025-09-30 07:00:00,9,30,화요일,7,2.4717528247175276
2025-09-30 08:00:00,9,30,화요일,8,2.73952604739526
2025-09-30 09:00:00,9,30,화요일,9,2.348165183481651
2025-09-30 10:00:00,9,30,화요일,10,1.9568043195680425
2025-09-30 11:00:00,9,30,화요일,11,2.04949505049495
2025-09-30 12:00:00,9,30,화요일,12,2.1627837216278367
2025-09-30 13:00:00,9,30,화요일,13,2.0803919608039187
2025-09-30 14:00:00,9,30,화요일,14,2.142185781421857
2025-09-30 15:00:00,9,30,화요일,15,2.348165183481651
2025-09-30 16:00:00,9,30,화요일,16,2.5541445855414455
2025-09-30 17:00:00,9,30,화요일,17,2.801319868013198
2025-09-30 18:00:00,9,30,화요일,18,2.6159384061593833
2025-09-30 19:00:00,9,30,화요일,19,2.224577542245775
2025-09-30 20:00:00,9,30,화요일,20,1.8641135886411353
2025-09-30 21:00:00,9,30,화요일,21,1.5345465453454652
2025-09-30 22:00:00,9,30,화요일,22,1.297670232976702
2025-09-30 23:00:00,9,30,화요일,23,1.1431856814318566
2025-10-01 00:00:00,10,1,수요일,0,1.0354004599540043
2025-10-01 01:00:00,10,1,수요일,1,0.6719088091190879
2025-10-01 02:00:00,10,1,수요일,2,0.5837896210378961
2025-10-01 03:00:00,10,1,수요일,3,0.48465553444655524
2025-10-01 04:00:00,10,1,수요일,4,0.6388641135886409
2025-10-01 05:00:00,10,1,수요일,5,1.123519648035196
2025-10-01 06:00:00,10,1,수요일,6,1.872532746725327
2025-10-01 07:00:00,10,1,수요일,7,2.6435756424357555
2025-10-01 08:00:00,10,1,수요일,8,2.9299630036996294
2025-10-01 09:00:00,10,1,수요일,9,2.5113968603139676
2025-10-01 10:00:00,10,1,수요일,10,2.0928307169283062
2025-10-01 11:00:00,10,1,수요일,11,2.1919648035196473
2025-10-01 12:00:00,10,1,수요일,12,2.3131286871312864
2025-10-01 13:00:00,10,1,수요일,13,2.225009499050094
2025-10-01 14:00:00,10,1,수요일,14,2.2910988901109883
2025-10-01 15:00:00,10,1,수요일,15,2.5113968603139676
2025-10-01 16:00:00,10,1,수요일,16,2.7316948305169477
2025-10-01 17:00:00,10,1,수요일,17,2.9960523947605235
2025-10-01 18:00:00,10,1,수요일,18,2.7977842215778415
2025-10-01 19:00:00,10,1,수요일,19,2.37921807819218
2025-10-01 20:00:00,10,1,수요일,20,1.9936966303369656
2025-10-01 21:00:00,10,1,수요일,21,1.6412198780121985
2025-10-01 22:00:00,10,1,수요일,22,1.3878772122787717
2025-10-01 23:00:00,10,1,수요일,23,1.2226537346265371
2025-10-02 00:00:00,10,2,목요일,0,1.0455514448555143
2025-10-02 01:00:00,10,2,목요일,1,0.6784961503849614
2025-10-02 02:00:00,10,2,목요일,2,0.5895130486951304
2025-10-02 03:00:00,10,2,목요일,3,0.4894070592940705
2025-10-02 04:00:00,10,2,목요일,4,0.6451274872512748
2025-10-02 05:00:00,10,2,목요일,5,1.1345345465453454
2025-10-02 06:00:00,10,2,목요일,6,1.890890910908909
2025-10-02 07:00:00,10,2,목요일,7,2.66949305069493
2025-10-02 08:00:00,10,2,목요일,8,2.9586881311868813
2025-10-02 09:00:00,10,2,목요일,9,2.5360183981601834
2025-10-02 10:00:00,10,2,목요일,10,2.1133486651334863
2025-10-02 11:00:00,10,2,목요일,11,2.213454654534546
2025-10-02 12:00:00,10,2,목요일,12,2.335806419358064
2025-10-02 13:00:00,10,2,목요일,13,2.2468233176682326
2025-10-02 14:00:00,10,2,목요일,14,2.313560643935606
2025-10-02 15:00:00,10,2,목요일,15,2.5360183981601834
2025-10-02 16:00:00,10,2,목요일,16,2.758476152384761
2025-10-02 17:00:00,10,2,목요일,17,3.0254254574542547
2025-10-02 18:00:00,10,2,목요일,18,2.8252134786521346
2025-10-02 19:00:00,10,2,목요일,19,2.4025437456254375
2025-10-02 20:00:00,10,2,목요일,20,2.0132426757324264
2025-10-02 21:00:00,10,2,목요일,21,1.6573102689731025
2025-10-02 22:00:00,10,2,목요일,22,1.4014838516148382
2025-10-02 23:00:00,10,2,목요일,23,1.2346405359464054
2025-10-03 00:00:00,10,3,금요일,0,1.0963063693630635
2025-10-03 01:00:00,10,3,금요일,1,0.7114328567143284
2025-10-03 02:00:00,10,3,금요일,2,0.6181301869813018
2025-10-03 03:00:00,10,3,금요일,3,0.5131646835316468
2025-10-03 04:00:00,10,3,금요일,4,0.6764443555644435
2025-10-03 05:00:00,10,3,금요일,5,1.1896090390960903
2025-10-03 06:00:00,10,3,금요일,6,1.982681731826817
2025-10-03 07:00:00,10,3,금요일,7,2.7990800919908003
2025-10-03 08:00:00,10,3,금요일,8,3.1023137686231377
2025-10-03 09:00:00,10,3,금요일,9,2.65912608739126
2025-10-03 10:00:00,10,3,금요일,10,2.2159384061593834
2025-10-03 11:00:00,10,3,금요일,11,2.3209039096090387
2025-10-03 12:00:00,10,3,금요일,12,2.449195080491951
2025-10-03 13:00:00,10,3,금요일,13,2.3558924107589236
2025-10-03 14:00:00,10,3,금요일,14,2.425869413058694
2025-10-03 15:00:00,10,3,금요일,15,2.65912608739126
2025-10-03 16:00:00,10,3,금요일,16,2.8923827617238276
2025-10-03 17:00:00,10,3,금요일,17,3.1722907709229076
2025-10-03 18:00:00,10,3,금요일,18,2.9623597640235975
2025-10-03 19:00:00,10,3,금요일,19,2.519172082791721
2025-10-03 20:00:00,10,3,금요일,20,2.1109729027097286
2025-10-03 21:00:00,10,3,금요일,21,1.7377622237776222
2025-10-03 22:00:00,10,3,금요일,22,1.4695170482951703
2025-10-03 23:00:00,10,3,금요일,23,1.2945745425457453
2025-10-04 00:00:00,10,4,토요일,0,0.8628337166283367
2025-10-04 01:00:00,10,4,토요일,1,0.5599240075992399
2025-10-04 02:00:00,10,4,토요일,2,0.48649135086491335
2025-10-04 03:00:00,10,4,토요일,3,0.40387961203879597
2025-10-04 04:00:00,10,4,토요일,4,0.5323867613238674
2025-10-04 05:00:00,10,4,토요일,5,0.9362663733626634
2025-10-04 06:00:00,10,4,토요일,6,1.560443955604439
2025-10-04 07:00:00,10,4,토요일,7,2.202979702029796
2025-10-04 08:00:00,10,4,토요일,8,2.4416358364163577
2025-10-04 09:00:00,10,4,토요일,9,2.0928307169283062
2025-10-04 10:00:00,10,4,토요일,10,1.7440255974402552
2025-10-04 11:00:00,10,4,토요일,11,1.8266373362663726
2025-10-04 12:00:00,10,4,토요일,12,1.927607239276072
2025-10-04 13:00:00,10,4,토요일,13,1.854174582541745
2025-10-04 14:00:00,10,4,토요일,14,1.90924907509249
2025-10-04 15:00:00,10,4,토요일,15,2.0928307169283062
2025-10-04 16:00:00,10,4,토요일,16,2.276412358764123
2025-10-04 17:00:00,10,4,토요일,17,2.4967103289671027
2025-10-04 18:00:00,10,4,토요일,18,2.331486851314868
2025-10-04 19:00:00,10,4,토요일,19,1.9826817318268168
2025-10-04 20:00:00,10,4,토요일,20,1.661413858614138
2025-10-04 21:00:00,10,4,토요일,21,1.367683231676832
2025-10-04 22:00:00,10,4,토요일,22,1.156564343565643
2025-10-04 23:00:00,10,4,토요일,23,1.0188781121887809
2025-10-05 00:00:00,10,5,일요일,0,0.7613238676132384
2025-10-05 01:00:00,10,5,일요일,1,0.49405059494050585
2025-10-05 02:00:00,10,5,일요일,2,0.42925707429257065
2025-10-05 03:00:00,10,5,일요일,3,0.35636436356364354
2025-10-05 04:00:00,10,5,일요일,4,0.4697530246975301
2025-10-05 05:00:00,10,5,일요일,5,0.8261173882611738
2025-10-05 06:00:00,10,5,일요일,6,1.376862313768623
2025-10-05 07:00:00,10,5,일요일,7,1.9438056194380555
2025-10-05 08:00:00,10,5,일요일,8,2.1543845615438455
2025-10-05 09:00:00,10,5,일요일,9,1.8466153384661528
2025-10-05 10:00:00,10,5,일요일,10,1.5388461153884605
2025-10-05 11:00:00,10,5,일요일,11,1.6117388261173877
2025-10-05 12:00:00,10,5,일요일,12,1.700829917008299
2025-10-05 13:00:00,10,5,일요일,13,1.6360363963603635
2025-10-05 14:00:00,10,5,일요일,14,1.684631536846315
2025-10-05 15:00:00,10,5,일요일,15,1.8466153384661528
2025-10-05 16:00:00,10,5,일요일,16,2.008599140085991
2025-10-05 17:00:00,10,5,일요일,17,2.2029797020297965
2025-10-05 18:00:00,10,5,일요일,18,2.0571942805719425
2025-10-05 19:00:00,10,5,일요일,19,1.7494250574942503
2025-10-05 20:00:00,10,5,일요일,20,1.4659534046595337
2025-10-05 21:00:00,10,5,일요일,21,1.206779322067793
2025-10-05 22:00:00,10,5,일요일,22,1.0204979502049791
2025-10-05 23:00:00,10,5,일요일,23,0.8990100989901009
2025-10-06 00:00:00,10,6,월요일,0,1.0658534146585337
2025-10-06 01:00:00,10,6,월요일,1,0.6916708329167082
2025-10-06 02:00:00,10,6,월요일,2,0.6009599040095989
2025-10-06 03:00:00,10,6,월요일,3,0.498910108989101
2025-10-06 04:00:00,10,6,월요일,4,0.6576542345765422
2025-10-06 05:00:00,10,6,월요일,5,1.1565643435656432
2025-10-06 06:00:00,10,6,월요일,6,1.927607239276072
2025-10-06 07:00:00,10,6,월요일,7,2.7213278672132777
2025-10-06 08:00:00,10,6,월요일,8,3.0161383861613835
2025-10-06 09:00:00,10,6,월요일,9,2.5852614738526136
2025-10-06 10:00:00,10,6,월요일,10,2.1543845615438446
2025-10-06 11:00:00,10,6,월요일,11,2.256434356564343
2025-10-06 12:00:00,10,6,월요일,12,2.381161883811618
2025-10-06 13:00:00,10,6,월요일,13,2.2904509549045087
2025-10-06 14:00:00,10,6,월요일,14,2.358484151584841
2025-10-06 15:00:00,10,6,월요일,15,2.5852614738526136
2025-10-06 16:00:00,10,6,월요일,16,2.812038796120387
2025-10-06 17:00:00,10,6,월요일,17,3.0841715828417153
2025-10-06 18:00:00,10,6,월요일,18,2.8800719928007195
2025-10-06 19:00:00,10,6,월요일,19,2.4491950804919504
2025-10-06 20:00:00,10,6,월요일,20,2.052334766523347
2025-10-06 21:00:00,10,6,월요일,21,1.6894910508949101
2025-10-06 22:00:00,10,6,월요일,22,1.4286971302869709
2025-10-06 23:00:00,10,6,월요일,23,1.2586141385861411
2025-10-07 00:00:00,10,7,화요일,0,1.0150984901509847
2025-10-07 01:00:00,10,7,화요일,1,0.6587341265873412
2025-10-07 02:00:00,10,7,화요일,2,0.5723427657234276
2025-10-07 03:00:00,10,7,화요일,3,0.4751524847515248
2025-10-07 04:00:00,10,7,화요일,4,0.6263373662633736
2025-10-07 05:00:00,10,7,화요일,5,1.1014898510148985
2025-10-07 06:00:00,10,7,화요일,6,1.835816418358164
2025-10-07 07:00:00,10,7,화요일,7,2.591740825917408
2025-10-07 08:00:00,10,7,화요일,8,2.872512748725127
2025-10-07 09:00:00,10,7,화요일,9,2.4621537846215373
2025-10-07 10:00:00,10,7,화요일,10,2.0517948205179475
2025-10-07 11:00:00,10,7,화요일,11,2.1489851014898504
2025-10-07 12:00:00,10,7,화요일,12,2.2677732226777323
2025-10-07 13:00:00,10,7,화요일,13,2.181381861813818
2025-10-07 14:00:00,10,7,화요일,14,2.2461753824617534
2025-10-07 15:00:00,10,7,화요일,15,2.4621537846215373
2025-10-07 16:00:00,10,7,화요일,16,2.6781321867813217
2025-10-07 17:00:00,10,7,화요일,17,2.9373062693730625
2025-10-07 18:00:00,10,7,화요일,18,2.742925707429257
2025-10-07 19:00:00,10,7,화요일,19,2.332566743325667
2025-10-07 20:00:00,10,7,화요일,20,1.9546045395460452
2025-10-07 21:00:00,10,7,화요일,21,1.6090390960903909
2025-10-07 22:00:00,10,7,화요일,22,1.360663933606639
2025-10-07 23:00:00,10,7,화요일,23,1.1986801319868012
2025-10-08 00:00:00,10,8,수요일,0,1.0354004599540043
2025-10-08 01:00:00,10,8,수요일,1,0.6719088091190879
2025-10-08 02:00:00,10,8,수요일,2,0.5837896210378961
2025-10-08 03:00:00,10,8,수요일,3,0.48465553444655524
2025-10-08 04:00:00,10,8,수요일,4,0.6388641135886409
2025-10-08 05:00:00,10,8,수요일,5,1.123519648035196
2025-10-08 06:00:00,10,8,수요일,6,1.872532746725327
2025-10-08 07:00:00,10,8,수요일,7,2.6435756424357555
2025-10-08 08:00:00,10,8,수요일,8,2.9299630036996294
2025-10-08 09:00:00,10,8,수요일,9,2.5113968603139676
2025-10-08 10:00:00,10,8,수요일,10,2.0928307169283062
2025-10-08 11:00:00,10,8,수요일,11,2.1919648035196473
2025-10-08 12:00:00,10,8,수요일,12,2.3131286871312864
2025-10-08 13:00:00,10,8,수요일,13,2.225009499050094
2025-10-08 14:00:00,10,8,수요일,14,2.2910988901109883
2025-10-08 15:00:00,10,8,수요일,15,2.5113968603139676
2025-10-08 16:00:00,10,8,수요일,16,2.7316948305169477
2025-10-08 17:00:00,10,8,수요일,17,2.9960523947605235
2025-10-08 18:00:00,10,8,수요일,18,2.7977842215778415
2025-10-08 19:00:00,10,8,수요일,19,2.37921807819218
2025-10-08 20:00:00,10,8,수요일,20,1.9936966303369656
2025-10-08 21:00:00,10,8,수요일,21,1.6412198780121985
2025-10-08 22:00:00,10,8,수요일,22,1.3878772122787717
2025-10-08 23:00:00,10,8,수요일,23,1.2226537346265371
2025-10-09 00:00:00,10,9,목요일,0,1.0455514448555143
2025-10-09 01:00:00,10,9,목요일,1,0.6784961503849614
2025-10-09 02:00:00,10,9,목요일,2,0.5895130486951304
2025-10-09 03:00:00,10,9,목요일,3,0.4894070592940705
2025-10-09 04:00:00,10,9,목요일,4,0.6451274872512748
2025-10-09 05:00:00,10,9,목요일,5,1.1345345465453454
2025-10-09 06:00:00,10,9,목요일,6,1.890890910908909
2025-10-09 07:00:00,10,9,목요일,7,2.66949305069493
2025-10-09 08:00:00,10,9,목요일,8,2.9586881311868813
2025-10-09 09:00:00,10,9,목요일,9,2.5360183981601834
2025-10-09 10:00:00,10,9,목요일,10,2.1133486651334863
2025-10-09 11:00:00,10,9,목요일,11,2.213454654534546
2025-10-09 12:00:00,10,9,목요일,12,2.335806419358064
2025-10-09 13:00:00,10,9,목요일,13,2.2468233176682326
2025-10-09 14:00:00,10,9,목요일,14,2.313560643935606
2025-10-09 15:00:00,10,9,목요일,15,2.5360183981601834
2025-10-09 16:00:00,10,9,목요일,16,2.758476152384761
2025-10-09 17:00:00,10,9,목요일,17,3.0254254574542547
2025-10-09 18:00:00,10,9,목요일,18,2.8252134786521346
2025-10-09 19:00:00,10,9,목요일,19,2.4025437456254375
2025-10-09 20:00:00,10,9,목요일,20,2.0132426757324264
2025-10-09 21:00:00,10,9,목요일,21,1.6573102689731025
2025-10-09 22:00:00,10,9,목요일,22,1.4014838516148382
2025-10-09 23:00:00,10,9,목요일,23,1.2346405359464054
2025-10-10 00:00:00,10,10,금요일,0,1.0963063693630635
2025-10-10 01:00:00,10,10,금요일,1,0.7114328567143284
2025-10-10 02:00:00,10,10,금요일,2,0.6181301869813018
2025-10-10 03:00:00,10,10,금요일,3,0.5131646835316468
2025-10-10 04:00:00,10,10,금요일,4,0.6764443555644435
2025-10-10 05:00:00,10,10,금요일,5,1.1896090390960903
2025-10-10 06:00:00,10,10,금요일,6,1.982681731826817
2025-10-10 07:00:00,10,10,금요일,7,2.7990800919908003
2025-10-10 08:00:00,10,10,금요일,8,3.1023137686231377
2025-10-10 09:00:00,10,10,금요일,9,2.65912608739126
2025-10-10 10:00:00,10,10,금요일,10,2.2159384061593834
2025-10-10 11:00:00,10,10,금요일,11,2.3209039096090387
2025-10-10 12:00:00,10,10,금요일,12,2.449195080491951
2025-10-10 13:00:00,10,10,금요일,13,2.3558924107589236
2025-10-10 14:00:00,10,10,금요일,14,2.425869413058694
2025-10-10 15:00:00,10,10,금요일,15,2.65912608739126
2025-10-10 16:00:00,10,10,금요일,16,2.8923827617238276
2025-10-10 17:00:00,10,10,금요일,17,3.1722907709229076
2025-10-10 18:00:00,10,10,금요일,18,2.9623597640235975
2025-10-10 19:00:00,10,10,금요일,19,2.519172082791721
2025-10-10 20:00:00,10,10,금요일,20,2.1109729027097286
2025-10-10 21:00:00,10,10,금요일,21,1.7377622237776222
2025-10-10 22:00:00,10,10,금요일,22,1.4695170482951703
2025-10-10 23:00:00,10,10,금요일,23,1.2945745425457453
2025-10-11 00:00:00,10,11,토요일,0,0.8628337166283367
2025-10-11 01:00:00,10,11,토요일,1,0.5599240075992399
2025-10-11 02:00:00,10,11,토요일,2,0.48649135086491335
2025-10-11 03:00:00,10,11,토요일,3,0.40387961203879597
2025-10-11 04:00:00,10,11,토요일,4,0.5323867613238674
2025-10-11 05:00:00,10,11,토요일,5,0.9362663733626634
2025-10-11 06:00:00,10,11,토요일,6,1.560443955604439
2025-10-11 07:00:00,10,11,토요일,7,2.202979702029796
2025-10-11 08:00:00,10,11,토요일,8,2.4416358364163577
2025-10-11 09:00:00,10,11,토요일,9,2.0928307169283062
2025-10-11 10:00:00,10,11,토요일,10,1.7440255974402552
2025-10-11 11:00:00,10,11,토요일,11,1.8266373362663726
2025-10-11 12:00:00,10,11,토요일,12,1.927607239276072
2025-10-11 13:00:00,10,11,토요일,13,1.854174582541745
2025-10-11 14:00:00,10,11,토요일,14,1.90924907509249
2025-10-11 15:00:00,10,11,토요일,15,2.0928307169283062
2025-10-11 16:00:00,10,11,토요일,16,2.276412358764123
2025-10-11 17:00:00,10,11,토요일,17,2.4967103289671027
2025-10-11 18:00:00,10,11,토요일,18,2.331486851314868
2025-10-11 19:00:00,10,11,토요일,19,1.9826817318268168
2025-10-11 20:00:00,10,11,토요일,20,1.661413858614138
2025-10-11 21:00:00,10,11,토요일,21,1.367683231676832
2025-10-11 22:00:00,10,11,토요일,22,1.156564343565643
2025-10-11 23:00:00,10,11,토요일,23,1.0188781121887809
2025-10-12 00:00:00,10,12,일요일,0,0.7613238676132384
2025-10-12 01:00:00,10,12,일요일,1,0.49405059494050585
2025-10-12 02:00:00,10,12,일요일,2,0.42925707429257065
2025-10-12 03:00:00,10,12,일요일,3,0.35636436356364354
2025-10-12 04:00:00,10,12,일요일,4,0.4697530246975301
2025-10-12 05:00:00,10,12,일요일,5,0.8261173882611738
2025-10-12 06:00:00,10,12,일요일,6,1.376862313768623
2025-10-12 07:00:00,10,12,일요일,7,1.9438056194380555
2025-10-12 08:00:00,10,12,일요일,8,2.1543845615438455
2025-10-12 09:00:00,10,12,일요일,9,1.8466153384661528
2025-10-12 10:00:00,10,12,일요일,10,1.5388461153884605
2025-10-12 11:00:00,10,12,일요일,11,1.6117388261173877
2025-10-12 12:00:00,10,12,일요일,12,1.700829917008299
2025-10-12 13:00:00,10,12,일요일,13,1.6360363963603635
2025-10-12 14:00:00,10,12,일요일,14,1.684631536846315
2025-10-12 15:00:00,10,12,일요일,15,1.8466153384661528
2025-10-12 16:00:00,10,12,일요일,16,2.008599140085991
2025-10-12 17:00:00,10,12,일요일,17,2.2029797020297965
2025-10-12 18:00:00,10,12,일요일,18,2.0571942805719425
2025-10-12 19:00:00,10,12,일요일,19,1.7494250574942503
2025-10-12 20:00:00,10,12,일요일,20,1.4659534046595337
2025-10-12 21:00:00,10,12,일요일,21,1.206779322067793
2025-10-12 22:00:00,10,12,일요일,22,1.0204979502049791
2025-10-12 23:00:00,10,12,일요일,23,0.8990100989901009
2025-10-13 00:00:00,10,13,월요일,0,1.0658534146585337
2025-10-13 01:00:00,10,13,월요일,1,0.6916708329167082
2025-10-13 02:00:00,10,13,월요일,2,0.6009599040095989
2025-10-13 03:00:00,10,13,월요일,3,0.498910108989101
2025-10-13 04:00:00,10,13,월요일,4,0.6576542345765422
2025-10-13 05:00:00,10,13,월요일,5,1.1565643435656432
2025-10-13 06:00:00,10,13,월요일,6,1.927607239276072
2025-10-13 07:00:00,10,13,월요일,7,2.7213278672132777
2025-10-13 08:00:00,10,13,월요일,8,3.0161383861613835
2025-10-13 09:00:00,10,13,월요일,9,2.5852614738526136
2025-10-13 10:00:00,10,13,월요일,10,2.1543845615438446
2025-10-13 11:00:00,10,13,월요일,11,2.256434356564343
2025-10-13 12:00:00,10,13,월요일,12,2.381161883811618
2025-10-13 13:00:00,10,13,월요일,13,2.2904509549045087
2025-10-13 14:00:00,10,13,월요일,14,2.358484151584841
2025-10-13 15:00:00,10,13,월요일,15,2.5852614738526136
2025-10-13 16:00:00,10,13,월요일,16,2.812038796120387
2025-10-13 17:00:00,10,13,월요일,17,3.0841715828417153
2025-10-13 18:00:00,10,13,월요일,18,2.8800719928007195
2025-10-13 19:00:00,10,13,월요일,19,2.4491950804919504
2025-10-13 20:00:00,10,13,월요일,20,2.052334766523347
2025-10-13 21:00:00,10,13,월요일,21,1.6894910508949101
2025-10-13 22:00:00,10,13,월요일,22,1.4286971302869709
2025-10-13 23:00:00,10,13,월요일,23,1.2586141385861411
2025-10-14 00:00:00,10,14,화요일,0,1.0150984901509847
2025-10-14 01:00:00,10,14,화요일,1,0.6587341265873412
2025-10-14 02:00:00,10,14,화요일,2,0.5723427657234276
2025-10-14 03:00:00,10,14,화요일,3,0.4751524847515248
2025-10-14 04:00:00,10,14,화요일,4,0.6263373662633736
2025-10-14 05:00:00,10,14,화요일,5,1.1014898510148985
2025-10-14 06:00:00,10,14,화요일,6,1.835816418358164
2025-10-14 07:00:00,10,14,화요일,7,2.591740825917408
2025-10-14 08:00:00,10,14,화요일,8,2.872512748725127
2025-10-14 09:00:00,10,14,화요일,9,2.4621537846215373
2025-10-14 10:00:00,10,14,화요일,10,2.0517948205179475
2025-10-14 11:00:00,10,14,화요일,11,2.1489851014898504
2025-10-14 12:00:00,10,14,화요일,12,2.2677732226777323
2025-10-14 13:00:00,10,14,화요일,13,2.181381861813818
2025-10-14 14:00:00,10,14,화요일,14,2.2461753824617534
2025-10-14 15:00:00,10,14,화요일,15,2.4621537846215373
2025-10-14 16:00:00,10,14,화요일,16,2.6781321867813217
2025-10-14 17:00:00,10,14,화요일,17,2.9373062693730625
2025-10-14 18:00:00,10,14,화요일,18,2.742925707429257
2025-10-14 19:00:00,10,14,화요일,19,2.332566743325667
2025-10-14 20:00:00,10,14,화요일,20,1.9546045395460452
2025-10-14 21:00:00,10,14,화요일,21,1.6090390960903909
2025-10-14 22:00:00,10,14,화요일,22,1.360663933606639
2025-10-14 23:00:00,10,14,화요일,23,1.1986801319868012
2025-10-15 00:00:00,10,15,수요일,0,1.0354004599540043
2025-10-15 01:00:00,10,15,수요일,1,0.6719088091190879
2025-10-15 02:00:00,10,15,수요일,2,0.5837896210378961
2025-10-15 03:00:00,10,15,수요일,3,0.48465553444655524
2025-10-15 04:00:00,10,15,수요일,4,0.6388641135886409
2025-10-15 05:00:00,10,15,수요일,5,1.123519648035196
2025-10-15 06:00:00,10,15,수요일,6,1.872532746725327
2025-10-15 07:00:00,10,15,수요일,7,2.6435756424357555
2025-10-15 08:00:00,10,15,수요일,8,2.9299630036996294
2025-10-15 09:00:00,10,15,수요일,9,2.5113968603139676
2025-10-15 10:00:00,10,15,수요일,10,2.0928307169283062
2025-10-15 11:00:00,10,15,수요일,11,2.1919648035196473
2025-10-15 12:00:00,10,15,수요일,12,2.3131286871312864
2025-10-15 13:00:00,10,15,수요일,13,2.225009499050094
2025-10-15 14:00:00,10,15,수요일,14,2.2910988901109883
2025-10-15 15:00:00,10,15,수요일,15,2.5113968603139676
2025-10-15 16:00:00,10,15,수요일,16,2.7316948305169477
2025-10-15 17:00:00,10,15,수요일,17,2.9960523947605235
2025-10-15 18:00:00,10,15,수요일,18,2.7977842215778415
2025-10-15 19:00:00,10,15,수요일,19,2.37921807819218
2025-10-15 20:00:00,10,15,수요일,20,1.9936966303369656
2025-10-15 21:00:00,10,15,수요일,21,1.6412198780121985
2025-10-15 22:00:00,10,15,수요일,22,1.3878772122787717
2025-10-15 23:00:00,10,15,수요일,23,1.2226537346265371
2025-10-16 00:00:00,10,16,목요일,0,1.0455514448555143
2025-10-16 01:00:00,10,16,목요일,1,0.6784961503849614
2025-10-16 02:00:00,10,16,목요일,2,0.5895130486951304
2025-10-16 03:00:00,10,16,목요일,3,0.4894070592940705
2025-10-16 04:00:00,10,16,목요일,4,0.6451274872512748
2025-10-16 05:00:00,10,16,목요일,5,1.1345345465453454
2025-10-16 06:00:00,10,16,목요일,6,1.890890910908909
2025-10-16 07:00:00,10,16,목요일,7,2.66949305069493
2025-10-16 08:00:00,10,16,목요일,8,2.9586881311868813
2025-10-16 09:00:00,10,16,목요일,9,2.5360183981601834
2025-10-16 10:00:00,10,16,목요일,10,2.1133486651334863
2025-10-16 11:00:00,10,16,목요일,11,2.213454654534546
2025-10-16 12:00:00,10,16,목요일,12,2.335806419358064
2025-10-16 13:00:00,10,16,목요일,13,2.2468233176682326
2025-10-16 14:00:00,10,16,목요일,14,2.313560643935606
2025-10-16 15:00:00,10,16,목요일,15,2.5360183981601834
2025-10-16 16:00:00,10,16,목요일,16,2.758476152384761
2025-10-16 17:00:00,10,16,목요일,17,3.0254254574542547
2025-10-16 18:00:00,10,16,목요일,18,2.8252134786521346
2025-10-16 19:00:00,10,16,목요일,19,2.4025437456254375
2025-10-16 20:00:00,10,16,목요일,20,2.0132426757324264
2025-10-16 21:00:00,10,16,목요일,21,1.6573102689731025
2025-10-16 22:00:00,10,16,목요일,22,1.4014838516148382
2025-10-16 23:00:00,10,16,목요일,23,1.2346405359464054
2025-10-17 00:00:00,10,17,금요일,0,1.0963063693630635
2025-10-17 01:00:00,10,17,금요일,1,0.7114328567143284
2025-10-17 02:00:00,10,17,금요일,2,0.6181301869813018
2025-10-17 03:00:00,10,17,금요일,3,0.5131646835316468
2025-10-17 04:00:00,10,17,금요일,4,0.6764443555644435
2025-10-17 05:00:00,10,17,금요일,5,1.1896090390960903
2025-10-17 06:00:00,10,17,금요일,6,1.982681731826817
2025-10-17 07:00:00,10,17,금요일,7,2.7990800919908003
2025-10-17 08:00:00,10,17,금요일,8,3.1023137686231377
2025-10-17 09:00:00,10,17,금요일,9,2.65912608739126
2025-10-17 10:00:00,10,17,금요일,10,2.2159384061593834
2025-10-17 11:00:00,10,17,금요일,11,2.3209039096090387
2025-10-17 12:00:00,10,17,금요일,12,2.449195080491951
2025-10-17 13:00:00,10,17,금요일,13,2.3558924107589236
2025-10-17 14:00:00,10,17,금요일,14,2.425869413058694
2025-10-17 15:00:00,10,17,금요일,15,2.65912608739126
2025-10-17 16:00:00,10,17,금요일,16,2.8923827617238276
2025-10-17 17:00:00,10,17,금요일,17,3.1722907709229076
2025-10-17 18:00:00,10,17,금요일,18,2.9623597640235975
2025-10-17 19:00:00,10,17,금요일,19,2.519172082791721
2025-10-17 20:00:00,10,17,금요일,20,2.1109729027097286
2025-10-17 21:00:00,10,17,금요일,21,1.7377622237776222
2025-10-17 22:00:00,10,17,금요일,22,1.4695170482951703
2025-10-17 23:00:00,10,17,금요일,23,1.2945745425457453
2025-10-18 00:00:00,10,18,토요일,0,0.8628337166283367
2025-10-18 01:00:00,10,18,토요일,1,0.5599240075992399
2025-10-18 02:00:00,10,18,토요일,2,0.48649135086491335
2025-10-18 03:00:00,10,18,토요일,3,0.40387961203879597
2025-10-18 04:00:00,10,18,토요일,4,0.5323867613238674
2025-10-18 05:00:00,10,18,토요일,5,0.9362663733626634
2025-10-18 06:00:00,10,18,토요일,6,1.560443955604439
2025-10-18 07:00:00,10,18,토요일,7,2.202979702029796
2025-10-18 08:00:00,10,18,토요일,8,2.4416358364163577
2025-10-18 09:00:00,10,18,토요일,9,2.0928307169283062
2025-10-18 10:00:00,10,18,토요일,10,1.7440255974402552
2025-10-18 11:00:00,10,18,토요일,11,1.8266373362663726
2025-10-18 12:00:00,10,18,토요일,12,1.927607239276072
2025-10-18 13:00:00,10,18,토요일,13,1.854174582541745
2025-10-18 14:00:00,10,18,토요일,14,1.90924907509249
2025-10-18 15:00:00,10,18,토요일,15,2.0928307169283062
2025-10-18 16:00:00,10,18,토요일,16,2.276412358764123
2025-10-18 17:00:00,10,18,토요일,17,2.4967103289671027
2025-10-18 18:00:00,10,18,토요일,18,2.331486851314868
2025-10-18 19:00:00,10,18,토요일,19,1.9826817318268168
2025-10-18 20:00:00,10,18,토요일,20,1.661413858614138
2025-10-18 21:00:00,10,18,토요일,21,1.367683231676832
2025-10-18 22:00:00,10,18,토요일,22,1.156564343565643
2025-10-18 23:00:00,10,18,토요일,23,1.0188781121887809
2025-10-19 00:00:00,10,19,일요일,0,0.7613238676132384
2025-10-19 01:00:00,10,19,일요일,1,0.49405059494050585
2025-10-19 02:00:00,10,19,일요일,2,0.42925707429257065
2025-10-19 03:00:00,10,19,일요일,3,0.35636436356364354
2025-10-19 04:00:00,10,19,일요일,4,0.4697530246975301
2025-10-19 05:00:00,10,19,일요일,5,0.8261173882611738
2025-10-19 06:00:00,10,19,일요일,6,1.376862313768623
2025-10-19 07:00:00,10,19,일요일,7,1.9438056194380555
2025-10-19 08:00:00,10,19,일요일,8,2.1543845615438455
2025-10-19 09:00:00,10,19,일요일,9,1.8466153384661528
2025-10-19 10:00:00,10,19,일요일,10,1.5388461153884605
2025-10-19 11:00:00,10,19,일요일,11,1.6117388261173877
2025-10-19 12:00:00,10,19,일요일,12,1.700829917008299
2025-10-19 13:00:00,10,19,일요일,13,1.6360363963603635
2025-10-19 14:00:00,10,19,일요일,14,1.684631536846315
2025-10-19 15:00:00,10,19,일요일,15,1.8466153384661528
2025-10-19 16:00:00,10,19,일요일,16,2.008599140085991
2025-10-19 17:00:00,10,19,일요일,17,2.2029797020297965
2025-10-19 18:00:00,10,19,일요일,18,2.0571942805719425
2025-10-19 19:00:00,10,19,일요일,19,1.7494250574942503
2025-10-19 20:00:00,10,19,일요일,20,1.4659534046595337
2025-10-19 21:00:00,10,19,일요일,21,1.206779322067793
2025-10-19 22:00:00,10,19,일요일,22,1.0204979502049791
2025-10-19 23:00:00,10,19,일요일,23,0.8990100989901009
2025-10-20 00:00:00,10,20,월요일,0,1.0658534146585337
2025-10-20 01:00:00,10,20,월요일,1,0.6916708329167082
2025-10-20 02:00:00,10,20,월요일,2,0.6009599040095989
2025-10-20 03:00:00,10,20,월요일,3,0.498910108989101
2025-10-20 04:00:00,10,20,월요일,4,0.6576542345765422
2025-10-20 05:00:00,10,20,월요일,5,1.1565643435656432
2025-10-20 06:00:00,10,20,월요일,6,1.927607239276072
2025-10-20 07:00:00,10,20,월요일,7,2.7213278672132777
2025-10-20 08:00:00,10,20,월요일,8,3.0161383861613835
2025-10-20 09:00:00,10,20,월요일,9,2.5852614738526136
2025-10-20 10:00:00,10,20,월요일,10,2.1543845615438446
2025-10-20 11:00:00,10,20,월요일,11,2.256434356564343
2025-10-20 12:00:00,10,20,월요일,12,2.381161883811618
2025-10-20 13:00:00,10,20,월요일,13,2.2904509549045087
2025-10-20 14:00:00,10,20,월요일,14,2.358484151584841
2025-10-20 15:00:00,10,20,월요일,15,2.5852614738526136
2025-10-20 16:00:00,10,20,월요일,16,2.812038796120387
2025-10-20 17:00:00,10,20,월요일,17,3.0841715828417153
2025-10-20 18:00:00,10,20,월요일,18,2.8800719928007195
2025-10-20 19:00:00,10,20,월요일,19,2.4491950804919504
2025-10-20 20:00:00,10,20,월요일,20,2.052334766523347
2025-10-20 21:00:00,10,20,월요일,21,1.6894910508949101
2025-10-20 22:00:00,10,20,월요일,22,1.4286971302869709
2025-10-20 23:00:00,10,20,월요일,23,1.2586141385861411
2025-10-21 00:00:00,10,21,화요일,0,1.0150984901509847
2025-10-21 01:00:00,10,21,화요일,1,0.6587341265873412
2025-10-21 02:00:00,10,21,화요일,2,0.5723427657234276
2025-10-21 03:00:00,10,21,화요일,3,0.4751524847515248
2025-10-21 04:00:00,10,21,화요일,4,0.6263373662633736
2025-10-21 05:00:00,10,21,화요일,5,1.1014898510148985
2025-10-21 06:00:00,10,21,화요일,6,1.835816418358164
2025-10-21 07:00:00,10,21,화요일,7,2.591740825917408
2025-10-21 08:00:00,10,21,화요일,8,2.872512748725127
2025-10-21 09:00:00,10,21,화요일,9,2.4621537846215373
2025-10-21 10:00:00,10,21,화요일,10,2.0517948205179475
2025-10-21 11:00:00,10,21,화요일,11,2.1489851014898504
2025-10-21 12:00:00,10,21,화요일,12,2.2677732226777323
2025-10-21 13:00:00,10,21,화요일,13,2.181381861813818
2025-10-21 14:00:00,10,21,화요일,14,2.2461753824617534
2025-10-21 15:00:00,10,21,화요일,15,2.4621537846215373
2025-10-21 16:00:00,10,21,화요일,16,2.6781321867813217
2025-10-21 17:00:00,10,21,화요일,17,2.9373062693730625
2025-10-21 18:00:00,10,21,화요일,18,2.742925707429257
2025-10-21 19:00:00,10,21,화요일,19,2.332566743325667
2025-10-21 20:00:00,10,21,화요일,20,1.9546045395460452
2025-10-21 21:00:00,10,21,화요일,21,1.6090390960903909
2025-10-21 22:00:00,10,21,화요일,22,1.360663933606639
2025-10-21 23:00:00,10,21,화요일,23,1.1986801319868012
2025-10-22 00:00:00,10,22,수요일,0,1.0354004599540043
2025-10-22 01:00:00,10,22,수요일,1,0.6719088091190879
2025-10-22 02:00:00,10,22,수요일,2,0.5837896210378961
2025-10-22 03:00:00,10,22,수요일,3,0.48465553444655524
2025-10-22 04:00:00,10,22,수요일,4,0.6388641135886409
2025-10-22 05:00:00,10,22,수요일,5,1.123519648035196
2025-10-22 06:00:00,10,22,수요일,6,1.872532746725327
2025-10-22 07:00:00,10,22,수요일,7,2.6435756424357555
2025-10-22 08:00:00,10,22,수요일,8,2.9299630036996294
2025-10-22 09:00:00,10,22,수요일,9,2.5113968603139676
2025-10-22 10:00:00,10,22,수요일,10,2.0928307169283062
2025-10-22 11:00:00,10,22,수요일,11,2.1919648035196473
2025-10-22 12:00:00,10,22,수요일,12,2.3131286871312864
2025-10-22 13:00:00,10,22,수요일,13,2.225009499050094
2025-10-22 14:00:00,10,22,수요일,14,2.2910988901109883
2025-10-22 15:00:00,10,22,수요일,15,2.5113968603139676
2025-10-22 16:00:00,10,22,수요일,16,2.7316948305169477
2025-10-22 17:00:00,10,22,수요일,17,2.9960523947605235
2025-10-22 18:00:00,10,22,수요일,18,2.7977842215778415
2025-10-22 19:00:00,10,22,수요일,19,2.37921807819218
2025-10-22 20:00:00,10,22,수요일,20,1.9936966303369656
2025-10-22 21:00:00,10,22,수요일,21,1.6412198780121985
2025-10-22 22:00:00,10,22,수요일,22,1.3878772122787717
2025-10-22 23:00:00,10,22,수요일,23,1.2226537346265371
2025-10-23 00:00:00,10,23,목요일,0,1.0455514448555143
2025-10-23 01:00:00,10,23,목요일,1,0.6784961503849614
2025-10-23 02:00:00,10,23,목요일,2,0.5895130486951304
2025-10-23 03:00:00,10,23,목요일,3,0.4894070592940705
2025-10-23 04:00:00,10,23,목요일,4,0.6451274872512748
2025-10-23 05:00:00,10,23,목요일,5,1.1345345465453454
2025-10-23 06:00:00,10,23,목요일,6,1.890890910908909
2025-10-23 07:00:00,10,23,목요일,7,2.66949305069493
2025-10-23 08:00:00,10,23,목요일,8,2.9586881311868813
2025-10-23 09:00:00,10,23,목요일,9,2.5360183981601834
2025-10-23 10:00:00,10,23,목요일,10,2.1133486651334863
2025-10-23 11:00:00,10,23,목요일,11,2.213454654534546
2025-10-23 12:00:00,10,23,목요일,12,2.335806419358064
2025-10-23 13:00:00,10,23,목요일,13,2.2468233176682326
2025-10-23 14:00:00,10,23,목요일,14,2.313560643935606
2025-10-23 15:00:00,10,23,목요일,15,2.5360183981601834
2025-10-23 16:00:00,10,23,목요일,16,2.758476152384761
2025-10-23 17:00:00,10,23,목요일,17,3.0254254574542547
2025-10-23 18:00:00,10,23,목요일,18,2.8252134786521346
2025-10-23 19:00:00,10,23,목요일,19,2.4025437456254375
2025-10-23 20:00:00,10,23,목요일,20,2.0132426757324264
2025-10-23 21:00:00,10,23,목요일,21,1.6573102689731025
2025-10-23 22:00:00,10,23,목요일,22,1.4014838516148382
2025-10-23 23:00:00,10,23,목요일,23,1.2346405359464054
2025-10-24 00:00:00,10,24,금요일,0,1.0963063693630635
2025-10-24 01:00:00,10,24,금요일,1,0.7114328567143284
2025-10-24 02:00:00,10,24,금요일,2,0.6181301869813018
2025-10-24 03:00:00,10,24,금요일,3,0.5131646835316468
2025-10-24 04:00:00,10,24,금요일,4,0.6764443555644435
2025-10-24 05:00:00,10,24,금요일,5,1.1896090390960903
2025-10-24 06:00:00,10,24,금요일,6,1.982681731826817
2025-10-24 07:00:00,10,24,금요일,7,2.7990800919908003
2025-10-24 08:00:00,10,24,금요일,8,3.1023137686231377
2025-10-24 09:00:00,10,24,금요일,9,2.65912608739126
2025-10-24 10:00:00,10,24,금요일,10,2.2159384061593834
2025-10-24 11:00:00,10,24,금요일,11,2.3209039096090387
2025-10-24 12:00:00,10,24,금요일,12,2.449195080491951
2025-10-24 13:00:00,10,24,금요일,13,2.3558924107589236
2025-10-24 14:00:00,10,24,금요일,14,2.425869413058694
2025-10-24 15:00:00,10,24,금요일,15,2.65912608739126
2025-10-24 16:00:00,10,24,금요일,16,2.8923827617238276
2025-10-24 17:00:00,10,24,금요일,17,3.1722907709229076
2025-10-24 18:00:00,10,24,금요일,18,2.9623597640235975
2025-10-24 19:00:00,10,24,금요일,19,2.519172082791721
2025-10-24 20:00:00,10,24,금요일,20,2.1109729027097286
2025-10-24 21:00:00,10,24,금요일,21,1.7377622237776222
2025-10-24 22:00:00,10,24,금요일,22,1.4695170482951703
2025-10-24 23:00:00,10,24,금요일,23,1.2945745425457453
2025-10-25 00:00:00,10,25,토요일,0,0.8628337166283367
2025-10-25 01:00:00,10,25,토요일,1,0.5599240075992399
2025-10-25 02:00:00,10,25,토요일,2,0.48649135086491335
2025-10-25 03:00:00,10,25,토요일,3,0.40387961203879597
2025-10-25 04:00:00,10,25,토요일,4,0.5323867613238674
2025-10-25 05:00:00,10,25,토요일,5,0.9362663733626634
2025-10-25 06:00:00,10,25,토요일,6,1.560443955604439
2025-10-25 07:00:00,10,25,토요일,7,2.202979702029796
2025-10-25 08:00:00,10,25,토요일,8,2.4416358364163577
2025-10-25 09:00:00,10,25,토요일,9,2.0928307169283062
2025-10-25 10:00:00,10,25,토요일,10,1.7440255974402552
2025-10-25 11:00:00,10,25,토요일,11,1.8266373362663726
2025-10-25 12:00:00,10,25,토요일,12,1.927607239276072
2025-10-25 13:00:00,10,25,토요일,13,1.854174582541745
2025-10-25 14:00:00,10,25,토요일,14,1.90924907509249
2025-10-25 15:00:00,10,25,토요일,15,2.0928307169283062
2025-10-25 16:00:00,10,25,토요일,16,2.276412358764123
2025-10-25 17:00:00,10,25,토요일,17,2.4967103289671027
2025-10-25 18:00:00,10,25,토요일,18,2.331486851314868
2025-10-25 19:00:00,10,25,토요일,19,1.9826817318268168
2025-10-25 20:00:00,10,25,토요일,20,1.661413858614138
2025-10-25 21:00:00,10,25,토요일,21,1.367683231676832
2025-10-25 22:00:00,10,25,토요일,22,1.156564343565643
2025-10-25 23:00:00,10,25,토요일,23,1.0188781121887809
2025-10-26 00:00:00,10,26,일요일,0,0.7613238676132384
2025-10-26 01:00:00,10,26,일요일,1,0.49405059494050585
2025-10-26 02:00:00,10,26,일요일,2,0.42925707429257065
2025-10-26 03:00:00,10,26,일요일,3,0.35636436356364354
2025-10-26 04:00:00,10,26,일요일,4,0.4697530246975301
2025-10-26 05:00:00,10,26,일요일,5,0.8261173882611738
2025-10-26 06:00:00,10,26,일요일,6,1.376862313768623
2025-10-26 07:00:00,10,26,일요일,7,1.9438056194380555
2025-10-26 08:00:00,10,26,일요일,8,2.1543845615438455
2025-10-26 09:00:00,10,26,일요일,9,1.8466153384661528
2025-10-26 10:00:00,10,26,일요일,10,1.5388461153884605
2025-10-26 11:00:00,10,26,일요일,11,1.6117388261173877
2025-10-26 12:00:00,10,26,일요일,12,1.700829917008299
2025-10-26 13:00:00,10,26,일요일,13,1.6360363963603635
2025-10-26 14:00:00,10,26,일요일,14,1.684631536846315
2025-10-26 15:00:00,10,26,일요일,15,1.8466153384661528
2025-10-26 16:00:00,10,26,일요일,16,2.008599140085991
2025-10-26 17:00:00,10,26,일요일,17,2.2029797020297965
2025-10-26 18:00:00,10,26,일요일,18,2.0571942805719425
2025-10-26 19:00:00,10,26,일요일,19,1.7494250574942503
2025-10-26 20:00:00,10,26,일요일,20,1.4659534046595337
2025-10-26 21:00:00,10,26,일요일,21,1.206779322067793
2025-10-26 22:00:00,10,26,일요일,22,1.0204979502049791
2025-10-26 23:00:00,10,26,일요일,23,0.8990100989901009
2025-10-27 00:00:00,10,27,월요일,0,1.0658534146585337
2025-10-27 01:00:00,10,27,월요일,1,0.6916708329167082
2025-10-27 02:00:00,10,27,월요일,2,0.6009599040095989
2025-10-27 03:00:00,10,27,월요일,3,0.498910108989101
2025-10-27 04:00:00,10,27,월요일,4,0.6576542345765422
2025-10-27 05:00:00,10,27,월요일,5,1.1565643435656432
2025-10-27 06:00:00,10,27,월요일,6,1.927607239276072
2025-10-27 07:00:00,10,27,월요일,7,2.7213278672132777
2025-10-27 08:00:00,10,27,월요일,8,3.0161383861613835
2025-10-27 09:00:00,10,27,월요일,9,2.5852614738526136
2025-10-27 10:00:00,10,27,월요일,10,2.1543845615438446
2025-10-27 11:00:00,10,27,월요일,11,2.256434356564343
2025-10-27 12:00:00,10,27,월요일,12,2.381161883811618
2025-10-27 13:00:00,10,27,월요일,13,2.2904509549045087
2025-10-27 14:00:00,10,27,월요일,14,2.358484151584841
2025-10-27 15:00:00,10,27,월요일,15,2.5852614738526136
2025-10-27 16:00:00,10,27,월요일,16,2.812038796120387
2025-10-27 17:00:00,10,27,월요일,17,3.0841715828417153
2025-10-27 18:00:00,10,27,월요일,18,2.8800719928007195
2025-10-27 19:00:00,10,27,월요일,19,2.4491950804919504
2025-10-27 20:00:00,10,27,월요일,20,2.052334766523347
2025-10-27 21:00:00,10,27,월요일,21,1.6894910508949101
2025-10-27 22:00:00,10,27,월요일,22,1.4286971302869709
2025-10-27 23:00:00,10,27,월요일,23,1.2586141385861411
2025-10-28 00:00:00,10,28,화요일,0,1.0150984901509847
2025-10-28 01:00:00,10,28,화요일,1,0.6587341265873412
2025-10-28 02:00:00,10,28,화요일,2,0.5723427657234276
2025-10-28 03:00:00,10,28,화요일,3,0.4751524847515248
2025-10-28 04:00:00,10,28,화요일,4,0.6263373662633736
2025-10-28 05:00:00,10,28,화요일,5,1.1014898510148985
2025-10-28 06:00:00,10,28,화요일,6,1.835816418358164
2025-10-28 07:00:00,10,28,화요일,7,2.591740825917408
2025-10-28 08:00:00,10,28,화요일,8,2.872512748725127
2025-10-28 09:00:00,10,28,화요일,9,2.4621537846215373
2025-10-28 10:00:00,10,28,화요일,10,2.0517948205179475
2025-10-28 11:00:00,10,28,화요일,11,2.1489851014898504
2025-10-28 12:00:00,10,28,화요일,12,2.2677732226777323
2025-10-28 13:00:00,10,28,화요일,13,2.181381861813818
2025-10-28 14:00:00,10,28,화요일,14,2.2461753824617534
2025-10-28 15:00:00,10,28,화요일,15,2.4621537846215373
2025-10-28 16:00:00,10,28,화요일,16,2.6781321867813217
2025-10-28 17:00:00,10,28,화요일,17,2.9373062693730625
2025-10-28 18:00:00,10,28,화요일,18,2.742925707429257
2025-10-28 19:00:00,10,28,화요일,19,2.332566743325667
2025-10-28 20:00:00,10,28,화요일,20,1.9546045395460452
2025-10-28 21:00:00,10,28,화요일,21,1.6090390960903909
2025-10-28 22:00:00,10,28,화요일,22,1.360663933606639
2025-10-28 23:00:00,10,28,화요일,23,1.1986801319868012
2025-10-29 00:00:00,10,29,수요일,0,1.0354004599540043
2025-10-29 01:00:00,10,29,수요일,1,0.6719088091190879
2025-10-29 02:00:00,10,29,수요일,2,0.5837896210378961
2025-10-29 03:00:00,10,29,수요일,3,0.48465553444655524
2025-10-29 04:00:00,10,29,수요일,4,0.6388641135886409
2025-10-29 05:00:00,10,29,수요일,5,1.123519648035196
2025-10-29 06:00:00,10,29,수요일,6,1.872532746725327
2025-10-29 07:00:00,10,29,수요일,7,2.6435756424357555
2025-10-29 08:00:00,10,29,수요일,8,2.9299630036996294
2025-10-29 09:00:00,10,29,수요일,9,2.5113968603139676
2025-10-29 10:00:00,10,29,수요일,10,2.0928307169283062
2025-10-29 11:00:00,10,29,수요일,11,2.1919648035196473
2025-10-29 12:00:00,10,29,수요일,12,2.3131286871312864
2025-10-29 13:00:00,10,29,수요일,13,2.225009499050094
2025-10-29 14:00:00,10,29,수요일,14,2.2910988901109883
2025-10-29 15:00:00,10,29,수요일,15,2.5113968603139676
2025-10-29 16:00:00,10,29,수요일,16,2.7316948305169477
2025-10-29 17:00:00,10,29,수요일,17,2.9960523947605235
2025-10-29 18:00:00,10,29,수요일,18,2.7977842215778415
2025-10-29 19:00:00,10,29,수요일,19,2.37921807819218
2025-10-29 20:00:00,10,29,수요일,20,1.9936966303369656
2025-10-29 21:00:00,10,29,수요일,21,1.6412198780121985
2025-10-29 22:00:00,10,29,수요일,22,1.3878772122787717
2025-10-29 23:00:00,10,29,수요일,23,1.2226537346265371
2025-10-30 00:00:00,10,30,목요일,0,1.0455514448555143
2025-10-30 01:00:00,10,30,목요일,1,0.6784961503849614
2025-10-30 02:00:00,10,30,목요일,2,0.5895130486951304
2025-10-30 03:00:00,10,30,목요일,3,0.4894070592940705
2025-10-30 04:00:00,10,30,목요일,4,0.6451274872512748
2025-10-30 05:00:00,10,30,목요일,5,1.1345345465453454
2025-10-30 06:00:00,10,30,목요일,6,1.890890910908909
2025-10-30 07:00:00,10,30,목요일,7,2.66949305069493
2025-10-30 08:00:00,10,30,목요일,8,2.9586881311868813
2025-10-30 09:00:00,10,30,목요일,9,2.5360183981601834
2025-10-30 10:00:00,10,30,목요일,10,2.1133486651334863
2025-10-30 11:00:00,10,30,목요일,11,2.213454654534546
2025-10-30 12:00:00,10,30,목요일,12,2.335806419358064
2025-10-30 13:00:00,10,30,목요일,13,2.2468233176682326
2025-10-30 14:00:00,10,30,목요일,14,2.313560643935606
2025-10-30 15:00:00,10,30,목요일,15,2.5360183981601834
2025-10-30 16:00:00,10,30,목요일,16,2.758476152384761
2025-10-30 17:00:00,10,30,목요일,17,3.0254254574542547
2025-10-30 18:00:00,10,30,목요일,18,2.8252134786521346
2025-10-30 19:00:00,10,30,목요일,19,2.4025437456254375
2025-10-30 20:00:00,10,30,목요일,20,2.0132426757324264
2025-10-30 21:00:00,10,30,목요일,21,1.6573102689731025
2025-10-30 22:00:00,10,30,목요일,22,1.4014838516148382
2025-10-30 23:00:00,10,30,목요일,23,1.2346405359464054
2025-10-31 00:00:00,10,31,금요일,0,1.0963063693630635
2025-10-31 01:00:00,10,31,금요일,1,0.7114328567143284
2025-10-31 02:00:00,10,31,금요일,2,0.6181301869813018
2025-10-31 03:00:00,10,31,금요일,3,0.5131646835316468
2025-10-31 04:00:00,10,31,금요일,4,0.6764443555644435
2025-10-31 05:00:00,10,31,금요일,5,1.1896090390960903
2025-10-31 06:00:00,10,31,금요일,6,1.982681731826817
2025-10-31 07:00:00,10,31,금요일,7,2.7990800919908003
2025-10-31 08:00:00,10,31,금요일,8,3.1023137686231377
2025-10-31 09:00:00,10,31,금요일,9,2.65912608739126
2025-10-31 10:00:00,10,31,금요일,10,2.2159384061593834
2025-10-31 11:00:00,10,31,금요일,11,2.3209039096090387
2025-10-31 12:00:00,10,31,금요일,12,2.449195080491951
2025-10-31 13:00:00,10,31,금요일,13,2.3558924107589236
2025-10-31 14:00:00,10,31,금요일,14,2.425869413058694
2025-10-31 15:00:00,10,31,금요일,15,2.65912608739126
2025-10-31 16:00:00,10,31,금요일,16,2.8923827617238276
2025-10-31 17:00:00,10,31,금요일,17,3.1722907709229076
2025-10-31 18:00:00,10,31,금요일,18,2.9623597640235975
2025-10-31 19:00:00,10,31,금요일,19,2.519172082791721
2025-10-31 20:00:00,10,31,금요일,20,2.1109729027097286
2025-10-31 21:00:00,10,31,금요일,21,1.7377622237776222
2025-10-31 22:00:00,10,31,금요일,22,1.4695170482951703
2025-10-31 23:00:00,10,31,금요일,23,1.2945745425457453
2025-11-01 00:00:00,11,1,토요일,0,0.8148985101489847
2025-11-01 01:00:00,11,1,토요일,1,0.528817118288171
2025-11-01 02:00:00,11,1,토요일,2,0.45946405359464043
2025-11-01 03:00:00,11,1,토요일,3,0.3814418558144185
2025-11-01 04:00:00,11,1,토요일,4,0.502809719028097
2025-11-01 05:00:00,11,1,토요일,5,0.8842515748425155
2025-11-01 06:00:00,11,1,토요일,6,1.4737526247375259
2025-11-01 07:00:00,11,1,토요일,7,2.0805919408059186
2025-11-01 08:00:00,11,1,토요일,8,2.3059894010598936
2025-11-01 09:00:00,11,1,토요일,9,1.9765623437656226
2025-11-01 10:00:00,11,1,토요일,10,1.6471352864713522
2025-11-01 11:00:00,11,1,토요일,11,1.7251574842515742
2025-11-01 12:00:00,11,1,토요일,12,1.820517948205179
2025-11-01 13:00:00,11,1,토요일,13,1.7511648835116482
2025-11-01 14:00:00,11,1,토요일,14,1.8031796820317962
2025-11-01 15:00:00,11,1,토요일,15,1.9765623437656226
2025-11-01 16:00:00,11,1,토요일,16,2.1499450054994496
2025-11-01 17:00:00,11,1,토요일,17,2.3580041995800416
2025-11-01 18:00:00,11,1,토요일,18,2.2019598040195976
2025-11-01 19:00:00,11,1,토요일,19,1.872532746725327
2025-11-01 20:00:00,11,1,토요일,20,1.5691130886911304
2025-11-01 21:00:00,11,1,토요일,21,1.291700829917008
2025-11-01 22:00:00,11,1,토요일,22,1.0923107689231073
2025-11-01 23:00:00,11,1,토요일,23,0.9622737726227375
2025-11-02 00:00:00,11,2,일요일,0,0.7190280971902807
2025-11-02 01:00:00,11,2,일요일,1,0.4666033396660333
2025-11-02 02:00:00,11,2,일요일,2,0.4054094590540945
2025-11-02 03:00:00,11,2,일요일,3,0.3365663433656634
2025-11-02 04:00:00,11,2,일요일,4,0.4436556344365562
2025-11-02 05:00:00,11,2,일요일,5,0.7802219778022196
2025-11-02 06:00:00,11,2,일요일,6,1.3003699630036993
2025-11-02 07:00:00,11,2,일요일,7,1.8358164183581636
2025-11-02 08:00:00,11,2,일요일,8,2.034696530346965
2025-11-02 09:00:00,11,2,일요일,9,1.7440255974402554
2025-11-02 10:00:00,11,2,일요일,10,1.453354664533546
2025-11-02 11:00:00,11,2,일요일,11,1.5221977802219773
2025-11-02 12:00:00,11,2,일요일,12,1.6063393660633933
2025-11-02 13:00:00,11,2,일요일,13,1.5451454854514544
2025-11-02 14:00:00,11,2,일요일,14,1.5910408959104085
2025-11-02 15:00:00,11,2,일요일,15,1.7440255974402554
2025-11-02 16:00:00,11,2,일요일,16,1.8970102989701025
2025-11-02 17:00:00,11,2,일요일,17,2.080591940805919
2025-11-02 18:00:00,11,2,일요일,18,1.9429057094290567
2025-11-02 19:00:00,11,2,일요일,19,1.6522347765223475
2025-11-02 20:00:00,11,2,일요일,20,1.3845115488451152
2025-11-02 21:00:00,11,2,일요일,21,1.13973602639736
2025-11-02 22:00:00,11,2,일요일,22,0.963803619638036
2025-11-02 23:00:00,11,2,일요일,23,0.8490650934906508
2025-11-03 00:00:00,11,3,월요일,0,1.006639336066393
2025-11-03 01:00:00,11,3,월요일,1,0.6532446755324466
2025-11-03 02:00:00,11,3,월요일,2,0.5675732426757323
2025-11-03 03:00:00,11,3,월요일,3,0.4711928807119287
2025-11-03 04:00:00,11,3,월요일,4,0.6211178882111787
2025-11-03 05:00:00,11,3,월요일,5,1.0923107689231075
2025-11-03 06:00:00,11,3,월요일,6,1.820517948205179
2025-11-03 07:00:00,11,3,월요일,7,2.570142985701429
2025-11-03 08:00:00,11,3,월요일,8,2.848575142485751
2025-11-03 09:00:00,11,3,월요일,9,2.4416358364163577
2025-11-03 10:00:00,11,3,월요일,10,2.034696530346965
2025-11-03 11:00:00,11,3,월요일,11,2.131076892310768
2025-11-03 12:00:00,11,3,월요일,12,2.2488751124887507
2025-11-03 13:00:00,11,3,월요일,13,2.163203679632036
2025-11-03 14:00:00,11,3,월요일,14,2.227457254274572
2025-11-03 15:00:00,11,3,월요일,15,2.4416358364163577
2025-11-03 16:00:00,11,3,월요일,16,2.6558144185581436
2025-11-03 17:00:00,11,3,월요일,17,2.9128287171282867
2025-11-03 18:00:00,11,3,월요일,18,2.7200679932006797
2025-11-03 19:00:00,11,3,월요일,19,2.3131286871312864
2025-11-03 20:00:00,11,3,월요일,20,1.9383161683831613
2025-11-03 21:00:00,11,3,월요일,21,1.5956304369563041
2025-11-03 22:00:00,11,3,월요일,22,1.3493250674932504
2025-11-03 23:00:00,11,3,월요일,23,1.1886911308869113
2025-11-04 00:00:00,11,4,화요일,0,0.9587041295870409
2025-11-04 01:00:00,11,4,화요일,1,0.6221377862213776
2025-11-04 02:00:00,11,4,화요일,2,0.5405459454054593
2025-11-04 03:00:00,11,4,화요일,3,0.4487551244875511
2025-11-04 04:00:00,11,4,화요일,4,0.5915408459154082
2025-11-04 05:00:00,11,4,화요일,5,1.0402959704029595
2025-11-04 06:00:00,11,4,화요일,6,1.7338266173382657
2025-11-04 07:00:00,11,4,화요일,7,2.447755224477551
2025-11-04 08:00:00,11,4,화요일,8,2.7129287071292865
2025-11-04 09:00:00,11,4,화요일,9,2.3253674632536736
2025-11-04 10:00:00,11,4,화요일,10,1.9378062193780614
2025-11-04 11:00:00,11,4,화요일,11,2.0295970402959695
2025-11-04 12:00:00,11,4,화요일,12,2.141785821417858
2025-11-04 13:00:00,11,4,화요일,13,2.060193980601939
2025-11-04 14:00:00,11,4,화요일,14,2.121387861213878
2025-11-04 15:00:00,11,4,화요일,15,2.3253674632536736
2025-11-04 16:00:00,11,4,화요일,16,2.5293470652934698
2025-11-04 17:00:00,11,4,화요일,17,2.774122587741225
2025-11-04 18:00:00,11,4,화요일,18,2.590540945905409
2025-11-04 19:00:00,11,4,화요일,19,2.2029797020297965
2025-11-04 20:00:00,11,4,화요일,20,1.8460153984601533
2025-11-04 21:00:00,11,4,화요일,21,1.51964803519648
2025-11-04 22:00:00,11,4,화요일,22,1.2850714928507145
2025-11-04 23:00:00,11,4,화요일,23,1.1320867913208676
2025-11-05 00:00:00,11,5,수요일,0,0.9778782121787818
2025-11-05 01:00:00,11,5,수요일,1,0.6345805419458053
2025-11-05 02:00:00,11,5,수요일,2,0.5513568643135685
2025-11-05 03:00:00,11,5,수요일,3,0.45773022697730215
2025-11-05 04:00:00,11,5,수요일,4,0.6033716628337165
2025-11-05 05:00:00,11,5,수요일,5,1.0611018898110187
2025-11-05 06:00:00,11,5,수요일,6,1.768503149685031
2025-11-05 07:00:00,11,5,수요일,7,2.496710328967102
2025-11-05 08:00:00,11,5,수요일,8,2.7671872812718723
2025-11-05 09:00:00,11,5,수요일,9,2.371874812518747
2025-11-05 10:00:00,11,5,수요일,10,1.9765623437656226
2025-11-05 11:00:00,11,5,수요일,11,2.070188981101889
2025-11-05 12:00:00,11,5,수요일,12,2.184621537846215
2025-11-05 13:00:00,11,5,수요일,13,2.101397860213978
2025-11-05 14:00:00,11,5,수요일,14,2.1638156184381554
2025-11-05 15:00:00,11,5,수요일,15,2.371874812518747
2025-11-05 16:00:00,11,5,수요일,16,2.5799340065993395
2025-11-05 17:00:00,11,5,수요일,17,2.82960503949605
2025-11-05 18:00:00,11,5,수요일,18,2.642351764823517
2025-11-05 19:00:00,11,5,수요일,19,2.2470392960703927
2025-11-05 20:00:00,11,5,수요일,20,1.8829357064293564
2025-11-05 21:00:00,11,5,수요일,21,1.5500409959004096
2025-11-05 22:00:00,11,5,수요일,22,1.3107729227077287
2025-11-05 23:00:00,11,5,수요일,23,1.1547285271472851
2025-11-06 00:00:00,11,6,목요일,0,0.9874652534746522
2025-11-06 01:00:00,11,6,목요일,1,0.640801919808019
2025-11-06 02:00:00,11,6,목요일,2,0.5567623237676231
2025-11-06 03:00:00,11,6,목요일,3,0.4622177782221777
2025-11-06 04:00:00,11,6,목요일,4,0.6092870712928705
2025-11-06 05:00:00,11,6,목요일,5,1.0715048495150483
2025-11-06 06:00:00,11,6,목요일,6,1.7858414158584137
2025-11-06 07:00:00,11,6,목요일,7,2.521187881211878
2025-11-06 08:00:00,11,6,목요일,8,2.794316568343165
2025-11-06 09:00:00,11,6,목요일,9,2.395128487151284
2025-11-06 10:00:00,11,6,목요일,10,1.9959404059594035
2025-11-06 11:00:00,11,6,목요일,11,2.0904849515048487
2025-11-06 12:00:00,11,6,목요일,12,2.2060393960603935
2025-11-06 13:00:00,11,6,목요일,13,2.1219998000199976
2025-11-06 14:00:00,11,6,목요일,14,2.1850294970502944
2025-11-06 15:00:00,11,6,목요일,15,2.395128487151284
2025-11-06 16:00:00,11,6,목요일,16,2.6052274772522743
2025-11-06 17:00:00,11,6,목요일,17,2.8573462653734625
2025-11-06 18:00:00,11,6,목요일,18,2.668257174282571
2025-11-06 19:00:00,11,6,목요일,19,2.2690690930906907
2025-11-06 20:00:00,11,6,목요일,20,1.9013958604139582
2025-11-06 21:00:00,11,6,목요일,21,1.5652374762523744
2025-11-06 22:00:00,11,6,목요일,22,1.323623637636236
2025-11-06 23:00:00,11,6,목요일,23,1.1660493950604938
2025-11-07 00:00:00,11,7,금요일,0,1.0354004599540043
2025-11-07 01:00:00,11,7,금요일,1,0.671908809119088
2025-11-07 02:00:00,11,7,금요일,2,0.5837896210378961
2025-11-07 03:00:00,11,7,금요일,3,0.4846555344465553
2025-11-07 04:00:00,11,7,금요일,4,0.638864113588641
2025-11-07 05:00:00,11,7,금요일,5,1.1235196480351963
2025-11-07 06:00:00,11,7,금요일,6,1.8725327467253272
2025-11-07 07:00:00,11,7,금요일,7,2.643575642435756
2025-11-07 08:00:00,11,7,금요일,8,2.92996300369963
2025-11-07 09:00:00,11,7,금요일,9,2.511396860313968
2025-11-07 10:00:00,11,7,금요일,10,2.0928307169283067
2025-11-07 11:00:00,11,7,금요일,11,2.1919648035196477
2025-11-07 12:00:00,11,7,금요일,12,2.313128687131287
2025-11-07 13:00:00,11,7,금요일,13,2.2250094990500946
2025-11-07 14:00:00,11,7,금요일,14,2.2910988901109883
2025-11-07 15:00:00,11,7,금요일,15,2.511396860313968
2025-11-07 16:00:00,11,7,금요일,16,2.731694830516948
2025-11-07 17:00:00,11,7,금요일,17,2.996052394760524
2025-11-07 18:00:00,11,7,금요일,18,2.797784221577842
2025-11-07 19:00:00,11,7,금요일,19,2.3792180781921806
2025-11-07 20:00:00,11,7,금요일,20,1.993696630336966
2025-11-07 21:00:00,11,7,금요일,21,1.6412198780121987
2025-11-07 22:00:00,11,7,금요일,22,1.387877212278772
2025-11-07 23:00:00,11,7,금요일,23,1.2226537346265374
2025-11-08 00:00:00,11,8,토요일,0,0.8148985101489847
2025-11-08 01:00:00,11,8,토요일,1,0.528817118288171
2025-11-08 02:00:00,11,8,토요일,2,0.45946405359464043
2025-11-08 03:00:00,11,8,토요일,3,0.3814418558144185
2025-11-08 04:00:00,11,8,토요일,4,0.502809719028097
2025-11-08 05:00:00,11,8,토요일,5,0.8842515748425155
2025-11-08 06:00:00,11,8,토요일,6,1.4737526247375259
2025-11-08 07:00:00,11,8,토요일,7,2.0805919408059186
2025-11-08 08:00:00,11,8,토요일,8,2.3059894010598936
2025-11-08 09:00:00,11,8,토요일,9,1.9765623437656226
2025-11-08 10:00:00,11,8,토요일,10,1.6471352864713522
2025-11-08 11:00:00,11,8,토요일,11,1.7251574842515742
2025-11-08 12:00:00,11,8,토요일,12,1.820517948205179
2025-11-08 13:00:00,11,8,토요일,13,1.7511648835116482
2025-11-08 14:00:00,11,8,토요일,14,1.8031796820317962
2025-11-08 15:00:00,11,8,토요일,15,1.9765623437656226
2025-11-08 16:00:00,11,8,토요일,16,2.1499450054994496
2025-11-08 17:00:00,11,8,토요일,17,2.3580041995800416
2025-11-08 18:00:00,11,8,토요일,18,2.2019598040195976
2025-11-08 19:00:00,11,8,토요일,19,1.872532746725327
2025-11-08 20:00:00,11,8,토요일,20,1.5691130886911304
2025-11-08 21:00:00,11,8,토요일,21,1.291700829917008
2025-11-08 22:00:00,11,8,토요일,22,1.0923107689231073
2025-11-08 23:00:00,11,8,토요일,23,0.9622737726227375
2025-11-09 00:00:00,11,9,일요일,0,0.7190280971902807
2025-11-09 01:00:00,11,9,일요일,1,0.4666033396660333
2025-11-09 02:00:00,11,9,일요일,2,0.4054094590540945
2025-11-09 03:00:00,11,9,일요일,3,0.3365663433656634
2025-11-09 04:00:00,11,9,일요일,4,0.4436556344365562
2025-11-09 05:00:00,11,9,일요일,5,0.7802219778022196
2025-11-09 06:00:00,11,9,일요일,6,1.3003699630036993
2025-11-09 07:00:00,11,9,일요일,7,1.8358164183581636
2025-11-09 08:00:00,11,9,일요일,8,2.034696530346965
2025-11-09 09:00:00,11,9,일요일,9,1.7440255974402554
2025-11-09 10:00:00,11,9,일요일,10,1.453354664533546
2025-11-09 11:00:00,11,9,일요일,11,1.5221977802219773
2025-11-09 12:00:00,11,9,일요일,12,1.6063393660633933
2025-11-09 13:00:00,11,9,일요일,13,1.5451454854514544
2025-11-09 14:00:00,11,9,일요일,14,1.5910408959104085
2025-11-09 15:00:00,11,9,일요일,15,1.7440255974402554
2025-11-09 16:00:00,11,9,일요일,16,1.8970102989701025
2025-11-09 17:00:00,11,9,일요일,17,2.080591940805919
2025-11-09 18:00:00,11,9,일요일,18,1.9429057094290567
2025-11-09 19:00:00,11,9,일요일,19,1.6522347765223475
2025-11-09 20:00:00,11,9,일요일,20,1.3845115488451152
2025-11-09 21:00:00,11,9,일요일,21,1.13973602639736
2025-11-09 22:00:00,11,9,일요일,22,0.963803619638036
2025-11-09 23:00:00,11,9,일요일,23,0.8490650934906508
2025-11-10 00:00:00,11,10,월요일,0,1.006639336066393
2025-11-10 01:00:00,11,10,월요일,1,0.6532446755324466
2025-11-10 02:00:00,11,10,월요일,2,0.5675732426757323
2025-11-10 03:00:00,11,10,월요일,3,0.4711928807119287
2025-11-10 04:00:00,11,10,월요일,4,0.6211178882111787
2025-11-10 05:00:00,11,10,월요일,5,1.0923107689231075
2025-11-10 06:00:00,11,10,월요일,6,1.820517948205179
2025-11-10 07:00:00,11,10,월요일,7,2.570142985701429
2025-11-10 08:00:00,11,10,월요일,8,2.848575142485751
2025-11-10 09:00:00,11,10,월요일,9,2.4416358364163577
2025-11-10 10:00:00,11,10,월요일,10,2.034696530346965
2025-11-10 11:00:00,11,10,월요일,11,2.131076892310768
2025-11-10 12:00:00,11,10,월요일,12,2.2488751124887507
2025-11-10 13:00:00,11,10,월요일,13,2.163203679632036
2025-11-10 14:00:00,11,10,월요일,14,2.227457254274572
2025-11-10 15:00:00,11,10,월요일,15,2.4416358364163577
2025-11-10 16:00:00,11,10,월요일,16,2.6558144185581436
2025-11-10 17:00:00,11,10,월요일,17,2.9128287171282867
2025-11-10 18:00:00,11,10,월요일,18,2.7200679932006797
2025-11-10 19:00:00,11,10,월요일,19,2.3131286871312864
2025-11-10 20:00:00,11,10,월요일,20,1.9383161683831613
2025-11-10 21:00:00,11,10,월요일,21,1.5956304369563041
2025-11-10 22:00:00,11,10,월요일,22,1.3493250674932504
2025-11-10 23:00:00,11,10,월요일,23,1.1886911308869113
2025-11-11 00:00:00,11,11,화요일,0,0.9587041295870409
2025-11-11 01:00:00,11,11,화요일,1,0.6221377862213776
2025-11-11 02:00:00,11,11,화요일,2,0.5405459454054593
2025-11-11 03:00:00,11,11,화요일,3,0.4487551244875511
2025-11-11 04:00:00,11,11,화요일,4,0.5915408459154082
2025-11-11 05:00:00,11,11,화요일,5,1.0402959704029595
2025-11-11 06:00:00,11,11,화요일,6,1.7338266173382657
2025-11-11 07:00:00,11,11,화요일,7,2.447755224477551
2025-11-11 08:00:00,11,11,화요일,8,2.7129287071292865
2025-11-11 09:00:00,11,11,화요일,9,2.3253674632536736
2025-11-11 10:00:00,11,11,화요일,10,1.9378062193780614
2025-11-11 11:00:00,11,11,화요일,11,2.0295970402959695
2025-11-11 12:00:00,11,11,화요일,12,2.141785821417858
2025-11-11 13:00:00,11,11,화요일,13,2.060193980601939
2025-11-11 14:00:00,11,11,화요일,14,2.121387861213878
2025-11-11 15:00:00,11,11,화요일,15,2.3253674632536736
2025-11-11 16:00:00,11,11,화요일,16,2.5293470652934698
2025-11-11 17:00:00,11,11,화요일,17,2.774122587741225
2025-11-11 18:00:00,11,11,화요일,18,2.590540945905409
2025-11-11 19:00:00,11,11,화요일,19,2.2029797020297965
2025-11-11 20:00:00,11,11,화요일,20,1.8460153984601533
2025-11-11 21:00:00,11,11,화요일,21,1.51964803519648
2025-11-11 22:00:00,11,11,화요일,22,1.2850714928507145
2025-11-11 23:00:00,11,11,화요일,23,1.1320867913208676
2025-11-12 00:00:00,11,12,수요일,0,0.9778782121787818
2025-11-12 01:00:00,11,12,수요일,1,0.6345805419458053
2025-11-12 02:00:00,11,12,수요일,2,0.5513568643135685
2025-11-12 03:00:00,11,12,수요일,3,0.45773022697730215
2025-11-12 04:00:00,11,12,수요일,4,0.6033716628337165
2025-11-12 05:00:00,11,12,수요일,5,1.0611018898110187
2025-11-12 06:00:00,11,12,수요일,6,1.768503149685031
2025-11-12 07:00:00,11,12,수요일,7,2.496710328967102
2025-11-12 08:00:00,11,12,수요일,8,2.7671872812718723
2025-11-12 09:00:00,11,12,수요일,9,2.371874812518747
2025-11-12 10:00:00,11,12,수요일,10,1.9765623437656226
2025-11-12 11:00:00,11,12,수요일,11,2.070188981101889
2025-11-12 12:00:00,11,12,수요일,12,2.184621537846215
2025-11-12 13:00:00,11,12,수요일,13,2.101397860213978
2025-11-12 14:00:00,11,12,수요일,14,2.1638156184381554
2025-11-12 15:00:00,11,12,수요일,15,2.371874812518747
2025-11-12 16:00:00,11,12,수요일,16,2.5799340065993395
2025-11-12 17:00:00,11,12,수요일,17,2.82960503949605
2025-11-12 18:00:00,11,12,수요일,18,2.642351764823517
2025-11-12 19:00:00,11,12,수요일,19,2.2470392960703927
2025-11-12 20:00:00,11,12,수요일,20,1.8829357064293564
2025-11-12 21:00:00,11,12,수요일,21,1.5500409959004096
2025-11-12 22:00:00,11,12,수요일,22,1.3107729227077287
2025-11-12 23:00:00,11,12,수요일,23,1.1547285271472851
2025-11-13 00:00:00,11,13,목요일,0,0.9874652534746522
2025-11-13 01:00:00,11,13,목요일,1,0.640801919808019
2025-11-13 02:00:00,11,13,목요일,2,0.5567623237676231
2025-11-13 03:00:00,11,13,목요일,3,0.4622177782221777
2025-11-13 04:00:00,11,13,목요일,4,0.6092870712928705
2025-11-13 05:00:00,11,13,목요일,5,1.0715048495150483
2025-11-13 06:00:00,11,13,목요일,6,1.7858414158584137
2025-11-13 07:00:00,11,13,목요일,7,2.521187881211878
2025-11-13 08:00:00,11,13,목요일,8,2.794316568343165
2025-11-13 09:00:00,11,13,목요일,9,2.395128487151284
2025-11-13 10:00:00,11,13,목요일,10,1.9959404059594035
2025-11-13 11:00:00,11,13,목요일,11,2.0904849515048487
2025-11-13 12:00:00,11,13,목요일,12,2.2060393960603935
2025-11-13 13:00:00,11,13,목요일,13,2.1219998000199976
2025-11-13 14:00:00,11,13,목요일,14,2.1850294970502944
2025-11-13 15:00:00,11,13,목요일,15,2.395128487151284
2025-11-13 16:00:00,11,13,목요일,16,2.6052274772522743
2025-11-13 17:00:00,11,13,목요일,17,2.8573462653734625
2025-11-13 18:00:00,11,13,목요일,18,2.668257174282571
2025-11-13 19:00:00,11,13,목요일,19,2.2690690930906907
2025-11-13 20:00:00,11,13,목요일,20,1.9013958604139582
2025-11-13 21:00:00,11,13,목요일,21,1.5652374762523744
2025-11-13 22:00:00,11,13,목요일,22,1.323623637636236
2025-11-13 23:00:00,11,13,목요일,23,1.1660493950604938
2025-11-14 00:00:00,11,14,금요일,0,1.0354004599540043
2025-11-14 01:00:00,11,14,금요일,1,0.671908809119088
2025-11-14 02:00:00,11,14,금요일,2,0.5837896210378961
2025-11-14 03:00:00,11,14,금요일,3,0.4846555344465553
2025-11-14 04:00:00,11,14,금요일,4,0.638864113588641
2025-11-14 05:00:00,11,14,금요일,5,1.1235196480351963
2025-11-14 06:00:00,11,14,금요일,6,1.8725327467253272
2025-11-14 07:00:00,11,14,금요일,7,2.643575642435756
2025-11-14 08:00:00,11,14,금요일,8,2.92996300369963
2025-11-14 09:00:00,11,14,금요일,9,2.511396860313968
2025-11-14 10:00:00,11,14,금요일,10,2.0928307169283067
2025-11-14 11:00:00,11,14,금요일,11,2.1919648035196477
2025-11-14 12:00:00,11,14,금요일,12,2.313128687131287
2025-11-14 13:00:00,11,14,금요일,13,2.2250094990500946
2025-11-14 14:00:00,11,14,금요일,14,2.2910988901109883
2025-11-14 15:00:00,11,14,금요일,15,2.511396860313968
2025-11-14 16:00:00,11,14,금요일,16,2.731694830516948
2025-11-14 17:00:00,11,14,금요일,17,2.996052394760524
2025-11-14 18:00:00,11,14,금요일,18,2.797784221577842
2025-11-14 19:00:00,11,14,금요일,19,2.3792180781921806
2025-11-14 20:00:00,11,14,금요일,20,1.993696630336966
2025-11-14 21:00:00,11,14,금요일,21,1.6412198780121987
2025-11-14 22:00:00,11,14,금요일,22,1.387877212278772
2025-11-14 23:00:00,11,14,금요일,23,1.2226537346265374
2025-11-15 00:00:00,11,15,토요일,0,0.8148985101489847
2025-11-15 01:00:00,11,15,토요일,1,0.528817118288171
2025-11-15 02:00:00,11,15,토요일,2,0.45946405359464043
2025-11-15 03:00:00,11,15,토요일,3,0.3814418558144185
2025-11-15 04:00:00,11,15,토요일,4,0.502809719028097
2025-11-15 05:00:00,11,15,토요일,5,0.8842515748425155
2025-11-15 06:00:00,11,15,토요일,6,1.4737526247375259
2025-11-15 07:00:00,11,15,토요일,7,2.0805919408059186
2025-11-15 08:00:00,11,15,토요일,8,2.3059894010598936
2025-11-15 09:00:00,11,15,토요일,9,1.9765623437656226
2025-11-15 10:00:00,11,15,토요일,10,1.6471352864713522
2025-11-15 11:00:00,11,15,토요일,11,1.7251574842515742
2025-11-15 12:00:00,11,15,토요일,12,1.820517948205179
2025-11-15 13:00:00,11,15,토요일,13,1.7511648835116482
2025-11-15 14:00:00,11,15,토요일,14,1.8031796820317962
2025-11-15 15:00:00,11,15,토요일,15,1.9765623437656226
2025-11-15 16:00:00,11,15,토요일,16,2.1499450054994496
2025-11-15 17:00:00,11,15,토요일,17,2.3580041995800416
2025-11-15 18:00:00,11,15,토요일,18,2.2019598040195976
2025-11-15 19:00:00,11,15,토요일,19,1.872532746725327
2025-11-15 20:00:00,11,15,토요일,20,1.5691130886911304
2025-11-15 21:00:00,11,15,토요일,21,1.291700829917008
2025-11-15 22:00:00,11,15,토요일,22,1.0923107689231073
2025-11-15 23:00:00,11,15,토요일,23,0.9622737726227375
2025-11-16 00:00:00,11,16,일요일,0,0.7190280971902807
2025-11-16 01:00:00,11,16,일요일,1,0.4666033396660333
2025-11-16 02:00:00,11,16,일요일,2,0.4054094590540945
2025-11-16 03:00:00,11,16,일요일,3,0.3365663433656634
2025-11-16 04:00:00,11,16,일요일,4,0.4436556344365562
2025-11-16 05:00:00,11,16,일요일,5,0.7802219778022196
2025-11-16 06:00:00,11,16,일요일,6,1.3003699630036993
2025-11-16 07:00:00,11,16,일요일,7,1.8358164183581636
2025-11-16 08:00:00,11,16,일요일,8,2.034696530346965
2025-11-16 09:00:00,11,16,일요일,9,1.7440255974402554
2025-11-16 10:00:00,11,16,일요일,10,1.453354664533546
2025-11-16 11:00:00,11,16,일요일,11,1.5221977802219773
2025-11-16 12:00:00,11,16,일요일,12,1.6063393660633933
2025-11-16 13:00:00,11,16,일요일,13,1.5451454854514544
2025-11-16 14:00:00,11,16,일요일,14,1.5910408959104085
2025-11-16 15:00:00,11,16,일요일,15,1.7440255974402554
2025-11-16 16:00:00,11,16,일요일,16,1.8970102989701025
2025-11-16 17:00:00,11,16,일요일,17,2.080591940805919
2025-11-16 18:00:00,11,16,일요일,18,1.9429057094290567
2025-11-16 19:00:00,11,16,일요일,19,1.6522347765223475
2025-11-16 20:00:00,11,16,일요일,20,1.3845115488451152
2025-11-16 21:00:00,11,16,일요일,21,1.13973602639736
2025-11-16 22:00:00,11,16,일요일,22,0.963803619638036
2025-11-16 23:00:00,11,16,일요일,23,0.8490650934906508
2025-11-17 00:00:00,11,17,월요일,0,1.006639336066393
2025-11-17 01:00:00,11,17,월요일,1,0.6532446755324466
2025-11-17 02:00:00,11,17,월요일,2,0.5675732426757323
2025-11-17 03:00:00,11,17,월요일,3,0.4711928807119287
2025-11-17 04:00:00,11,17,월요일,4,0.6211178882111787
2025-11-17 05:00:00,11,17,월요일,5,1.0923107689231075
2025-11-17 06:00:00,11,17,월요일,6,1.820517948205179
2025-11-17 07:00:00,11,17,월요일,7,2.570142985701429
2025-11-17 08:00:00,11,17,월요일,8,2.848575142485751
2025-11-17 09:00:00,11,17,월요일,9,2.4416358364163577
2025-11-17 10:00:00,11,17,월요일,10,2.034696530346965
2025-11-17 11:00:00,11,17,월요일,11,2.131076892310768
2025-11-17 12:00:00,11,17,월요일,12,2.2488751124887507
2025-11-17 13:00:00,11,17,월요일,13,2.163203679632036
2025-11-17 14:00:00,11,17,월요일,14,2.227457254274572
2025-11-17 15:00:00,11,17,월요일,15,2.4416358364163577
2025-11-17 16:00:00,11,17,월요일,16,2.6558144185581436
2025-11-17 17:00:00,11,17,월요일,17,2.9128287171282867
2025-11-17 18:00:00,11,17,월요일,18,2.7200679932006797
2025-11-17 19:00:00,11,17,월요일,19,2.3131286871312864
2025-11-17 20:00:00,11,17,월요일,20,1.9383161683831613
2025-11-17 21:00:00,11,17,월요일,21,1.5956304369563041
2025-11-17 22:00:00,11,17,월요일,22,1.3493250674932504
2025-11-17 23:00:00,11,17,월요일,23,1.1886911308869113
2025-11-18 00:00:00,11,18,화요일,0,0.9587041295870409
2025-11-18 01:00:00,11,18,화요일,1,0.6221377862213776
2025-11-18 02:00:00,11,18,화요일,2,0.5405459454054593
2025-11-18 03:00:00,11,18,화요일,3,0.4487551244875511
2025-11-18 04:00:00,11,18,화요일,4,0.5915408459154082
2025-11-18 05:00:00,11,18,화요일,5,1.0402959704029595
2025-11-18 06:00:00,11,18,화요일,6,1.7338266173382657
2025-11-18 07:00:00,11,18,화요일,7,2.447755224477551
2025-11-18 08:00:00,11,18,화요일,8,2.7129287071292865
2025-11-18 09:00:00,11,18,화요일,9,2.3253674632536736
2025-11-18 10:00:00,11,18,화요일,10,1.9378062193780614
2025-11-18 11:00:00,11,18,화요일,11,2.0295970402959695
2025-11-18 12:00:00,11,18,화요일,12,2.141785821417858
2025-11-18 13:00:00,11,18,화요일,13,2.060193980601939
2025-11-18 14:00:00,11,18,화요일,14,2.121387861213878
2025-11-18 15:00:00,11,18,화요일,15,2.3253674632536736
2025-11-18 16:00:00,11,18,화요일,16,2.5293470652934698
2025-11-18 17:00:00,11,18,화요일,17,2.774122587741225
2025-11-18 18:00:00,11,18,화요일,18,2.590540945905409
2025-11-18 19:00:00,11,18,화요일,19,2.2029797020297965
2025-11-18 20:00:00,11,18,화요일,20,1.8460153984601533
2025-11-18 21:00:00,11,18,화요일,21,1.51964803519648
2025-11-18 22:00:00,11,18,화요일,22,1.2850714928507145
2025-11-18 23:00:00,11,18,화요일,23,1.1320867913208676
2025-11-19 00:00:00,11,19,수요일,0,0.9778782121787818
2025-11-19 01:00:00,11,19,수요일,1,0.6345805419458053
2025-11-19 02:00:00,11,19,수요일,2,0.5513568643135685
2025-11-19 03:00:00,11,19,수요일,3,0.45773022697730215
2025-11-19 04:00:00,11,19,수요일,4,0.6033716628337165
2025-11-19 05:00:00,11,19,수요일,5,1.0611018898110187
2025-11-19 06:00:00,11,19,수요일,6,1.768503149685031
2025-11-19 07:00:00,11,19,수요일,7,2.496710328967102
2025-11-19 08:00:00,11,19,수요일,8,2.7671872812718723
2025-11-19 09:00:00,11,19,수요일,9,2.371874812518747
2025-11-19 10:00:00,11,19,수요일,10,1.9765623437656226
2025-11-19 11:00:00,11,19,수요일,11,2.070188981101889
2025-11-19 12:00:00,11,19,수요일,12,2.184621537846215
2025-11-19 13:00:00,11,19,수요일,13,2.101397860213978
2025-11-19 14:00:00,11,19,수요일,14,2.1638156184381554
2025-11-19 15:00:00,11,19,수요일,15,2.371874812518747
2025-11-19 16:00:00,11,19,수요일,16,2.5799340065993395
2025-11-19 17:00:00,11,19,수요일,17,2.82960503949605
2025-11-19 18:00:00,11,19,수요일,18,2.642351764823517
2025-11-19 19:00:00,11,19,수요일,19,2.2470392960703927
2025-11-19 20:00:00,11,19,수요일,20,1.8829357064293564
2025-11-19 21:00:00,11,19,수요일,21,1.5500409959004096
2025-11-19 22:00:00,11,19,수요일,22,1.3107729227077287
2025-11-19 23:00:00,11,19,수요일,23,1.1547285271472851
2025-11-20 00:00:00,11,20,목요일,0,0.9874652534746522
2025-11-20 01:00:00,11,20,목요일,1,0.640801919808019
2025-11-20 02:00:00,11,20,목요일,2,0.5567623237676231
2025-11-20 03:00:00,11,20,목요일,3,0.4622177782221777
2025-11-20 04:00:00,11,20,목요일,4,0.6092870712928705
2025-11-20 05:00:00,11,20,목요일,5,1.0715048495150483
2025-11-20 06:00:00,11,20,목요일,6,1.7858414158584137
2025-11-20 07:00:00,11,20,목요일,7,2.521187881211878
2025-11-20 08:00:00,11,20,목요일,8,2.794316568343165
2025-11-20 09:00:00,11,20,목요일,9,2.395128487151284
2025-11-20 10:00:00,11,20,목요일,10,1.9959404059594035
2025-11-20 11:00:00,11,20,목요일,11,2.0904849515048487
2025-11-20 12:00:00,11,20,목요일,12,2.2060393960603935
2025-11-20 13:00:00,11,20,목요일,13,2.1219998000199976
2025-11-20 14:00:00,11,20,목요일,14,2.1850294970502944
2025-11-20 15:00:00,11,20,목요일,15,2.395128487151284
2025-11-20 16:00:00,11,20,목요일,16,2.6052274772522743
2025-11-20 17:00:00,11,20,목요일,17,2.8573462653734625
2025-11-20 18:00:00,11,20,목요일,18,2.668257174282571
2025-11-20 19:00:00,11,20,목요일,19,2.2690690930906907
2025-11-20 20:00:00,11,20,목요일,20,1.9013958604139582
2025-11-20 21:00:00,11,20,목요일,21,1.5652374762523744
2025-11-20 22:00:00,11,20,목요일,22,1.323623637636236
2025-11-20 23:00:00,11,20,목요일,23,1.1660493950604938
2025-11-21 00:00:00,11,21,금요일,0,1.0354004599540043
2025-11-21 01:00:00,11,21,금요일,1,0.671908809119088
2025-11-21 02:00:00,11,21,금요일,2,0.5837896210378961
2025-11-21 03:00:00,11,21,금요일,3,0.4846555344465553
2025-11-21 04:00:00,11,21,금요일,4,0.638864113588641
2025-11-21 05:00:00,11,21,금요일,5,1.1235196480351963
2025-11-21 06:00:00,11,21,금요일,6,1.8725327467253272
2025-11-21 07:00:00,11,21,금요일,7,2.643575642435756
2025-11-21 08:00:00,11,21,금요일,8,2.92996300369963
2025-11-21 09:00:00,11,21,금요일,9,2.511396860313968
2025-11-21 10:00:00,11,21,금요일,10,2.0928307169283067
2025-11-21 11:00:00,11,21,금요일,11,2.1919648035196477
2025-11-21 12:00:00,11,21,금요일,12,2.313128687131287
2025-11-21 13:00:00,11,21,금요일,13,2.2250094990500946
2025-11-21 14:00:00,11,21,금요일,14,2.2910988901109883
2025-11-21 15:00:00,11,21,금요일,15,2.511396860313968
2025-11-21 16:00:00,11,21,금요일,16,2.731694830516948
2025-11-21 17:00:00,11,21,금요일,17,2.996052394760524
2025-11-21 18:00:00,11,21,금요일,18,2.797784221577842
2025-11-21 19:00:00,11,21,금요일,19,2.3792180781921806
2025-11-21 20:00:00,11,21,금요일,20,1.993696630336966
2025-11-21 21:00:00,11,21,금요일,21,1.6412198780121987
2025-11-21 22:00:00,11,21,금요일,22,1.387877212278772
2025-11-21 23:00:00,11,21,금요일,23,1.2226537346265374
2025-11-22 00:00:00,11,22,토요일,0,0.8148985101489847
2025-11-22 01:00:00,11,22,토요일,1,0.528817118288171
2025-11-22 02:00:00,11,22,토요일,2,0.45946405359464043
2025-11-22 03:00:00,11,22,토요일,3,0.3814418558144185
2025-11-22 04:00:00,11,22,토요일,4,0.502809719028097
2025-11-22 05:00:00,11,22,토요일,5,0.8842515748425155
2025-11-22 06:00:00,11,22,토요일,6,1.4737526247375259
2025-11-22 07:00:00,11,22,토요일,7,2.0805919408059186
2025-11-22 08:00:00,11,22,토요일,8,2.3059894010598936
2025-11-22 09:00:00,11,22,토요일,9,1.9765623437656226
2025-11-22 10:00:00,11,22,토요일,10,1.6471352864713522
2025-11-22 11:00:00,11,22,토요일,11,1.7251574842515742
2025-11-22 12:00:00,11,22,토요일,12,1.820517948205179
2025-11-22 13:00:00,11,22,토요일,13,1.7511648835116482
2025-11-22 14:00:00,11,22,토요일,14,1.8031796820317962
2025-11-22 15:00:00,11,22,토요일,15,1.9765623437656226
2025-11-22 16:00:00,11,22,토요일,16,2.1499450054994496
2025-11-22 17:00:00,11,22,토요일,17,2.3580041995800416
2025-11-22 18:00:00,11,22,토요일,18,2.2019598040195976
2025-11-22 19:00:00,11,22,토요일,19,1.872532746725327
2025-11-22 20:00:00,11,22,토요일,20,1.5691130886911304
2025-11-22 21:00:00,11,22,토요일,21,1.291700829917008
2025-11-22 22:00:00,11,22,토요일,22,1.0923107689231073
2025-11-22 23:00:00,11,22,토요일,23,0.9622737726227375
2025-11-23 00:00:00,11,23,일요일,0,0.7190280971902807
2025-11-23 01:00:00,11,23,일요일,1,0.4666033396660333
2025-11-23 02:00:00,11,23,일요일,2,0.4054094590540945
2025-11-23 03:00:00,11,23,일요일,3,0.3365663433656634
2025-11-23 04:00:00,11,23,일요일,4,0.4436556344365562
2025-11-23 05:00:00,11,23,일요일,5,0.7802219778022196
2025-11-23 06:00:00,11,23,일요일,6,1.3003699630036993
2025-11-23 07:00:00,11,23,일요일,7,1.8358164183581636
2025-11-23 08:00:00,11,23,일요일,8,2.034696530346965
2025-11-23 09:00:00,11,23,일요일,9,1.7440255974402554
2025-11-23 10:00:00,11,23,일요일,10,1.453354664533546
2025-11-23 11:00:00,11,23,일요일,11,1.5221977802219773
2025-11-23 12:00:00,11,23,일요일,12,1.6063393660633933
2025-11-23 13:00:00,11,23,일요일,13,1.5451454854514544
2025-11-23 14:00:00,11,23,일요일,14,1.5910408959104085
2025-11-23 15:00:00,11,23,일요일,15,1.7440255974402554
2025-11-23 16:00:00,11,23,일요일,16,1.8970102989701025
2025-11-23 17:00:00,11,23,일요일,17,2.080591940805919
2025-11-23 18:00:00,11,23,일요일,18,1.9429057094290567
2025-11-23 19:00:00,11,23,일요일,19,1.6522347765223475
2025-11-23 20:00:00,11,23,일요일,20,1.3845115488451152
2025-11-23 21:00:00,11,23,일요일,21,1.13973602639736
2025-11-23 22:00:00,11,23,일요일,22,0.963803619638036
2025-11-23 23:00:00,11,23,일요일,23,0.8490650934906508
2025-11-24 00:00:00,11,24,월요일,0,1.006639336066393
2025-11-24 01:00:00,11,24,월요일,1,0.6532446755324466
2025-11-24 02:00:00,11,24,월요일,2,0.5675732426757323
2025-11-24 03:00:00,11,24,월요일,3,0.4711928807119287
2025-11-24 04:00:00,11,24,월요일,4,0.6211178882111787
2025-11-24 05:00:00,11,24,월요일,5,1.0923107689231075
2025-11-24 06:00:00,11,24,월요일,6,1.820517948205179
2025-11-24 07:00:00,11,24,월요일,7,2.570142985701429
2025-11-24 08:00:00,11,24,월요일,8,2.848575142485751
2025-11-24 09:00:00,11,24,월요일,9,2.4416358364163577
2025-11-24 10:00:00,11,24,월요일,10,2.034696530346965
2025-11-24 11:00:00,11,24,월요일,11,2.131076892310768
2025-11-24 12:00:00,11,24,월요일,12,2.2488751124887507
2025-11-24 13:00:00,11,24,월요일,13,2.163203679632036
2025-11-24 14:00:00,11,24,월요일,14,2.227457254274572
2025-11-24 15:00:00,11,24,월요일,15,2.4416358364163577
2025-11-24 16:00:00,11,24,월요일,16,2.6558144185581436
2025-11-24 17:00:00,11,24,월요일,17,2.9128287171282867
2025-11-24 18:00:00,11,24,월요일,18,2.7200679932006797
2025-11-24 19:00:00,11,24,월요일,19,2.3131286871312864
2025-11-24 20:00:00,11,24,월요일,20,1.9383161683831613
2025-11-24 21:00:00,11,24,월요일,21,1.5956304369563041
2025-11-24 22:00:00,11,24,월요일,22,1.3493250674932504
2025-11-24 23:00:00,11,24,월요일,23,1.1886911308869113
2025-11-25 00:00:00,11,25,화요일,0,0.9587041295870409
2025-11-25 01:00:00,11,25,화요일,1,0.6221377862213776
2025-11-25 02:00:00,11,25,화요일,2,0.5405459454054593
2025-11-25 03:00:00,11,25,화요일,3,0.4487551244875511
2025-11-25 04:00:00,11,25,화요일,4,0.5915408459154082
2025-11-25 05:00:00,11,25,화요일,5,1.0402959704029595
2025-11-25 06:00:00,11,25,화요일,6,1.7338266173382657
2025-11-25 07:00:00,11,25,화요일,7,2.447755224477551
2025-11-25 08:00:00,11,25,화요일,8,2.7129287071292865
2025-11-25 09:00:00,11,25,화요일,9,2.3253674632536736
2025-11-25 10:00:00,11,25,화요일,10,1.9378062193780614
2025-11-25 11:00:00,11,25,화요일,11,2.0295970402959695
2025-11-25 12:00:00,11,25,화요일,12,2.141785821417858
2025-11-25 13:00:00,11,25,화요일,13,2.060193980601939
2025-11-25 14:00:00,11,25,화요일,14,2.121387861213878
2025-11-25 15:00:00,11,25,화요일,15,2.3253674632536736
2025-11-25 16:00:00,11,25,화요일,16,2.5293470652934698
2025-11-25 17:00:00,11,25,화요일,17,2.774122587741225
2025-11-25 18:00:00,11,25,화요일,18,2.590540945905409
2025-11-25 19:00:00,11,25,화요일,19,2.2029797020297965
2025-11-25 20:00:00,11,25,화요일,20,1.8460153984601533
2025-11-25 21:00:00,11,25,화요일,21,1.51964803519648
2025-11-25 22:00:00,11,25,화요일,22,1.2850714928507145
2025-11-25 23:00:00,11,25,화요일,23,1.1320867913208676
2025-11-26 00:00:00,11,26,수요일,0,0.9778782121787818
2025-11-26 01:00:00,11,26,수요일,1,0.6345805419458053
2025-11-26 02:00:00,11,26,수요일,2,0.5513568643135685
2025-11-26 03:00:00,11,26,수요일,3,0.45773022697730215
2025-11-26 04:00:00,11,26,수요일,4,0.6033716628337165
2025-11-26 05:00:00,11,26,수요일,5,1.0611018898110187
2025-11-26 06:00:00,11,26,수요일,6,1.768503149685031
2025-11-26 07:00:00,11,26,수요일,7,2.496710328967102
2025-11-26 08:00:00,11,26,수요일,8,2.7671872812718723
2025-11-26 09:00:00,11,26,수요일,9,2.371874812518747
2025-11-26 10:00:00,11,26,수요일,10,1.9765623437656226
2025-11-26 11:00:00,11,26,수요일,11,2.070188981101889
2025-11-26 12:00:00,11,26,수요일,12,2.184621537846215
2025-11-26 13:00:00,11,26,수요일,13,2.101397860213978
2025-11-26 14:00:00,11,26,수요일,14,2.1638156184381554
2025-11-26 15:00:00,11,26,수요일,15,2.371874812518747
2025-11-26 16:00:00,11,26,수요일,16,2.5799340065993395
2025-11-26 17:00:00,11,26,수요일,17,2.82960503949605
2025-11-26 18:00:00,11,26,수요일,18,2.642351764823517
2025-11-26 19:00:00,11,26,수요일,19,2.2470392960703927
2025-11-26 20:00:00,11,26,수요일,20,1.8829357064293564
2025-11-26 21:00:00,11,26,수요일,21,1.5500409959004096
2025-11-26 22:00:00,11,26,수요일,22,1.3107729227077287
2025-11-26 23:00:00,11,26,수요일,23,1.1547285271472851
2025-11-27 00:00:00,11,27,목요일,0,0.9874652534746522
2025-11-27 01:00:00,11,27,목요일,1,0.640801919808019
2025-11-27 02:00:00,11,27,목요일,2,0.5567623237676231
2025-11-27 03:00:00,11,27,목요일,3,0.4622177782221777
2025-11-27 04:00:00,11,27,목요일,4,0.6092870712928705
2025-11-27 05:00:00,11,27,목요일,5,1.0715048495150483
2025-11-27 06:00:00,11,27,목요일,6,1.7858414158584137
2025-11-27 07:00:00,11,27,목요일,7,2.521187881211878
2025-11-27 08:00:00,11,27,목요일,8,2.794316568343165
2025-11-27 09:00:00,11,27,목요일,9,2.395128487151284
2025-11-27 10:00:00,11,27,목요일,10,1.9959404059594035
2025-11-27 11:00:00,11,27,목요일,11,2.0904849515048487
2025-11-27 12:00:00,11,27,목요일,12,2.2060393960603935
2025-11-27 13:00:00,11,27,목요일,13,2.1219998000199976
2025-11-27 14:00:00,11,27,목요일,14,2.1850294970502944
2025-11-27 15:00:00,11,27,목요일,15,2.395128487151284
2025-11-27 16:00:00,11,27,목요일,16,2.6052274772522743
2025-11-27 17:00:00,11,27,목요일,17,2.8573462653734625
2025-11-27 18:00:00,11,27,목요일,18,2.668257174282571
2025-11-27 19:00:00,11,27,목요일,19,2.2690690930906907
2025-11-27 20:00:00,11,27,목요일,20,1.9013958604139582
2025-11-27 21:00:00,11,27,목요일,21,1.5652374762523744
2025-11-27 22:00:00,11,27,목요일,22,1.323623637636236
2025-11-27 23:00:00,11,27,목요일,23,1.1660493950604938
2025-11-28 00:00:00,11,28,금요일,0,1.0354004599540043
2025-11-28 01:00:00,11,28,금요일,1,0.671908809119088
2025-11-28 02:00:00,11,28,금요일,2,0.5837896210378961
2025-11-28 03:00:00,11,28,금요일,3,0.4846555344465553
2025-11-28 04:00:00,11,28,금요일,4,0.638864113588641
2025-11-28 05:00:00,11,28,금요일,5,1.1235196480351963
2025-11-28 06:00:00,11,28,금요일,6,1.8725327467253272
2025-11-28 07:00:00,11,28,금요일,7,2.643575642435756
2025-11-28 08:00:00,11,28,금요일,8,2.92996300369963
2025-11-28 09:00:00,11,28,금요일,9,2.511396860313968
2025-11-28 10:00:00,11,28,금요일,10,2.0928307169283067
2025-11-28 11:00:00,11,28,금요일,11,2.1919648035196477
2025-11-28 12:00:00,11,28,금요일,12,2.313128687131287
2025-11-28 13:00:00,11,28,금요일,13,2.2250094990500946
2025-11-28 14:00:00,11,28,금요일,14,2.2910988901109883
2025-11-28 15:00:00,11,28,금요일,15,2.511396860313968
2025-11-28 16:00:00,11,28,금요일,16,2.731694830516948
2025-11-28 17:00:00,11,28,금요일,17,2.996052394760524
2025-11-28 18:00:00,11,28,금요일,18,2.797784221577842
2025-11-28 19:00:00,11,28,금요일,19,2.3792180781921806
2025-11-28 20:00:00,11,28,금요일,20,1.993696630336966
2025-11-28 21:00:00,11,28,금요일,21,1.6412198780121987
2025-11-28 22:00:00,11,28,금요일,22,1.387877212278772
2025-11-28 23:00:00,11,28,금요일,23,1.2226537346265374
2025-11-29 00:00:00,11,29,토요일,0,0.8148985101489847
2025-11-29 01:00:00,11,29,토요일,1,0.528817118288171
2025-11-29 02:00:00,11,29,토요일,2,0.45946405359464043
2025-11-29 03:00:00,11,29,토요일,3,0.3814418558144185
2025-11-29 04:00:00,11,29,토요일,4,0.502809719028097
2025-11-29 05:00:00,11,29,토요일,5,0.8842515748425155
2025-11-29 06:00:00,11,29,토요일,6,1.4737526247375259
2025-11-29 07:00:00,11,29,토요일,7,2.0805919408059186
2025-11-29 08:00:00,11,29,토요일,8,2.3059894010598936
2025-11-29 09:00:00,11,29,토요일,9,1.9765623437656226
2025-11-29 10:00:00,11,29,토요일,10,1.6471352864713522
2025-11-29 11:00:00,11,29,토요일,11,1.7251574842515742
2025-11-29 12:00:00,11,29,토요일,12,1.820517948205179
2025-11-29 13:00:00,11,29,토요일,13,1.7511648835116482
2025-11-29 14:00:00,11,29,토요일,14,1.8031796820317962
2025-11-29 15:00:00,11,29,토요일,15,1.9765623437656226
2025-11-29 16:00:00,11,29,토요일,16,2.1499450054994496
2025-11-29 17:00:00,11,29,토요일,17,2.3580041995800416
2025-11-29 18:00:00,11,29,토요일,18,2.2019598040195976
2025-11-29 19:00:00,11,29,토요일,19,1.872532746725327
2025-11-29 20:00:00,11,29,토요일,20,1.5691130886911304
2025-11-29 21:00:00,11,29,토요일,21,1.291700829917008
2025-11-29 22:00:00,11,29,토요일,22,1.0923107689231073
2025-11-29 23:00:00,11,29,토요일,23,0.9622737726227375
2025-11-30 00:00:00,11,30,일요일,0,0.7190280971902807
2025-11-30 01:00:00,11,30,일요일,1,0.4666033396660333
2025-11-30 02:00:00,11,30,일요일,2,0.4054094590540945
2025-11-30 03:00:00,11,30,일요일,3,0.3365663433656634
2025-11-30 04:00:00,11,30,일요일,4,0.4436556344365562
2025-11-30 05:00:00,11,30,일요일,5,0.7802219778022196
2025-11-30 06:00:00,11,30,일요일,6,1.3003699630036993
2025-11-30 07:00:00,11,30,일요일,7,1.8358164183581636
2025-11-30 08:00:00,11,30,일요일,8,2.034696530346965
2025-11-30 09:00:00,11,30,일요일,9,1.7440255974402554
2025-11-30 10:00:00,11,30,일요일,10,1.453354664533546
2025-11-30 11:00:00,11,30,일요일,11,1.5221977802219773
2025-11-30 12:00:00,11,30,일요일,12,1.6063393660633933
2025-11-30 13:00:00,11,30,일요일,13,1.5451454854514544
2025-11-30 14:00:00,11,30,일요일,14,1.5910408959104085
2025-11-30 15:00:00,11,30,일요일,15,1.7440255974402554
2025-11-30 16:00:00,11,30,일요일,16,1.8970102989701025
2025-11-30 17:00:00,11,30,일요일,17,2.080591940805919
2025-11-30 18:00:00,11,30,일요일,18,1.9429057094290567
2025-11-30 19:00:00,11,30,일요일,19,1.6522347765223475
2025-11-30 20:00:00,11,30,일요일,20,1.3845115488451152
2025-11-30 21:00:00,11,30,일요일,21,1.13973602639736
2025-11-30 22:00:00,11,30,일요일,22,0.963803619638036
2025-11-30 23:00:00,11,30,일요일,23,0.8490650934906508
2025-12-01 00:00:00,12,1,월요일,0,0.9079492050794916
2025-12-01 01:00:00,12,1,월요일,1,0.5892010798920105
2025-12-01 02:00:00,12,1,월요일,2,0.5119288071192879
2025-12-01 03:00:00,12,1,월요일,3,0.42499750024997485
2025-12-01 04:00:00,12,1,월요일,4,0.5602239776022395
2025-12-01 05:00:00,12,1,월요일,5,0.9852214778522145
2025-12-01 06:00:00,12,1,월요일,6,1.6420357964203574
2025-12-01 07:00:00,12,1,월요일,7,2.318168183181681
2025-12-01 08:00:00,12,1,월요일,8,2.56930306969303
2025-12-01 09:00:00,12,1,월요일,9,2.202259774022597
2025-12-01 10:00:00,12,1,월요일,10,1.8352164783521638
2025-12-01 11:00:00,12,1,월요일,11,1.922147785221477
2025-12-01 12:00:00,12,1,월요일,12,2.028397160283971
2025-12-01 13:00:00,12,1,월요일,13,1.9511248875112481
2025-12-01 14:00:00,12,1,월요일,14,2.0090790920907904
2025-12-01 15:00:00,12,1,월요일,15,2.202259774022597
2025-12-01 16:00:00,12,1,월요일,16,2.395440455954404
2025-12-01 17:00:00,12,1,월요일,17,2.627257274272572
2025-12-01 18:00:00,12,1,월요일,18,2.453394660533946
2025-12-01 19:00:00,12,1,월요일,19,2.0863513648635132
2025-12-01 20:00:00,12,1,월요일,20,1.7482851714828511
2025-12-01 21:00:00,12,1,월요일,21,1.4391960803919603
2025-12-01 22:00:00,12,1,월요일,22,1.2170382961703825
2025-12-01 23:00:00,12,1,월요일,23,1.0721527847215275
2025-12-02 00:00:00,12,2,화요일,0,0.864713528647135
2025-12-02 01:00:00,12,2,화요일,1,0.5611438856114387
2025-12-02 02:00:00,12,2,화요일,2,0.4875512448755123
2025-12-02 03:00:00,12,2,화요일,3,0.40475952404759513
2025-12-02 04:00:00,12,2,화요일,4,0.5335466453354663
2025-12-02 05:00:00,12,2,화요일,5,0.9383061693830616
2025-12-02 06:00:00,12,2,화요일,6,1.5638436156384357
2025-12-02 07:00:00,12,2,화요일,7,2.2077792220777916
2025-12-02 08:00:00,12,2,화요일,8,2.4469553044695527
2025-12-02 09:00:00,12,2,화요일,9,2.097390260973902
2025-12-02 10:00:00,12,2,화요일,10,1.7478252174782516
2025-12-02 11:00:00,12,2,화요일,11,1.8306169383061688
2025-12-02 12:00:00,12,2,화요일,12,1.9318068193180677
2025-12-02 13:00:00,12,2,화요일,13,1.8582141785821413
2025-12-02 14:00:00,12,2,화요일,14,1.913408659134086
2025-12-02 15:00:00,12,2,화요일,15,2.097390260973902
2025-12-02 16:00:00,12,2,화요일,16,2.2813718628137183
2025-12-02 17:00:00,12,2,화요일,17,2.5021497850214973
2025-12-02 18:00:00,12,2,화요일,18,2.336566343365663
2025-12-02 19:00:00,12,2,화요일,19,1.9870012998700126
2025-12-02 20:00:00,12,2,화요일,20,1.6650334966503346
2025-12-02 21:00:00,12,2,화요일,21,1.3706629337066292
2025-12-02 22:00:00,12,2,화요일,22,1.1590840915908407
2025-12-02 23:00:00,12,2,화요일,23,1.0210978902109789
2025-12-03 00:00:00,12,3,수요일,0,0.8820077992200777
2025-12-03 01:00:00,12,3,수요일,1,0.5723667633236674
2025-12-03 02:00:00,12,3,수요일,2,0.49730226977302255
2025-12-03 03:00:00,12,3,수요일,3,0.412854714528547
2025-12-03 04:00:00,12,3,수요일,4,0.5442175782421755
2025-12-03 05:00:00,12,3,수요일,5,0.9570722927707226
2025-12-03 06:00:00,12,3,수요일,6,1.5951204879512042
2025-12-03 07:00:00,12,3,수요일,7,2.251934806519347
2025-12-03 08:00:00,12,3,수요일,8,2.4958944105589436
2025-12-03 09:00:00,12,3,수요일,9,2.1393380661933796
2025-12-03 10:00:00,12,3,수요일,10,1.7827817218278164
2025-12-03 11:00:00,12,3,수요일,11,1.867229277072292
2025-12-03 12:00:00,12,3,수요일,12,1.970442955704429
2025-12-03 13:00:00,12,3,수요일,13,1.895378462153784
2025-12-03 14:00:00,12,3,수요일,14,1.9516768323167675
2025-12-03 15:00:00,12,3,수요일,15,2.1393380661933796
2025-12-03 16:00:00,12,3,수요일,16,2.3269993000699922
2025-12-03 17:00:00,12,3,수요일,17,2.5521927807219273
2025-12-03 18:00:00,12,3,수요일,18,2.383297670232976
2025-12-03 19:00:00,12,3,수요일,19,2.0267413258674125
2025-12-03 20:00:00,12,3,수요일,20,1.6983341665833411
2025-12-03 21:00:00,12,3,수요일,21,1.3980761923807614
2025-12-03 22:00:00,12,3,수요일,22,1.1822657734226574
2025-12-03 23:00:00,12,3,수요일,23,1.0415198480151981
2025-12-04 00:00:00,12,4,목요일,0,0.8906549345065491
2025-12-04 01:00:00,12,4,목요일,1,0.5779782021797819
2025-12-04 02:00:00,12,4,목요일,2,0.5021777822217777
2025-12-04 03:00:00,12,4,목요일,3,0.416902309769023
2025-12-04 04:00:00,12,4,목요일,4,0.5495530446955302
2025-12-04 05:00:00,12,4,목요일,5,0.9664553544645533
2025-12-04 06:00:00,12,4,목요일,6,1.6107589241075888
2025-12-04 07:00:00,12,4,목요일,7,2.2740125987401254
2025-12-04 08:00:00,12,4,목요일,8,2.5203639636036392
2025-12-04 09:00:00,12,4,목요일,9,2.1603119688031187
2025-12-04 10:00:00,12,4,목요일,10,1.800259974002599
2025-12-04 11:00:00,12,4,목요일,11,1.885535446455354
2025-12-04 12:00:00,12,4,목요일,12,1.98976102389761
2025-12-04 13:00:00,12,4,목요일,13,1.9139606039396055
2025-12-04 14:00:00,12,4,목요일,14,1.9708109189081087
2025-12-04 15:00:00,12,4,목요일,15,2.1603119688031187
2025-12-04 16:00:00,12,4,목요일,16,2.34981301869813
2025-12-04 17:00:00,12,4,목요일,17,2.5772142785721424
2025-12-04 18:00:00,12,4,목요일,18,2.406663333666633
2025-12-04 19:00:00,12,4,목요일,19,2.046611338866113
2025-12-04 20:00:00,12,4,목요일,20,1.7149845015498446
2025-12-04 21:00:00,12,4,목요일,21,1.4117828217178279
2025-12-04 22:00:00,12,4,목요일,22,1.1938566143385658
2025-12-04 23:00:00,12,4,목요일,23,1.0517308269173082
2025-12-05 00:00:00,12,5,금요일,0,0.9338906109389059
2025-12-05 01:00:00,12,5,금요일,1,0.6060353964603539
2025-12-05 02:00:00,12,5,금요일,2,0.5265553444655534
2025-12-05 03:00:00,12,5,금요일,3,0.4371402859714028
2025-12-05 04:00:00,12,5,금요일,4,0.5762303769623036
2025-12-05 05:00:00,12,5,금요일,5,1.0133706629337065
2025-12-05 06:00:00,12,5,금요일,6,1.6889511048895107
2025-12-05 07:00:00,12,5,금요일,7,2.384401559844015
2025-12-05 08:00:00,12,5,금요일,8,2.642711728827117
2025-12-05 09:00:00,12,5,금요일,9,2.265181481851814
2025-12-05 10:00:00,12,5,금요일,10,1.8876512348765118
2025-12-05 11:00:00,12,5,금요일,11,1.9770662933706624
2025-12-05 12:00:00,12,5,금요일,12,2.0863513648635132
2025-12-05 13:00:00,12,5,금요일,13,2.0068713128687126
2025-12-05 14:00:00,12,5,금요일,14,2.0664813518648133
2025-12-05 15:00:00,12,5,금요일,15,2.265181481851814
2025-12-05 16:00:00,12,5,금요일,16,2.463881611838816
2025-12-05 17:00:00,12,5,금요일,17,2.7023217678232174
2025-12-05 18:00:00,12,5,금요일,18,2.523491650834916
2025-12-05 19:00:00,12,5,금요일,19,2.145961403859614
2025-12-05 20:00:00,12,5,금요일,20,1.7982361763823616
2025-12-05 21:00:00,12,5,금요일,21,1.4803159684031595
2025-12-05 22:00:00,12,5,금요일,22,1.2518108189181079
2025-12-05 23:00:00,12,5,금요일,23,1.1027857214278571
2025-12-06 00:00:00,12,6,토요일,0,0.7350064993500647
2025-12-06 01:00:00,12,6,토요일,1,0.47697230276972286
2025-12-06 02:00:00,12,6,토요일,2,0.41441855814418543
2025-12-06 03:00:00,12,6,토요일,3,0.3440455954404559
2025-12-06 04:00:00,12,6,토요일,4,0.45351464853514634
2025-12-06 05:00:00,12,6,토요일,5,0.7975602439756022
2025-12-06 06:00:00,12,6,토요일,6,1.3292670732926704
2025-12-06 07:00:00,12,6,토요일,7,1.8766123387661227
2025-12-06 08:00:00,12,6,토요일,8,2.0799120087991194
2025-12-06 09:00:00,12,6,토요일,9,1.7827817218278164
2025-12-06 10:00:00,12,6,토요일,10,1.4856514348565137
2025-12-06 11:00:00,12,6,토요일,11,1.5560243975602435
2025-12-06 12:00:00,12,6,토요일,12,1.6420357964203576
2025-12-06 13:00:00,12,6,토요일,13,1.5794820517948198
2025-12-06 14:00:00,12,6,토요일,14,1.626397360263973
2025-12-06 15:00:00,12,6,토요일,15,1.7827817218278164
2025-12-06 16:00:00,12,6,토요일,16,1.9391660833916602
2025-12-06 17:00:00,12,6,토요일,17,2.1268273172682726
2025-12-06 18:00:00,12,6,토요일,18,1.9860813918608133
2025-12-06 19:00:00,12,6,토요일,19,1.6889511048895107
2025-12-06 20:00:00,12,6,토요일,20,1.4152784721527842
2025-12-06 21:00:00,12,6,토요일,21,1.1650634936506346
2025-12-06 22:00:00,12,6,토요일,22,0.9852214778522145
2025-12-06 23:00:00,12,6,토요일,23,0.8679332066793319
2025-12-07 00:00:00,12,7,일요일,0,0.6485351464853513
2025-12-07 01:00:00,12,7,일요일,1,0.42085791420857904
2025-12-07 02:00:00,12,7,일요일,2,0.3656634336566343
2025-12-07 03:00:00,12,7,일요일,3,0.3035696430356964
2025-12-07 04:00:00,12,7,일요일,4,0.40015998400159974
2025-12-07 05:00:00,12,7,일요일,5,0.7037296270372961
2025-12-07 06:00:00,12,7,일요일,6,1.172882711728827
2025-12-07 07:00:00,12,7,일요일,7,1.6558344165583438
2025-12-07 08:00:00,12,7,일요일,8,1.8352164783521647
2025-12-07 09:00:00,12,7,일요일,9,1.5730426957304264
2025-12-07 10:00:00,12,7,일요일,10,1.3108689131086888
2025-12-07 11:00:00,12,7,일요일,11,1.3729627037296266
2025-12-07 12:00:00,12,7,일요일,12,1.4488551144885509
2025-12-07 13:00:00,12,7,일요일,13,1.393660633936606
2025-12-07 14:00:00,12,7,일요일,14,1.4350564943505646
2025-12-07 15:00:00,12,7,일요일,15,1.5730426957304264
2025-12-07 16:00:00,12,7,일요일,16,1.7110288971102887
2025-12-07 17:00:00,12,7,일요일,17,1.8766123387661233
2025-12-07 18:00:00,12,7,일요일,18,1.7524247575242473
2025-12-07 19:00:00,12,7,일요일,19,1.4902509749025097
2025-12-07 20:00:00,12,7,일요일,20,1.248775122487751
2025-12-07 21:00:00,12,7,일요일,21,1.0279972002799718
2025-12-07 22:00:00,12,7,일요일,22,0.8693130686931305
2025-12-07 23:00:00,12,7,일요일,23,0.7658234176582341
2025-12-08 00:00:00,12,8,월요일,0,0.9079492050794916
2025-12-08 01:00:00,12,8,월요일,1,0.5892010798920105
2025-12-08 02:00:00,12,8,월요일,2,0.5119288071192879
2025-12-08 03:00:00,12,8,월요일,3,0.42499750024997485
2025-12-08 04:00:00,12,8,월요일,4,0.5602239776022395
2025-12-08 05:00:00,12,8,월요일,5,0.9852214778522145
2025-12-08 06:00:00,12,8,월요일,6,1.6420357964203574
2025-12-08 07:00:00,12,8,월요일,7,2.318168183181681
2025-12-08 08:00:00,12,8,월요일,8,2.56930306969303
2025-12-08 09:00:00,12,8,월요일,9,2.202259774022597
2025-12-08 10:00:00,12,8,월요일,10,1.8352164783521638
2025-12-08 11:00:00,12,8,월요일,11,1.922147785221477
2025-12-08 12:00:00,12,8,월요일,12,2.028397160283971
2025-12-08 13:00:00,12,8,월요일,13,1.9511248875112481
2025-12-08 14:00:00,12,8,월요일,14,2.0090790920907904
2025-12-08 15:00:00,12,8,월요일,15,2.202259774022597
2025-12-08 16:00:00,12,8,월요일,16,2.395440455954404
2025-12-08 17:00:00,12,8,월요일,17,2.627257274272572
2025-12-08 18:00:00,12,8,월요일,18,2.453394660533946
2025-12-08 19:00:00,12,8,월요일,19,2.0863513648635132
2025-12-08 20:00:00,12,8,월요일,20,1.7482851714828511
2025-12-08 21:00:00,12,8,월요일,21,1.4391960803919603
2025-12-08 22:00:00,12,8,월요일,22,1.2170382961703825
2025-12-08 23:00:00,12,8,월요일,23,1.0721527847215275
2025-12-09 00:00:00,12,9,화요일,0,0.864713528647135
2025-12-09 01:00:00,12,9,화요일,1,0.5611438856114387
2025-12-09 02:00:00,12,9,화요일,2,0.4875512448755123
2025-12-09 03:00:00,12,9,화요일,3,0.40475952404759513
2025-12-09 04:00:00,12,9,화요일,4,0.5335466453354663
2025-12-09 05:00:00,12,9,화요일,5,0.9383061693830616
2025-12-09 06:00:00,12,9,화요일,6,1.5638436156384357
2025-12-09 07:00:00,12,9,화요일,7,2.2077792220777916
2025-12-09 08:00:00,12,9,화요일,8,2.4469553044695527
2025-12-09 09:00:00,12,9,화요일,9,2.097390260973902
2025-12-09 10:00:00,12,9,화요일,10,1.7478252174782516
2025-12-09 11:00:00,12,9,화요일,11,1.8306169383061688
2025-12-09 12:00:00,12,9,화요일,12,1.9318068193180677
2025-12-09 13:00:00,12,9,화요일,13,1.8582141785821413
2025-12-09 14:00:00,12,9,화요일,14,1.913408659134086
2025-12-09 15:00:00,12,9,화요일,15,2.097390260973902
2025-12-09 16:00:00,12,9,화요일,16,2.2813718628137183
2025-12-09 17:00:00,12,9,화요일,17,2.5021497850214973
2025-12-09 18:00:00,12,9,화요일,18,2.336566343365663
2025-12-09 19:00:00,12,9,화요일,19,1.9870012998700126
2025-12-09 20:00:00,12,9,화요일,20,1.6650334966503346
2025-12-09 21:00:00,12,9,화요일,21,1.3706629337066292
2025-12-09 22:00:00,12,9,화요일,22,1.1590840915908407
2025-12-09 23:00:00,12,9,화요일,23,1.0210978902109789
2025-12-10 00:00:00,12,10,수요일,0,0.8820077992200777
2025-12-10 01:00:00,12,10,수요일,1,0.5723667633236674
2025-12-10 02:00:00,12,10,수요일,2,0.49730226977302255
2025-12-10 03:00:00,12,10,수요일,3,0.412854714528547
2025-12-10 04:00:00,12,10,수요일,4,0.5442175782421755
2025-12-10 05:00:00,12,10,수요일,5,0.9570722927707226
2025-12-10 06:00:00,12,10,수요일,6,1.5951204879512042
2025-12-10 07:00:00,12,10,수요일,7,2.251934806519347
2025-12-10 08:00:00,12,10,수요일,8,2.4958944105589436
2025-12-10 09:00:00,12,10,수요일,9,2.1393380661933796
2025-12-10 10:00:00,12,10,수요일,10,1.7827817218278164
2025-12-10 11:00:00,12,10,수요일,11,1.867229277072292
2025-12-10 12:00:00,12,10,수요일,12,1.970442955704429
2025-12-10 13:00:00,12,10,수요일,13,1.895378462153784
2025-12-10 14:00:00,12,10,수요일,14,1.9516768323167675
2025-12-10 15:00:00,12,10,수요일,15,2.1393380661933796
2025-12-10 16:00:00,12,10,수요일,16,2.3269993000699922
2025-12-10 17:00:00,12,10,수요일,17,2.5521927807219273
2025-12-10 18:00:00,12,10,수요일,18,2.383297670232976
2025-12-10 19:00:00,12,10,수요일,19,2.0267413258674125
2025-12-10 20:00:00,12,10,수요일,20,1.6983341665833411
2025-12-10 21:00:00,12,10,수요일,21,1.3980761923807614
2025-12-10 22:00:00,12,10,수요일,22,1.1822657734226574
2025-12-10 23:00:00,12,10,수요일,23,1.0415198480151981
2025-12-11 00:00:00,12,11,목요일,0,0.8906549345065491
2025-12-11 01:00:00,12,11,목요일,1,0.5779782021797819
2025-12-11 02:00:00,12,11,목요일,2,0.5021777822217777
2025-12-11 03:00:00,12,11,목요일,3,0.416902309769023
2025-12-11 04:00:00,12,11,목요일,4,0.5495530446955302
2025-12-11 05:00:00,12,11,목요일,5,0.9664553544645533
2025-12-11 06:00:00,12,11,목요일,6,1.6107589241075888
2025-12-11 07:00:00,12,11,목요일,7,2.2740125987401254
2025-12-11 08:00:00,12,11,목요일,8,2.5203639636036392
2025-12-11 09:00:00,12,11,목요일,9,2.1603119688031187
2025-12-11 10:00:00,12,11,목요일,10,1.800259974002599
2025-12-11 11:00:00,12,11,목요일,11,1.885535446455354
2025-12-11 12:00:00,12,11,목요일,12,1.98976102389761
2025-12-11 13:00:00,12,11,목요일,13,1.9139606039396055
2025-12-11 14:00:00,12,11,목요일,14,1.9708109189081087
2025-12-11 15:00:00,12,11,목요일,15,2.1603119688031187
2025-12-11 16:00:00,12,11,목요일,16,2.34981301869813
2025-12-11 17:00:00,12,11,목요일,17,2.5772142785721424
2025-12-11 18:00:00,12,11,목요일,18,2.406663333666633
2025-12-11 19:00:00,12,11,목요일,19,2.046611338866113
2025-12-11 20:00:00,12,11,목요일,20,1.7149845015498446
2025-12-11 21:00:00,12,11,목요일,21,1.4117828217178279
2025-12-11 22:00:00,12,11,목요일,22,1.1938566143385658
2025-12-11 23:00:00,12,11,목요일,23,1.0517308269173082
2025-12-12 00:00:00,12,12,금요일,0,0.9338906109389059
2025-12-12 01:00:00,12,12,금요일,1,0.6060353964603539
2025-12-12 02:00:00,12,12,금요일,2,0.5265553444655534
2025-12-12 03:00:00,12,12,금요일,3,0.4371402859714028
2025-12-12 04:00:00,12,12,금요일,4,0.5762303769623036
2025-12-12 05:00:00,12,12,금요일,5,1.0133706629337065
2025-12-12 06:00:00,12,12,금요일,6,1.6889511048895107
2025-12-12 07:00:00,12,12,금요일,7,2.384401559844015
2025-12-12 08:00:00,12,12,금요일,8,2.642711728827117
2025-12-12 09:00:00,12,12,금요일,9,2.265181481851814
2025-12-12 10:00:00,12,12,금요일,10,1.8876512348765118
2025-12-12 11:00:00,12,12,금요일,11,1.9770662933706624
2025-12-12 12:00:00,12,12,금요일,12,2.0863513648635132
2025-12-12 13:00:00,12,12,금요일,13,2.0068713128687126
2025-12-12 14:00:00,12,12,금요일,14,2.0664813518648133
2025-12-12 15:00:00,12,12,금요일,15,2.265181481851814
2025-12-12 16:00:00,12,12,금요일,16,2.463881611838816
2025-12-12 17:00:00,12,12,금요일,17,2.7023217678232174
2025-12-12 18:00:00,12,12,금요일,18,2.523491650834916
2025-12-12 19:00:00,12,12,금요일,19,2.145961403859614
2025-12-12 20:00:00,12,12,금요일,20,1.7982361763823616
2025-12-12 21:00:00,12,12,금요일,21,1.4803159684031595
2025-12-12 22:00:00,12,12,금요일,22,1.2518108189181079
2025-12-12 23:00:00,12,12,금요일,23,1.1027857214278571
2025-12-13 00:00:00,12,13,토요일,0,0.7350064993500647
2025-12-13 01:00:00,12,13,토요일,1,0.47697230276972286
2025-12-13 02:00:00,12,13,토요일,2,0.41441855814418543
2025-12-13 03:00:00,12,13,토요일,3,0.3440455954404559
2025-12-13 04:00:00,12,13,토요일,4,0.45351464853514634
2025-12-13 05:00:00,12,13,토요일,5,0.7975602439756022
2025-12-13 06:00:00,12,13,토요일,6,1.3292670732926704
2025-12-13 07:00:00,12,13,토요일,7,1.8766123387661227
2025-12-13 08:00:00,12,13,토요일,8,2.0799120087991194
2025-12-13 09:00:00,12,13,토요일,9,1.7827817218278164
2025-12-13 10:00:00,12,13,토요일,10,1.4856514348565137
2025-12-13 11:00:00,12,13,토요일,11,1.5560243975602435
2025-12-13 12:00:00,12,13,토요일,12,1.6420357964203576
2025-12-13 13:00:00,12,13,토요일,13,1.5794820517948198
2025-12-13 14:00:00,12,13,토요일,14,1.626397360263973
2025-12-13 15:00:00,12,13,토요일,15,1.7827817218278164
2025-12-13 16:00:00,12,13,토요일,16,1.9391660833916602
2025-12-13 17:00:00,12,13,토요일,17,2.1268273172682726
2025-12-13 18:00:00,12,13,토요일,18,1.9860813918608133
2025-12-13 19:00:00,12,13,토요일,19,1.6889511048895107
2025-12-13 20:00:00,12,13,토요일,20,1.4152784721527842
2025-12-13 21:00:00,12,13,토요일,21,1.1650634936506346
2025-12-13 22:00:00,12,13,토요일,22,0.9852214778522145
2025-12-13 23:00:00,12,13,토요일,23,0.8679332066793319
2025-12-14 00:00:00,12,14,일요일,0,0.6485351464853513
2025-12-14 01:00:00,12,14,일요일,1,0.42085791420857904
2025-12-14 02:00:00,12,14,일요일,2,0.3656634336566343
2025-12-14 03:00:00,12,14,일요일,3,0.3035696430356964
2025-12-14 04:00:00,12,14,일요일,4,0.40015998400159974
2025-12-14 05:00:00,12,14,일요일,5,0.7037296270372961
2025-12-14 06:00:00,12,14,일요일,6,1.172882711728827
2025-12-14 07:00:00,12,14,일요일,7,1.6558344165583438
2025-12-14 08:00:00,12,14,일요일,8,1.8352164783521647
2025-12-14 09:00:00,12,14,일요일,9,1.5730426957304264
2025-12-14 10:00:00,12,14,일요일,10,1.3108689131086888
2025-12-14 11:00:00,12,14,일요일,11,1.3729627037296266
2025-12-14 12:00:00,12,14,일요일,12,1.4488551144885509
2025-12-14 13:00:00,12,14,일요일,13,1.393660633936606
2025-12-14 14:00:00,12,14,일요일,14,1.4350564943505646
2025-12-14 15:00:00,12,14,일요일,15,1.5730426957304264
2025-12-14 16:00:00,12,14,일요일,16,1.7110288971102887
2025-12-14 17:00:00,12,14,일요일,17,1.8766123387661233
2025-12-14 18:00:00,12,14,일요일,18,1.7524247575242473
2025-12-14 19:00:00,12,14,일요일,19,1.4902509749025097
2025-12-14 20:00:00,12,14,일요일,20,1.248775122487751
2025-12-14 21:00:00,12,14,일요일,21,1.0279972002799718
2025-12-14 22:00:00,12,14,일요일,22,0.8693130686931305
2025-12-14 23:00:00,12,14,일요일,23,0.7658234176582341
2025-12-15 00:00:00,12,15,월요일,0,0.9079492050794916
2025-12-15 01:00:00,12,15,월요일,1,0.5892010798920105
2025-12-15 02:00:00,12,15,월요일,2,0.5119288071192879
2025-12-15 03:00:00,12,15,월요일,3,0.42499750024997485
2025-12-15 04:00:00,12,15,월요일,4,0.5602239776022395
2025-12-15 05:00:00,12,15,월요일,5,0.9852214778522145
2025-12-15 06:00:00,12,15,월요일,6,1.6420357964203574
2025-12-15 07:00:00,12,15,월요일,7,2.318168183181681
2025-12-15 08:00:00,12,15,월요일,8,2.56930306969303
2025-12-15 09:00:00,12,15,월요일,9,2.202259774022597
2025-12-15 10:00:00,12,15,월요일,10,1.8352164783521638
2025-12-15 11:00:00,12,15,월요일,11,1.922147785221477
2025-12-15 12:00:00,12,15,월요일,12,2.028397160283971
2025-12-15 13:00:00,12,15,월요일,13,1.9511248875112481
2025-12-15 14:00:00,12,15,월요일,14,2.0090790920907904
2025-12-15 15:00:00,12,15,월요일,15,2.202259774022597
2025-12-15 16:00:00,12,15,월요일,16,2.395440455954404
2025-12-15 17:00:00,12,15,월요일,17,2.627257274272572
2025-12-15 18:00:00,12,15,월요일,18,2.453394660533946
2025-12-15 19:00:00,12,15,월요일,19,2.0863513648635132
2025-12-15 20:00:00,12,15,월요일,20,1.7482851714828511
2025-12-15 21:00:00,12,15,월요일,21,1.4391960803919603
2025-12-15 22:00:00,12,15,월요일,22,1.2170382961703825
2025-12-15 23:00:00,12,15,월요일,23,1.0721527847215275
2025-12-16 00:00:00,12,16,화요일,0,0.864713528647135
2025-12-16 01:00:00,12,16,화요일,1,0.5611438856114387
2025-12-16 02:00:00,12,16,화요일,2,0.4875512448755123
2025-12-16 03:00:00,12,16,화요일,3,0.40475952404759513
2025-12-16 04:00:00,12,16,화요일,4,0.5335466453354663
2025-12-16 05:00:00,12,16,화요일,5,0.9383061693830616
2025-12-16 06:00:00,12,16,화요일,6,1.5638436156384357
2025-12-16 07:00:00,12,16,화요일,7,2.2077792220777916
2025-12-16 08:00:00,12,16,화요일,8,2.4469553044695527
2025-12-16 09:00:00,12,16,화요일,9,2.097390260973902
2025-12-16 10:00:00,12,16,화요일,10,1.7478252174782516
2025-12-16 11:00:00,12,16,화요일,11,1.8306169383061688
2025-12-16 12:00:00,12,16,화요일,12,1.9318068193180677
2025-12-16 13:00:00,12,16,화요일,13,1.8582141785821413
2025-12-16 14:00:00,12,16,화요일,14,1.913408659134086
2025-12-16 15:00:00,12,16,화요일,15,2.097390260973902
2025-12-16 16:00:00,12,16,화요일,16,2.2813718628137183
2025-12-16 17:00:00,12,16,화요일,17,2.5021497850214973
2025-12-16 18:00:00,12,16,화요일,18,2.336566343365663
2025-12-16 19:00:00,12,16,화요일,19,1.9870012998700126
2025-12-16 20:00:00,12,16,화요일,20,1.6650334966503346
2025-12-16 21:00:00,12,16,화요일,21,1.3706629337066292
2025-12-16 22:00:00,12,16,화요일,22,1.1590840915908407
2025-12-16 23:00:00,12,16,화요일,23,1.0210978902109789
2025-12-17 00:00:00,12,17,수요일,0,0.8820077992200777
2025-12-17 01:00:00,12,17,수요일,1,0.5723667633236674
2025-12-17 02:00:00,12,17,수요일,2,0.49730226977302255
2025-12-17 03:00:00,12,17,수요일,3,0.412854714528547
2025-12-17 04:00:00,12,17,수요일,4,0.5442175782421755
2025-12-17 05:00:00,12,17,수요일,5,0.9570722927707226
2025-12-17 06:00:00,12,17,수요일,6,1.5951204879512042
2025-12-17 07:00:00,12,17,수요일,7,2.251934806519347
2025-12-17 08:00:00,12,17,수요일,8,2.4958944105589436
2025-12-17 09:00:00,12,17,수요일,9,2.1393380661933796
2025-12-17 10:00:00,12,17,수요일,10,1.7827817218278164
2025-12-17 11:00:00,12,17,수요일,11,1.867229277072292
2025-12-17 12:00:00,12,17,수요일,12,1.970442955704429
2025-12-17 13:00:00,12,17,수요일,13,1.895378462153784
2025-12-17 14:00:00,12,17,수요일,14,1.9516768323167675
2025-12-17 15:00:00,12,17,수요일,15,2.1393380661933796
2025-12-17 16:00:00,12,17,수요일,16,2.3269993000699922
2025-12-17 17:00:00,12,17,수요일,17,2.5521927807219273
2025-12-17 18:00:00,12,17,수요일,18,2.383297670232976
2025-12-17 19:00:00,12,17,수요일,19,2.0267413258674125
2025-12-17 20:00:00,12,17,수요일,20,1.6983341665833411
2025-12-17 21:00:00,12,17,수요일,21,1.3980761923807614
2025-12-17 22:00:00,12,17,수요일,22,1.1822657734226574
2025-12-17 23:00:00,12,17,수요일,23,1.0415198480151981
2025-12-18 00:00:00,12,18,목요일,0,0.8906549345065491
2025-12-18 01:00:00,12,18,목요일,1,0.5779782021797819
2025-12-18 02:00:00,12,18,목요일,2,0.5021777822217777
2025-12-18 03:00:00,12,18,목요일,3,0.416902309769023
2025-12-18 04:00:00,12,18,목요일,4,0.5495530446955302
2025-12-18 05:00:00,12,18,목요일,5,0.9664553544645533
2025-12-18 06:00:00,12,18,목요일,6,1.6107589241075888
2025-12-18 07:00:00,12,18,목요일,7,2.2740125987401254
2025-12-18 08:00:00,12,18,목요일,8,2.5203639636036392
2025-12-18 09:00:00,12,18,목요일,9,2.1603119688031187
2025-12-18 10:00:00,12,18,목요일,10,1.800259974002599
2025-12-18 11:00:00,12,18,목요일,11,1.885535446455354
2025-12-18 12:00:00,12,18,목요일,12,1.98976102389761
2025-12-18 13:00:00,12,18,목요일,13,1.9139606039396055
2025-12-18 14:00:00,12,18,목요일,14,1.9708109189081087
2025-12-18 15:00:00,12,18,목요일,15,2.1603119688031187
2025-12-18 16:00:00,12,18,목요일,16,2.34981301869813
2025-12-18 17:00:00,12,18,목요일,17,2.5772142785721424
2025-12-18 18:00:00,12,18,목요일,18,2.406663333666633
2025-12-18 19:00:00,12,18,목요일,19,2.046611338866113
2025-12-18 20:00:00,12,18,목요일,20,1.7149845015498446
2025-12-18 21:00:00,12,18,목요일,21,1.4117828217178279
2025-12-18 22:00:00,12,18,목요일,22,1.1938566143385658
2025-12-18 23:00:00,12,18,목요일,23,1.0517308269173082
2025-12-19 00:00:00,12,19,금요일,0,0.9338906109389059
2025-12-19 01:00:00,12,19,금요일,1,0.6060353964603539
2025-12-19 02:00:00,12,19,금요일,2,0.5265553444655534
2025-12-19 03:00:00,12,19,금요일,3,0.4371402859714028
2025-12-19 04:00:00,12,19,금요일,4,0.5762303769623036
2025-12-19 05:00:00,12,19,금요일,5,1.0133706629337065
2025-12-19 06:00:00,12,19,금요일,6,1.6889511048895107
2025-12-19 07:00:00,12,19,금요일,7,2.384401559844015
2025-12-19 08:00:00,12,19,금요일,8,2.642711728827117
2025-12-19 09:00:00,12,19,금요일,9,2.265181481851814
2025-12-19 10:00:00,12,19,금요일,10,1.8876512348765118
2025-12-19 11:00:00,12,19,금요일,11,1.9770662933706624
2025-12-19 12:00:00,12,19,금요일,12,2.0863513648635132
2025-12-19 13:00:00,12,19,금요일,13,2.0068713128687126
2025-12-19 14:00:00,12,19,금요일,14,2.0664813518648133
2025-12-19 15:00:00,12,19,금요일,15,2.265181481851814
2025-12-19 16:00:00,12,19,금요일,16,2.463881611838816
2025-12-19 17:00:00,12,19,금요일,17,2.7023217678232174
2025-12-19 18:00:00,12,19,금요일,18,2.523491650834916
2025-12-19 19:00:00,12,19,금요일,19,2.145961403859614
2025-12-19 20:00:00,12,19,금요일,20,1.7982361763823616
2025-12-19 21:00:00,12,19,금요일,21,1.4803159684031595
2025-12-19 22:00:00,12,19,금요일,22,1.2518108189181079
2025-12-19 23:00:00,12,19,금요일,23,1.1027857214278571
2025-12-20 00:00:00,12,20,토요일,0,0.7350064993500647
2025-12-20 01:00:00,12,20,토요일,1,0.47697230276972286
2025-12-20 02:00:00,12,20,토요일,2,0.41441855814418543
2025-12-20 03:00:00,12,20,토요일,3,0.3440455954404559
2025-12-20 04:00:00,12,20,토요일,4,0.45351464853514634
2025-12-20 05:00:00,12,20,토요일,5,0.7975602439756022
2025-12-20 06:00:00,12,20,토요일,6,1.3292670732926704
2025-12-20 07:00:00,12,20,토요일,7,1.8766123387661227
2025-12-20 08:00:00,12,20,토요일,8,2.0799120087991194
2025-12-20 09:00:00,12,20,토요일,9,1.7827817218278164
2025-12-20 10:00:00,12,20,토요일,10,1.4856514348565137
2025-12-20 11:00:00,12,20,토요일,11,1.5560243975602435
2025-12-20 12:00:00,12,20,토요일,12,1.6420357964203576
2025-12-20 13:00:00,12,20,토요일,13,1.5794820517948198
2025-12-20 14:00:00,12,20,토요일,14,1.626397360263973
2025-12-20 15:00:00,12,20,토요일,15,1.7827817218278164
2025-12-20 16:00:00,12,20,토요일,16,1.9391660833916602
2025-12-20 17:00:00,12,20,토요일,17,2.1268273172682726
2025-12-20 18:00:00,12,20,토요일,18,1.9860813918608133
2025-12-20 19:00:00,12,20,토요일,19,1.6889511048895107
2025-12-20 20:00:00,12,20,토요일,20,1.4152784721527842
2025-12-20 21:00:00,12,20,토요일,21,1.1650634936506346
2025-12-20 22:00:00,12,20,토요일,22,0.9852214778522145
2025-12-20 23:00:00,12,20,토요일,23,0.8679332066793319
2025-12-21 00:00:00,12,21,일요일,0,0.6485351464853513
2025-12-21 01:00:00,12,21,일요일,1,0.42085791420857904
2025-12-21 02:00:00,12,21,일요일,2,0.3656634336566343
2025-12-21 03:00:00,12,21,일요일,3,0.3035696430356964
2025-12-21 04:00:00,12,21,일요일,4,0.40015998400159974
2025-12-21 05:00:00,12,21,일요일,5,0.7037296270372961
2025-12-21 06:00:00,12,21,일요일,6,1.172882711728827
2025-12-21 07:00:00,12,21,일요일,7,1.6558344165583438
2025-12-21 08:00:00,12,21,일요일,8,1.8352164783521647
2025-12-21 09:00:00,12,21,일요일,9,1.5730426957304264
2025-12-21 10:00:00,12,21,일요일,10,1.3108689131086888
2025-12-21 11:00:00,12,21,일요일,11,1.3729627037296266
2025-12-21 12:00:00,12,21,일요일,12,1.4488551144885509
2025-12-21 13:00:00,12,21,일요일,13,1.393660633936606
2025-12-21 14:00:00,12,21,일요일,14,1.4350564943505646
2025-12-21 15:00:00,12,21,일요일,15,1.5730426957304264
2025-12-21 16:00:00,12,21,일요일,16,1.7110288971102887
2025-12-21 17:00:00,12,21,일요일,17,1.8766123387661233
2025-12-21 18:00:00,12,21,일요일,18,1.7524247575242473
2025-12-21 19:00:00,12,21,일요일,19,1.4902509749025097
2025-12-21 20:00:00,12,21,일요일,20,1.248775122487751
2025-12-21 21:00:00,12,21,일요일,21,1.0279972002799718
2025-12-21 22:00:00,12,21,일요일,22,0.8693130686931305
2025-12-21 23:00:00,12,21,일요일,23,0.7658234176582341
2025-12-22 00:00:00,12,22,월요일,0,0.9079492050794916
2025-12-22 01:00:00,12,22,월요일,1,0.5892010798920105
2025-12-22 02:00:00,12,22,월요일,2,0.5119288071192879
2025-12-22 03:00:00,12,22,월요일,3,0.42499750024997485
2025-12-22 04:00:00,12,22,월요일,4,0.5602239776022395
2025-12-22 05:00:00,12,22,월요일,5,0.9852214778522145
2025-12-22 06:00:00,12,22,월요일,6,1.6420357964203574
2025-12-22 07:00:00,12,22,월요일,7,2.318168183181681
2025-12-22 08:00:00,12,22,월요일,8,2.56930306969303
2025-12-22 09:00:00,12,22,월요일,9,2.202259774022597
2025-12-22 10:00:00,12,22,월요일,10,1.8352164783521638
2025-12-22 11:00:00,12,22,월요일,11,1.922147785221477
2025-12-22 12:00:00,12,22,월요일,12,2.028397160283971
2025-12-22 13:00:00,12,22,월요일,13,1.9511248875112481
2025-12-22 14:00:00,12,22,월요일,14,2.0090790920907904
2025-12-22 15:00:00,12,22,월요일,15,2.202259774022597
2025-12-22 16:00:00,12,22,월요일,16,2.395440455954404
2025-12-22 17:00:00,12,22,월요일,17,2.627257274272572
2025-12-22 18:00:00,12,22,월요일,18,2.453394660533946
2025-12-22 19:00:00,12,22,월요일,19,2.0863513648635132
2025-12-22 20:00:00,12,22,월요일,20,1.7482851714828511
2025-12-22 21:00:00,12,22,월요일,21,1.4391960803919603
2025-12-22 22:00:00,12,22,월요일,22,1.2170382961703825
2025-12-22 23:00:00,12,22,월요일,23,1.0721527847215275
2025-12-23 00:00:00,12,23,화요일,0,0.864713528647135
2025-12-23 01:00:00,12,23,화요일,1,0.5611438856114387
2025-12-23 02:00:00,12,23,화요일,2,0.4875512448755123
2025-12-23 03:00:00,12,23,화요일,3,0.40475952404759513
2025-12-23 04:00:00,12,23,화요일,4,0.5335466453354663
2025-12-23 05:00:00,12,23,화요일,5,0.9383061693830616
2025-12-23 06:00:00,12,23,화요일,6,1.5638436156384357
2025-12-23 07:00:00,12,23,화요일,7,2.2077792220777916
2025-12-23 08:00:00,12,23,화요일,8,2.4469553044695527
2025-12-23 09:00:00,12,23,화요일,9,2.097390260973902
2025-12-23 10:00:00,12,23,화요일,10,1.7478252174782516
2025-12-23 11:00:00,12,23,화요일,11,1.8306169383061688
2025-12-23 12:00:00,12,23,화요일,12,1.9318068193180677
2025-12-23 13:00:00,12,23,화요일,13,1.8582141785821413
2025-12-23 14:00:00,12,23,화요일,14,1.913408659134086
2025-12-23 15:00:00,12,23,화요일,15,2.097390260973902
2025-12-23 16:00:00,12,23,화요일,16,2.2813718628137183
2025-12-23 17:00:00,12,23,화요일,17,2.5021497850214973
2025-12-23 18:00:00,12,23,화요일,18,2.336566343365663
2025-12-23 19:00:00,12,23,화요일,19,1.9870012998700126
2025-12-23 20:00:00,12,23,화요일,20,1.6650334966503346
2025-12-23 21:00:00,12,23,화요일,21,1.3706629337066292
2025-12-23 22:00:00,12,23,화요일,22,1.1590840915908407
2025-12-23 23:00:00,12,23,화요일,23,1.0210978902109789
2025-12-24 00:00:00,12,24,수요일,0,0.8820077992200777
2025-12-24 01:00:00,12,24,수요일,1,0.5723667633236674
2025-12-24 02:00:00,12,24,수요일,2,0.49730226977302255
2025-12-24 03:00:00,12,24,수요일,3,0.412854714528547
2025-12-24 04:00:00,12,24,수요일,4,0.5442175782421755
2025-12-24 05:00:00,12,24,수요일,5,0.9570722927707226
2025-12-24 06:00:00,12,24,수요일,6,1.5951204879512042
2025-12-24 07:00:00,12,24,수요일,7,2.251934806519347
2025-12-24 08:00:00,12,24,수요일,8,2.4958944105589436
2025-12-24 09:00:00,12,24,수요일,9,2.1393380661933796
2025-12-24 10:00:00,12,24,수요일,10,1.7827817218278164
2025-12-24 11:00:00,12,24,수요일,11,1.867229277072292
2025-12-24 12:00:00,12,24,수요일,12,1.970442955704429
2025-12-24 13:00:00,12,24,수요일,13,1.895378462153784
2025-12-24 14:00:00,12,24,수요일,14,1.9516768323167675
2025-12-24 15:00:00,12,24,수요일,15,2.1393380661933796
2025-12-24 16:00:00,12,24,수요일,16,2.3269993000699922
2025-12-24 17:00:00,12,24,수요일,17,2.5521927807219273
2025-12-24 18:00:00,12,24,수요일,18,2.383297670232976
2025-12-24 19:00:00,12,24,수요일,19,2.0267413258674125
2025-12-24 20:00:00,12,24,수요일,20,1.6983341665833411
2025-12-24 21:00:00,12,24,수요일,21,1.3980761923807614
2025-12-24 22:00:00,12,24,수요일,22,1.1822657734226574
2025-12-24 23:00:00,12,24,수요일,23,1.0415198480151981
2025-12-25 00:00:00,12,25,목요일,0,0.8906549345065491
2025-12-25 01:00:00,12,25,목요일,1,0.5779782021797819
2025-12-25 02:00:00,12,25,목요일,2,0.5021777822217777
2025-12-25 03:00:00,12,25,목요일,3,0.416902309769023
2025-12-25 04:00:00,12,25,목요일,4,0.5495530446955302
2025-12-25 05:00:00,12,25,목요일,5,0.9664553544645533
2025-12-25 06:00:00,12,25,목요일,6,1.6107589241075888
2025-12-25 07:00:00,12,25,목요일,7,2.2740125987401254
2025-12-25 08:00:00,12,25,목요일,8,2.5203639636036392
2025-12-25 09:00:00,12,25,목요일,9,2.1603119688031187
2025-12-25 10:00:00,12,25,목요일,10,1.800259974002599
2025-12-25 11:00:00,12,25,목요일,11,1.885535446455354
2025-12-25 12:00:00,12,25,목요일,12,1.98976102389761
2025-12-25 13:00:00,12,25,목요일,13,1.9139606039396055
2025-12-25 14:00:00,12,25,목요일,14,1.9708109189081087
2025-12-25 15:00:00,12,25,목요일,15,2.1603119688031187
2025-12-25 16:00:00,12,25,목요일,16,2.34981301869813
2025-12-25 17:00:00,12,25,목요일,17,2.5772142785721424
2025-12-25 18:00:00,12,25,목요일,18,2.406663333666633
2025-12-25 19:00:00,12,25,목요일,19,2.046611338866113
2025-12-25 20:00:00,12,25,목요일,20,1.7149845015498446
2025-12-25 21:00:00,12,25,목요일,21,1.4117828217178279
2025-12-25 22:00:00,12,25,목요일,22,1.1938566143385658
2025-12-25 23:00:00,12,25,목요일,23,1.0517308269173082
2025-12-26 00:00:00,12,26,금요일,0,0.9338906109389059
2025-12-26 01:00:00,12,26,금요일,1,0.6060353964603539
2025-12-26 02:00:00,12,26,금요일,2,0.5265553444655534
2025-12-26 03:00:00,12,26,금요일,3,0.4371402859714028
2025-12-26 04:00:00,12,26,금요일,4,0.5762303769623036
2025-12-26 05:00:00,12,26,금요일,5,1.0133706629337065
2025-12-26 06:00:00,12,26,금요일,6,1.6889511048895107
2025-12-26 07:00:00,12,26,금요일,7,2.384401559844015
2025-12-26 08:00:00,12,26,금요일,8,2.642711728827117
2025-12-26 09:00:00,12,26,금요일,9,2.265181481851814
2025-12-26 10:00:00,12,26,금요일,10,1.8876512348765118
2025-12-26 11:00:00,12,26,금요일,11,1.9770662933706624
2025-12-26 12:00:00,12,26,금요일,12,2.0863513648635132
2025-12-26 13:00:00,12,26,금요일,13,2.0068713128687126
2025-12-26 14:00:00,12,26,금요일,14,2.0664813518648133
2025-12-26 15:00:00,12,26,금요일,15,2.265181481851814
2025-12-26 16:00:00,12,26,금요일,16,2.463881611838816
2025-12-26 17:00:00,12,26,금요일,17,2.7023217678232174
2025-12-26 18:00:00,12,26,금요일,18,2.523491650834916
2025-12-26 19:00:00,12,26,금요일,19,2.145961403859614
2025-12-26 20:00:00,12,26,금요일,20,1.7982361763823616
2025-12-26 21:00:00,12,26,금요일,21,1.4803159684031595
2025-12-26 22:00:00,12,26,금요일,22,1.2518108189181079
2025-12-26 23:00:00,12,26,금요일,23,1.1027857214278571
2025-12-27 00:00:00,12,27,토요일,0,0.7350064993500647
2025-12-27 01:00:00,12,27,토요일,1,0.47697230276972286
2025-12-27 02:00:00,12,27,토요일,2,0.41441855814418543
2025-12-27 03:00:00,12,27,토요일,3,0.3440455954404559
2025-12-27 04:00:00,12,27,토요일,4,0.45351464853514634
2025-12-27 05:00:00,12,27,토요일,5,0.7975602439756022
2025-12-27 06:00:00,12,27,토요일,6,1.3292670732926704
2025-12-27 07:00:00,12,27,토요일,7,1.8766123387661227
2025-12-27 08:00:00,12,27,토요일,8,2.0799120087991194
2025-12-27 09:00:00,12,27,토요일,9,1.7827817218278164
2025-12-27 10:00:00,12,27,토요일,10,1.4856514348565137
2025-12-27 11:00:00,12,27,토요일,11,1.5560243975602435
2025-12-27 12:00:00,12,27,토요일,12,1.6420357964203576
2025-12-27 13:00:00,12,27,토요일,13,1.5794820517948198
2025-12-27 14:00:00,12,27,토요일,14,1.626397360263973
2025-12-27 15:00:00,12,27,토요일,15,1.7827817218278164
2025-12-27 16:00:00,12,27,토요일,16,1.9391660833916602
2025-12-27 17:00:00,12,27,토요일,17,2.1268273172682726
2025-12-27 18:00:00,12,27,토요일,18,1.9860813918608133
2025-12-27 19:00:00,12,27,토요일,19,1.6889511048895107
2025-12-27 20:00:00,12,27,토요일,20,1.4152784721527842
2025-12-27 21:00:00,12,27,토요일,21,1.1650634936506346
2025-12-27 22:00:00,12,27,토요일,22,0.9852214778522145
2025-12-27 23:00:00,12,27,토요일,23,0.8679332066793319
2025-12-28 00:00:00,12,28,일요일,0,0.6485351464853513
2025-12-28 01:00:00,12,28,일요일,1,0.42085791420857904
2025-12-28 02:00:00,12,28,일요일,2,0.3656634336566343
2025-12-28 03:00:00,12,28,일요일,3,0.3035696430356964
2025-12-28 04:00:00,12,28,일요일,4,0.40015998400159974
2025-12-28 05:00:00,12,28,일요일,5,0.7037296270372961
2025-12-28 06:00:00,12,28,일요일,6,1.172882711728827
2025-12-28 07:00:00,12,28,일요일,7,1.6558344165583438
2025-12-28 08:00:00,12,28,일요일,8,1.8352164783521647
2025-12-28 09:00:00,12,28,일요일,9,1.5730426957304264
2025-12-28 10:00:00,12,28,일요일,10,1.3108689131086888
2025-12-28 11:00:00,12,28,일요일,11,1.3729627037296266
2025-12-28 12:00:00,12,28,일요일,12,1.4488551144885509
2025-12-28 13:00:00,12,28,일요일,13,1.393660633936606
2025-12-28 14:00:00,12,28,일요일,14,1.4350564943505646
2025-12-28 15:00:00,12,28,일요일,15,1.5730426957304264
2025-12-28 16:00:00,12,28,일요일,16,1.7110288971102887
2025-12-28 17:00:00,12,28,일요일,17,1.8766123387661233
2025-12-28 18:00:00,12,28,일요일,18,1.7524247575242473
2025-12-28 19:00:00,12,28,일요일,19,1.4902509749025097
2025-12-28 20:00:00,12,28,일요일,20,1.248775122487751
2025-12-28 21:00:00,12,28,일요일,21,1.0279972002799718
2025-12-28 22:00:00,12,28,일요일,22,0.8693130686931305
2025-12-28 23:00:00,12,28,일요일,23,0.7658234176582341
2025-12-29 00:00:00,12,29,월요일,0,0.9079492050794916
2025-12-29 01:00:00,12,29,월요일,1,0.5892010798920105
2025-12-29 02:00:00,12,29,월요일,2,0.5119288071192879
2025-12-29 03:00:00,12,29,월요일,3,0.42499750024997485
2025-12-29 04:00:00,12,29,월요일,4,0.5602239776022395
2025-12-29 05:00:00,12,29,월요일,5,0.9852214778522145
2025-12-29 06:00:00,12,29,월요일,6,1.6420357964203574
2025-12-29 07:00:00,12,29,월요일,7,2.318168183181681
2025-12-29 08:00:00,12,29,월요일,8,2.56930306969303
2025-12-29 09:00:00,12,29,월요일,9,2.202259774022597
2025-12-29 10:00:00,12,29,월요일,10,1.8352164783521638
2025-12-29 11:00:00,12,29,월요일,11,1.922147785221477
2025-12-29 12:00:00,12,29,월요일,12,2.028397160283971
2025-12-29 13:00:00,12,29,월요일,13,1.9511248875112481
2025-12-29 14:00:00,12,29,월요일,14,2.0090790920907904
2025-12-29 15:00:00,12,29,월요일,15,2.202259774022597
2025-12-29 16:00:00,12,29,월요일,16,2.395440455954404
2025-12-29 17:00:00,12,29,월요일,17,2.627257274272572
2025-12-29 18:00:00,12,29,월요일,18,2.453394660533946
2025-12-29 19:00:00,12,29,월요일,19,2.0863513648635132
2025-12-29 20:00:00,12,29,월요일,20,1.7482851714828511
2025-12-29 21:00:00,12,29,월요일,21,1.4391960803919603
2025-12-29 22:00:00,12,29,월요일,22,1.2170382961703825
2025-12-29 23:00:00,12,29,월요일,23,1.0721527847215275
2025-12-30 00:00:00,12,30,화요일,0,0.864713528647135
2025-12-30 01:00:00,12,30,화요일,1,0.5611438856114387
2025-12-30 02:00:00,12,30,화요일,2,0.4875512448755123
2025-12-30 03:00:00,12,30,화요일,3,0.40475952404759513
2025-12-30 04:00:00,12,30,화요일,4,0.5335466453354663
2025-12-30 05:00:00,12,30,화요일,5,0.9383061693830616
2025-12-30 06:00:00,12,30,화요일,6,1.5638436156384357
2025-12-30 07:00:00,12,30,화요일,7,2.2077792220777916
2025-12-30 08:00:00,12,30,화요일,8,2.4469553044695527
2025-12-30 09:00:00,12,30,화요일,9,2.097390260973902
2025-12-30 10:00:00,12,30,화요일,10,1.7478252174782516
2025-12-30 11:00:00,12,30,화요일,11,1.8306169383061688
2025-12-30 12:00:00,12,30,화요일,12,1.9318068193180677
2025-12-30 13:00:00,12,30,화요일,13,1.8582141785821413
2025-12-30 14:00:00,12,30,화요일,14,1.913408659134086
2025-12-30 15:00:00,12,30,화요일,15,2.097390260973902
2025-12-30 16:00:00,12,30,화요일,16,2.2813718628137183
2025-12-30 17:00:00,12,30,화요일,17,2.5021497850214973
2025-12-30 18:00:00,12,30,화요일,18,2.336566343365663
2025-12-30 19:00:00,12,30,화요일,19,1.9870012998700126
2025-12-30 20:00:00,12,30,화요일,20,1.6650334966503346
2025-12-30 21:00:00,12,30,화요일,21,1.3706629337066292
2025-12-30 22:00:00,12,30,화요일,22,1.1590840915908407
2025-12-30 23:00:00,12,30,화요일,23,1.0210978902109789
2025-12-31 00:00:00,12,31,수요일,0,0.8820077992200777
2025-12-31 01:00:00,12,31,수요일,1,0.5723667633236674
2025-12-31 02:00:00,12,31,수요일,2,0.49730226977302255
2025-12-31 03:00:00,12,31,수요일,3,0.412854714528547
2025-12-31 04:00:00,12,31,수요일,4,0.5442175782421755
2025-12-31 05:00:00,12,31,수요일,5,0.9570722927707226
2025-12-31 06:00:00,12,31,수요일,6,1.5951204879512042
2025-12-31 07:00:00,12,31,수요일,7,2.251934806519347
2025-12-31 08:00:00,12,31,수요일,8,2.4958944105589436
2025-12-31 09:00:00,12,31,수요일,9,2.1393380661933796
2025-12-31 10:00:00,12,31,수요일,10,1.7827817218278164
2025-12-31 11:00:00,12,31,수요일,11,1.867229277072292
2025-12-31 12:00:00,12,31,수요일,12,1.970442955704429
2025-12-31 13:00:00,12,31,수요일,13,1.895378462153784
2025-12-31 14:00:00,12,31,수요일,14,1.9516768323167675
2025-12-31 15:00:00,12,31,수요일,15,2.1393380661933796
2025-12-31 16:00:00,12,31,수요일,16,2.3269993000699922
2025-12-31 17:00:00,12,31,수요일,17,2.5521927807219273
2025-12-31 18:00:00,12,31,수요일,18,2.383297670232976
2025-12-31 19:00:00,12,31,수요일,19,2.0267413258674125
2025-12-31 20:00:00,12,31,수요일,20,1.6983341665833411
2025-12-31 21:00:00,12,31,수요일,21,1.3980761923807614
2025-12-31 22:00:00,12,31,수요일,22,1.1822657734226574
2025-12-31 23:00:00,12,31,수요일,23,1.0415198480151981
