final_energy,technology,supply_MWh
수소,수소,5214246.575438449
열,열,173945260.2816576
