final_energy,technology,supply_MWh
수소,전해조,5379666.132343138
열,CHP,14329559.553151067
열,기타,152742891.25749823
열,열,6972105.4704144
