final_energy,technology,supply_MWh
수소,전해조,594.6264709734465
열,기타,19868.05811366654
전력,태양광,522428.6504027575
전력,풍력,81880.64624412492
