final_energy,technology,supply_MWh
수소,수소,5214246.575438449
열,열,138685369.7829312
